claim_id,policy_id,customer_id,policy_type,region,provider_id,customer_age,policy_start_date,incident_date,claim_date,settlement_date,incident_type,claim_status,rejection_reason,premium_amount,claim_amount,approved_amount,previous_claims
CLM100000,POL10357,CUS20692,Motor,East,PRV-23,62,2024-05-23,2025-01-30,2025-02-09,,Glass Damage,Rejected,Suspected Misrepresentation,6877.61,53087.09,0.0,0
CLM100001,POL13095,CUS20118,Health,South,PRV-18,23,2024-08-03,2024-12-18,2024-12-26,2025-02-15,Diagnostic,Settled,,7435.47,124374.94,89674.6,0
CLM100002,POL12618,CUS22195,Home,West,PRV-28,59,2025-06-17,2026-01-11,2026-01-13,2026-03-21,Water Damage,Settled,,8233.99,63916.32,57532.13,0
CLM100003,POL11755,CUS22390,Motor,South,PRV-29,40,2024-03-04,2024-12-17,2024-12-28,,Collision,Rejected,Coverage Limit,800.0,12586.63,0.0,0
CLM100004,POL11732,CUS22704,Motor,North,,48,2024-03-08,2024-03-23,2024-04-03,,Collision,Rejected,Policy Exclusion,4654.34,34065.27,0.0,1
CLM100005,POL13434,CUS23326,Health,West,PRV-03,24,2024-07-06,2024-08-08,2024-08-08,2024-09-30,Hospitalization,Settled,,1897.37,15603.72,13994.72,1
CLM100006,POL10343,CUS21740,Home,North,PRV-01,40,2025-01-08,2025-10-11,2025-10-11,2025-11-22,Water Damage,Settled,,2893.97,56767.91,34450.24,0
CLM100007,POL12789,CUS22902,Health,East,PRV-19,36,2025-05-15,2025-11-01,2025-11-03,,Emergency,Pending,,3165.49,70184.27,0.0,0
CLM100008,POL10805,CUS22507,Health,South,PRV-11,57,2024-12-14,2025-06-17,2025-06-26,,Hospitalization,Approved,,10009.57,82653.38,60677.42,0
CLM100009,POL10376,CUS20970,Health,West,PRV-07,59,2024-11-01,2025-02-12,2025-02-19,2025-04-01,Diagnostic,Settled,,3585.62,74355.15,62838.26,1
CLM100010,POL12105,CUS22957,Motor,West,PRV-03,26,2025-06-23,2026-02-26,2026-03-04,,Theft,Rejected,Policy Exclusion,6328.39,51132.71,0.0,2
CLM100011,POL13902,CUS20186,Health,East,PRV-08,68,2024-04-16,2024-10-27,2024-10-31,2025-01-12,Hospitalization,Settled,,34255.42,190463.18,132457.71,1
CLM100012,POL12943,CUS22096,Motor,West,PRV-19,71,2025-07-13,2025-09-29,2025-10-04,2025-11-09,Third Party,Settled,,1393.6,28765.77,26975.77,0
CLM100013,POL13044,CUS23291,Home,West,PRV-24,23,2024-07-12,2025-01-22,2025-01-29,,Theft,Pending,,2706.41,26777.19,0.0,0
CLM100014,POL12869,CUS22306,Motor,West,PRV-26,66,2024-06-20,2024-06-22,2024-06-22,,Glass Damage,Rejected,Policy Exclusion,8399.15,49799.14,0.0,1
CLM100015,POL13144,CUS23279,Motor,Central,PRV-20,64,2025-08-14,2025-10-25,2025-11-01,,Third Party,Approved,,14631.42,85781.9,48028.48,2
CLM100016,POL12052,CUS20196,Health,West,PRV-03,61,2025-02-04,2025-04-06,2025-04-08,2025-06-21,Surgery,Settled,,1777.24,51534.16,46859.2,1
CLM100017,POL10512,CUS21863,Health,East,PRV-22,75,2024-09-24,2025-05-17,2025-05-26,2025-07-14,Emergency,Settled,,10123.61,66954.56,59778.15,0
CLM100018,POL13358,CUS22732,Health,North,PRV-13,73,2024-07-23,2025-02-28,2025-03-02,2025-04-27,Hospitalization,Settled,,2546.21,38706.9,25785.22,0
CLM100019,POL11801,CUS22248,Health,West,PRV-04,39,2024-09-30,2024-10-28,2024-10-28,2024-12-18,Diagnostic,Settled,,4342.23,30582.27,19939.15,1
CLM100020,POL12001,CUS23081,Travel,North,PRV-21,72,2025-05-05,2026-02-01,2026-02-06,2026-03-15,Delay,Settled,,800.0,6994.12,3956.47,2
CLM100021,POL11483,CUS21619,Home,South,PRV-29,27,2024-04-04,2024-12-05,2024-12-10,2025-02-18,Fire,Settled,,800.0,12109.15,11139.58,1
CLM100022,POL10730,CUS22389,Home,East,PRV-28,29,2024-04-18,2024-08-27,2024-09-02,,Storm,Pending,,10073.78,100128.79,0.0,1
CLM100023,POL13707,CUS21469,Health,North,PRV-24,60,2024-07-07,2024-09-09,2024-09-19,2024-10-17,Hospitalization,Settled,,8889.42,157647.88,87830.21,1
CLM100024,POL13126,CUS23052,Health,East,PRV-07,69,2024-10-25,2025-02-28,2025-03-08,,Surgery,Pending,,7851.44,83856.69,0.0,0
CLM100025,POL12575,CUS20418,Health,East,PRV-15,29,2025-05-20,2025-11-13,2025-11-17,2025-12-26,Surgery,Settled,,8994.96,100814.54,93137.3,0
CLM100026,POL11609,CUS20889,Health,East,PRV-16,63,2024-05-10,2024-11-15,2024-11-23,,Hospitalization,Approved,,8961.27,51374.82,42176.39,3
CLM100027,POL13291,CUS20338,Motor,East,PRV-13,63,2025-05-02,2025-08-14,2025-08-20,2025-10-06,Third Party,Settled,,2016.54,18115.03,16939.41,1
CLM100028,POL12181,CUS22457,Health,West,PRV-01,43,2025-07-16,2025-08-16,2025-08-18,,Surgery,Rejected,Coverage Limit,6359.62,47262.14,0.0,1
CLM100029,POL11773,CUS20814,Motor,Central,PRV-18,68,2024-09-27,2025-03-29,2025-03-29,,Third Party,Pending,,3966.74,70531.33,0.0,4
CLM100030,POL11801,CUS21109,Motor,Central,PRV-12,48,2025-08-18,2026-03-17,2026-03-17,2026-04-19,Theft,Settled,,5634.1,31371.08,20182.42,0
CLM100031,POL10908,CUS22928,Home,East,PRV-11,49,2025-07-08,2025-09-26,2025-09-28,2025-10-03,Theft,Settled,,2140.87,20457.04,14045.46,1
CLM100032,POL10368,CUS21260,Motor,Central,PRV-11,50,2025-05-09,2025-11-17,2025-11-26,2026-01-25,Glass Damage,Settled,,1464.16,35465.01,34285.37,1
CLM100033,POL12218,CUS20510,Health,South,PRV-23,52,2024-08-23,2025-02-10,2025-02-15,,Diagnostic,Rejected,Coverage Limit,5024.02,41386.45,0.0,0
CLM100034,POL13551,CUS20073,Health,North,PRV-06,48,2024-07-05,2024-12-02,2024-12-07,2025-02-01,Hospitalization,Settled,,6041.75,77735.49,63575.05,1
CLM100035,POL10255,CUS20793,Motor,South,PRV-17,70,2025-06-19,2025-06-22,2025-06-26,2025-07-11,Theft,Settled,,2036.99,27493.47,19378.58,0
CLM100036,POL13433,CUS23201,Home,North,PRV-05,42,2024-09-30,2024-12-31,2025-01-03,,Water Damage,Rejected,Policy Exclusion,2737.5,35298.52,0.0,1
CLM100037,POL13310,CUS21920,Motor,West,PRV-29,33,2024-01-20,2024-05-11,2024-05-19,2024-06-07,Collision,Settled,,2871.51,29432.55,20312.11,0
CLM100038,POL11107,CUS23481,Home,North,PRV-12,54,2025-03-20,2025-11-25,2025-11-25,,Fire,Approved,,23740.47,324905.67,243217.42,0
CLM100039,POL12526,CUS20752,Home,South,PRV-28,45,2024-08-03,2025-04-08,2025-04-15,2025-06-06,Fire,Settled,,8350.54,56883.18,33430.19,2
CLM100040,POL10660,CUS21230,Motor,South,PRV-02,65,2025-08-03,2026-04-22,2026-05-03,,Glass Damage,Approved,,2199.59,38695.24,37318.61,1
CLM100041,POL13032,CUS20571,Motor,East,PRV-22,68,2025-06-14,2025-10-31,2025-11-10,2025-11-27,Theft,Settled,,1322.0,25774.63,24684.72,0
CLM100042,POL12802,CUS21394,Motor,Central,PRV-28,73,2024-03-05,2024-06-11,2024-06-15,2024-07-18,Glass Damage,Settled,,800.0,10792.13,9841.23,1
CLM100043,POL11418,CUS21971,Health,West,PRV-05,67,2025-07-12,2025-12-09,2025-12-19,,Diagnostic,Pending,,4640.1,50681.53,0.0,2
CLM100044,POL10271,CUS22828,Motor,Central,PRV-29,56,2025-08-11,2026-04-05,2026-04-07,,Third Party,Approved,,1330.5,28349.87,23281.86,0
CLM100045,POL13882,CUS21288,Travel,West,PRV-29,44,2025-04-13,2025-10-16,2025-10-18,,Delay,Approved,,800.0,11348.58,6678.17,2
CLM100046,POL11782,CUS22700,Motor,East,PRV-26,72,2024-06-19,2024-12-16,2024-12-20,,Third Party,Approved,,1896.91,25578.32,14880.6,1
CLM100047,,CUS22191,Home,Central,PRV-22,40,2025-02-19,2025-06-29,2025-06-29,2025-08-17,Fire,Settled,,23369.81,132029.47,119319.8,0
CLM100048,POL12711,CUS21021,Motor,North,PRV-01,73,2025-06-22,2026-01-17,2026-01-20,2026-04-03,Theft,Settled,,2822.61,89217.08,69829.09,0
CLM100049,POL13113,CUS23192,Travel,West,PRV-04,74,2025-05-20,2026-02-04,2026-02-14,,Lost Baggage,Approved,,800.0,8413.27,5676.03,0
CLM100050,POL13039,CUS21519,Motor,East,PRV-11,55,2024-09-24,2025-04-12,2025-04-21,,Collision,Pending,,4136.3,35211.46,0.0,0
CLM100051,POL10778,CUS20528,Health,East,PRV-24,74,2025-03-14,2025-07-13,2025-07-16,,Hospitalization,Rejected,Late Notification,1874.99,17911.33,0.0,1
CLM100052,POL11455,CUS23369,Health,East,PRV-14,34,2024-08-27,2025-05-06,2025-05-09,2025-07-21,Hospitalization,Settled,,9348.91,204809.93,121557.36,0
CLM100053,POL11866,CUS23197,Motor,Central,PRV-02,21,2024-06-06,2025-03-15,2025-03-19,,Third Party,Rejected,Insufficient Documents,7603.17,46301.86,0.0,2
CLM100054,POL11991,CUS20173,Home,East,PRV-10,48,2025-02-21,2025-10-18,2025-10-19,2025-11-19,Water Damage,Settled,,14596.32,111282.33,95267.71,1
CLM100055,POL10175,CUS23158,Motor,East,PRV-26,36,2024-10-16,2025-07-06,2025-07-07,2025-07-30,Collision,Settled,,5914.52,56759.77,47132.97,1
CLM100056,POL12186,CUS23315,Health,Central,PRV-25,70,2024-05-19,2024-08-07,2024-08-18,,Diagnostic,Rejected,Late Notification,3422.53,30678.92,0.0,0
CLM100057,POL10617,CUS22901,Health,Central,PRV-25,56,2025-02-13,2025-06-19,2025-06-27,,Diagnostic,Rejected,Policy Exclusion,12426.9,83164.32,0.0,0
CLM100058,POL12973,CUS20892,Health,West,PRV-21,25,2024-07-18,2024-10-01,2024-10-09,2024-12-20,Diagnostic,Settled,,800.0,7445.83,5222.36,0
CLM100059,POL12732,CUS22209,Motor,South,PRV-06,53,2024-12-30,2025-04-19,2025-04-22,2025-05-26,Collision,Settled,,2860.72,16830.26,10548.74,2
CLM100060,POL13690,CUS21883,Motor,North,PRV-06,61,2024-08-12,2025-03-20,2025-03-30,,Glass Damage,Approved,,1831.91,39064.0,32332.57,0
CLM100061,POL12979,CUS22170,Motor,North,PRV-30,40,2025-07-02,2026-01-21,2026-01-23,,Collision,Pending,,1976.76,20011.34,0.0,1
CLM100062,POL11466,CUS22157,Motor,West,PRV-03,72,2025-06-11,2025-06-12,2025-06-23,2025-06-29,Third Party,Settled,,3326.81,49552.28,44011.62,1
CLM100063,POL13870,CUS22237,Motor,South,PRV-24,60,2024-10-20,2025-06-03,2025-06-09,,Third Party,Rejected,Policy Exclusion,4852.24,37387.67,0.0,1
CLM100064,POL11643,CUS21799,Travel,Central,PRV-18,59,2025-03-16,2025-05-13,2025-05-16,,Medical,Rejected,Policy Exclusion,4001.11,25652.31,0.0,1
CLM100065,POL11303,CUS22416,Health,South,PRV-02,36,2024-04-20,2024-06-15,2024-06-24,,Surgery,Pending,,2287.92,18676.75,0.0,1
CLM100066,POL13622,CUS21843,Health,Central,PRV-26,72,2025-09-10,2026-02-20,2026-02-25,,Hospitalization,Approved,,1477.47,-23231.86,12998.42,1
CLM100067,POL11481,CUS20057,Motor,East,PRV-28,57,2024-05-13,2024-07-25,2024-07-28,2024-09-15,Theft,Settled,,11251.3,76587.98,42838.36,1
CLM100068,POL10305,CUS20123,Motor,South,PRV-20,59,2025-06-21,2026-04-05,2026-04-13,2026-04-22,Third Party,Settled,,3462.22,20199.76,13399.73,2
CLM100069,POL11878,CUS23353,Health,Central,PRV-30,64,2025-06-08,2025-07-22,2025-07-30,2025-08-04,Surgery,Settled,,2831.8,52297.15,31274.5,0
CLM100070,POL13182,CUS23182,Motor,North,PRV-08,75,2024-04-20,2024-06-05,2024-06-12,2024-06-20,Third Party,Settled,,8780.46,129073.88,102745.79,1
CLM100071,POL10757,CUS22049,Motor,Central,PRV-29,57,2024-01-06,2024-08-21,2024-08-26,,Glass Damage,Rejected,Insufficient Documents,3949.2,36085.66,0.0,0
CLM100072,POL11851,CUS20611,Health,West,PRV-17,73,2025-04-01,2025-06-26,2025-06-29,,Hospitalization,Pending,,6752.63,47902.62,0.0,1
CLM100073,POL10519,CUS22735,Health,Central,PRV-20,32,2025-06-22,2026-01-22,2026-01-26,,Surgery,Rejected,Suspected Misrepresentation,2644.02,53906.88,0.0,0
CLM100074,POL12745,CUS20501,Travel,Central,PRV-16,54,2025-03-20,2025-10-10,2025-10-20,2025-12-06,Medical,Settled,,824.91,21940.46,17304.62,0
CLM100075,POL11902,CUS21320,Motor,South,PRV-27,44,2024-02-04,2024-04-01,2024-04-05,,Third Party,Approved,,12738.32,110725.8,78468.87,0
CLM100076,POL11320,CUS21154,Health,South,PRV-24,52,2025-02-04,2025-07-28,2025-08-08,,Hospitalization,Rejected,,17466.21,116765.22,0.0,0
CLM100077,POL10907,CUS20043,Motor,North,PRV-25,69,2024-08-30,2025-02-07,2025-02-08,,Glass Damage,Approved,,5416.5,72564.14,51481.7,1
CLM100078,POL12257,CUS22824,Motor,West,PRV-13,70,2025-07-21,2025-08-19,2025-08-20,,Theft,Approved,,4346.29,37006.15,20364.19,0
CLM100079,POL12679,CUS21784,Health,North,PRV-29,22,2025-05-11,2025-12-26,2025-12-29,2026-02-18,Diagnostic,Settled,,11912.53,79143.71,72927.3,1
CLM100080,POL13761,CUS21106,Motor,Central,PRV-22,62,2025-05-10,2026-01-22,2026-01-22,2026-03-01,Collision,Settled,,800.0,23292.72,16623.49,1
CLM100081,POL11748,CUS21775,Health,East,PRV-11,73,2024-09-09,2025-06-20,2025-06-30,2025-07-27,Surgery,Settled,,12548.49,156027.98,132569.72,1
CLM100082,POL10642,CUS20000,Health,West,PRV-08,52,2024-07-18,2024-08-14,2024-08-18,,Hospitalization,Rejected,Coverage Limit,1941.55,25722.79,0.0,1
CLM100083,POL13330,CUS21529,Motor,North,PRV-24,53,2025-05-24,2025-07-17,2025-07-18,,Third Party,Pending,,11140.52,80460.99,0.0,0
CLM100084,POL12519,CUS21818,Travel,West,PRV-01,59,2024-03-12,2024-11-14,2024-11-21,2025-01-22,Medical,Settled,,6510.23,50104.6,40834.21,0
CLM100085,POL12801,CUS21189,Health,South,PRV-27,74,2024-03-03,2024-06-02,2024-06-13,2024-08-07,Hospitalization,Settled,,11767.54,76402.16,56757.55,1
CLM100086,POL10388,CUS22906,Home,West,PRV-24,22,2024-02-08,2024-08-14,2024-08-25,2024-09-28,Theft,Settled,,6553.2,58356.19,42795.6,0
CLM100087,POL11249,CUS20874,Health,South,PRV-18,64,2024-11-13,2025-02-26,2025-02-27,,Diagnostic,Approved,,1689.48,26322.73,18101.56,0
CLM100088,POL13071,CUS20482,Travel,East,PRV-30,73,2024-02-16,2024-04-22,2024-05-01,2024-05-25,Trip Cancellation,Settled,,916.89,9654.93,5619.72,1
CLM100089,POL13329,CUS21846,Motor,West,PRV-09,19,2024-12-27,2025-07-02,2025-07-06,,Theft,Approved,,1553.53,17375.81,12289.21,2
CLM100090,POL11740,CUS23105,Health,South,PRV-30,42,2024-04-13,2024-06-14,2024-06-24,,Surgery,Pending,,4512.05,34664.81,0.0,0
CLM100091,POL13219,CUS21313,Home,North,PRV-05,58,2025-07-06,2025-08-16,2025-08-23,2025-09-09,Storm,Settled,,8074.21,46647.86,28463.59,1
CLM100092,POL13366,CUS20163,Motor,South,PRV-23,23,2024-09-25,2025-03-03,2025-03-11,2025-04-25,Theft,Settled,,2952.87,29931.14,28692.58,1
CLM100093,POL11549,CUS23394,Motor,South,PRV-07,29,2024-02-28,2024-04-26,2024-05-06,,Glass Damage,Rejected,Suspected Misrepresentation,4093.91,32536.15,0.0,1
CLM100094,POL13592,CUS21555,Travel,West,PRV-21,39,2025-03-06,2025-05-03,2025-05-13,2025-05-20,Medical,Settled,,949.08,16752.08,10900.63,0
CLM100095,POL11153,CUS20605,Health,North,PRV-11,72,2024-07-28,2025-03-19,2025-03-20,,Hospitalization,Rejected,Insufficient Documents,5574.5,47990.14,0.0,1
CLM100096,POL10958,CUS22154,Health,Central,PRV-12,47,2024-06-11,2024-11-17,2024-11-25,,Surgery,Approved,,3389.25,24337.21,22403.9,0
CLM100097,POL12729,CUS21118,Health,Central,PRV-08,69,2025-02-12,2025-07-25,2025-07-26,2025-10-07,Hospitalization,Settled,,4703.15,32533.84,24829.35,2
CLM100098,POL12547,CUS23282,Home,East,PRV-28,75,2025-08-15,2025-09-27,2025-10-08,2025-11-07,Theft,Settled,,30898.19,175514.19,143021.98,0
CLM100099,POL10559,CUS21028,Home,South,PRV-17,53,2025-08-30,2025-10-17,2025-10-24,,Water Damage,Rejected,Policy Exclusion,13960.81,78372.27,0.0,1
CLM100100,POL13330,CUS21925,Health,North,PRV-15,52,2024-09-27,2025-01-22,2025-01-24,2025-02-01,Surgery,Settled,,6586.59,61373.76,60112.58,2
CLM100101,POL10799,CUS21901,Motor,East,PRV-09,58,2025-06-09,2025-10-04,2025-10-07,,Third Party,Approved,,5328.33,33492.65,28129.6,0
CLM100102,POL13219,CUS20848,Motor,South,PRV-22,20,2024-05-09,2024-09-22,2024-10-02,2024-10-23,Collision,Settled,,5260.75,37424.63,22797.58,1
CLM100103,POL10029,CUS21747,Health,East,PRV-08,35,2025-06-08,2025-07-19,2025-07-26,2025-09-11,Surgery,Settled,,16262.08,149619.1,131873.19,1
CLM100104,POL13187,CUS20381,Home,West,PRV-18,22,2025-08-07,2026-05-03,2026-05-05,2026-06-20,Storm,Settled,,2299.56,66634.14,40480.07,1
CLM100105,POL13147,CUS22253,Health,South,PRV-11,26,2024-11-16,2025-03-05,2025-03-14,2025-04-09,Diagnostic,Settled,,10035.15,56839.44,41578.71,2
CLM100106,POL13121,CUS22654,Motor,Central,PRV-27,41,2024-11-20,2025-07-23,2025-07-31,,Third Party,Pending,,4639.18,26542.37,0.0,2
CLM100107,POL12659,CUS23325,Motor,North,PRV-10,71,2024-12-15,2025-04-14,2025-04-14,2025-05-19,Third Party,Settled,,4254.73,39497.53,34563.72,0
CLM100108,POL11886,CUS21140,Health,Central,PRV-21,68,2024-02-15,2024-07-06,2024-07-09,2024-07-30,Surgery,Settled,,2502.36,30641.64,30591.0,1
CLM100109,POL12820,CUS20998,Home,Central,PRV-06,40,2025-06-16,2025-07-20,2025-07-30,,Storm,Approved,,6061.15,129601.1,92945.96,1
CLM100110,POL11108,CUS21920,Motor,North,PRV-10,38,2025-04-02,2025-10-22,2025-10-26,,Glass Damage,Approved,,800.0,17770.0,15177.03,0
CLM100111,POL13122,CUS22424,Health,East,PRV-16,74,2025-06-23,2025-07-11,2025-07-11,,Surgery,Pending,,8524.63,56637.93,0.0,0
CLM100112,POL12222,CUS23473,Home,South,PRV-28,75,2024-03-12,2024-10-22,2024-10-29,2024-11-10,Storm,Settled,,1752.92,19175.19,12135.69,1
CLM100113,POL11835,CUS20087,Travel,East,PRV-13,50,2025-05-12,2026-01-31,2026-02-10,,Medical,Rejected,Policy Exclusion,1345.27,11756.83,0.0,1
CLM100114,POL12022,CUS20834,Motor,Central,PRV-06,18,2024-08-12,2024-11-29,2024-12-05,2025-01-03,Theft,Settled,,6060.8,80572.64,76200.62,3
CLM100115,POL12274,CUS20918,Travel,West,PRV-27,40,2025-05-22,2026-02-12,2026-02-23,,Trip Cancellation,Rejected,Coverage Limit,1183.55,9693.37,0.0,2
CLM100116,POL10149,CUS20893,Health,South,PRV-07,49,2025-09-08,2026-04-05,2026-04-06,2026-04-19,Diagnostic,Settled,,8703.98,60521.93,46353.71,1
CLM100117,POL10559,CUS21623,Home,South,PRV-07,60,2025-06-29,2025-06-30,2025-07-08,,Theft,Rejected,Suspected Misrepresentation,1486.85,9069.84,0.0,2
CLM100118,POL10981,CUS23055,Motor,North,PRV-11,74,2025-07-21,2025-09-20,2025-09-27,2025-11-20,Theft,Settled,,10772.55,103172.88,94205.28,1
CLM100119,POL10458,CUS20108,Health,Central,PRV-25,55,2024-03-11,2024-09-19,2024-09-30,2024-10-12,Surgery,Settled,,8164.09,108814.23,70878.8,1
CLM100120,POL11758,CUS22855,Health,South,PRV-12,46,2024-07-22,2025-02-17,2025-02-23,2025-04-16,Diagnostic,Settled,,5859.73,141127.16,87978.19,0
CLM100121,POL12673,CUS22161,Motor,Central,PRV-29,47,2024-06-30,2024-07-29,2024-08-07,,Theft,Approved,,6813.24,43093.97,36330.63,2
CLM100122,POL12617,CUS22153,Health,East,PRV-25,47,2024-11-14,2025-06-07,2025-06-08,2025-07-04,Surgery,Settled,,2260.31,14302.6,8089.02,0
CLM100123,POL11884,CUS22374,Health,North,PRV-25,53,2025-08-28,2026-04-28,2026-04-28,,Surgery,Pending,,4150.44,50000.78,0.0,2
CLM100124,POL13420,CUS20403,Health,Central,PRV-14,36,2025-03-01,2025-03-29,2025-04-06,2025-05-18,Emergency,Settled,,3497.61,57254.24,39272.58,0
CLM100125,POL12260,CUS22613,Motor,Central,PRV-25,29,2024-12-03,2025-08-23,2025-08-23,,Third Party,Approved,,6096.71,46536.72,27919.28,0
CLM100126,POL10316,CUS20868,Health,North,PRV-27,64,2025-05-14,2025-10-21,2025-10-31,,Hospitalization,Rejected,Coverage Limit,17483.38,121836.28,0.0,0
CLM100127,POL13059,CUS21808,Motor,East,PRV-12,60,2024-04-19,2024-10-21,2024-10-21,2024-12-23,Glass Damage,Settled,,2294.08,16590.92,10789.1,0
CLM100128,POL12298,CUS22369,Travel,West,PRV-10,71,2025-02-13,2025-03-01,2025-03-09,2025-04-22,Lost Baggage,Settled,,800.0,12354.14,9026.45,0
CLM100129,POL12538,CUS22113,Travel,North,PRV-04,58,2024-11-07,2025-05-10,2025-05-15,2025-06-19,Trip Cancellation,Settled,,2856.23,16079.26,11838.2,2
CLM100130,POL12261,CUS21130,Motor,South,PRV-12,42,2024-05-06,2024-09-19,2024-09-26,2024-11-24,Third Party,Settled,,9257.1,82890.94,76185.42,0
CLM100131,POL12214,CUS21386,Motor,Central,PRV-15,69,2025-02-04,2025-05-27,2025-06-03,,Collision,Rejected,Late Notification,3545.29,29239.05,0.0,1
CLM100132,POL10362,CUS21667,Motor,East,PRV-23,70,2025-06-05,2026-01-25,2026-01-30,2026-03-22,Collision,Settled,,1747.59,47490.73,39651.89,0
CLM100133,POL12236,CUS20144,Health,West,PRV-17,56,2025-05-28,2025-08-11,2025-08-16,,Surgery,Approved,,2765.76,87054.45,87001.29,0
CLM100134,POL13179,CUS22541,Home,West,PRV-08,26,2025-06-06,2025-06-24,2025-06-30,,Storm,Approved,,974.5,19908.09,16318.84,1
CLM100135,POL11215,CUS20349,Health,Central,PRV-09,70,2025-05-18,2025-10-15,2025-10-23,,Surgery,Pending,,2396.98,27039.66,0.0,2
CLM100136,POL12411,CUS21605,Motor,East,PRV-04,57,2024-10-17,2025-05-28,2025-06-05,,Theft,Approved,,3378.87,19677.09,13330.62,2
CLM100137,POL10123,CUS22292,Motor,West,PRV-07,32,2024-01-31,2024-03-11,2024-03-16,,Glass Damage,Approved,,5338.52,38350.54,30327.78,0
CLM100138,POL11389,CUS20281,Motor,West,PRV-05,35,2025-08-21,2026-06-12,2026-06-16,,Glass Damage,Approved,,3296.07,18323.25,12735.31,0
CLM100139,POL11746,CUS23484,Home,East,PRV-24,24,2024-10-08,2025-04-27,2025-04-27,,Water Damage,Approved,,5024.55,38070.17,29788.01,1
CLM100140,POL13930,CUS21320,Health,South,PRV-07,24,2025-01-27,2025-11-03,2025-11-12,2025-12-01,Hospitalization,Settled,,1552.32,34523.78,27427.42,4
CLM100141,POL10858,CUS20055,Health,North,PRV-02,40,2024-01-13,2024-06-02,2024-06-04,,Diagnostic,Pending,,12874.82,95955.82,0.0,2
CLM100142,POL11106,CUS22305,Motor,North,PRV-19,53,2025-07-04,2025-08-10,2025-08-15,2025-08-30,Third Party,Settled,,2143.89,16988.13,14105.69,0
CLM100143,POL11634,CUS21951,Travel,Central,PRV-17,53,2025-07-04,2025-08-27,2025-09-07,2025-09-29,Delay,Settled,,1044.73,6411.49,6867.275073219449,0
CLM100144,POL13970,CUS22241,Motor,North,PRV-02,49,2025-07-29,2025-12-26,2026-01-04,2026-02-03,Glass Damage,Settled,,1547.28,13859.98,8984.57,0
CLM100145,POL13413,CUS22628,Home,West,PRV-21,52,2024-04-17,2024-10-10,2024-10-14,,Theft,Approved,,952.38,14249.45,10550.94,2
CLM100146,POL10138,CUS21664,Home,West,PRV-20,50,2025-06-06,2026-01-12,2026-01-17,,Fire,Rejected,Policy Exclusion,55061.3,393554.82,0.0,2
CLM100147,POL10935,CUS22893,Health,Central,PRV-29,54,2025-01-22,2025-09-17,2025-09-20,,Hospitalization,Pending,,10907.73,76272.16,0.0,3
CLM100148,POL13286,CUS21295,Home,North,PRV-23,60,2024-03-31,2024-11-15,2024-11-22,,Theft,Pending,,18932.26,176720.83,0.0,0
CLM100149,POL10233,CUS21908,Motor,East,PRV-24,68,2024-12-19,2025-06-14,2025-06-15,,Third Party,Approved,,2177.6,49240.24,28499.5,0
CLM100150,POL13422,CUS20554,Health,South,PRV-23,45,2024-10-22,2024-10-28,2024-11-08,,Surgery,Rejected,Late Notification,1838.61,19970.53,0.0,2
CLM100151,POL11125,CUS22169,Motor,South,PRV-20,54,2025-01-22,2025-06-30,2025-07-11,2025-08-18,Theft,Settled,,7900.58,50648.5,37978.01,1
CLM100152,POL13670,CUS20915,Health,West,PRV-19,40,2024-02-21,2024-10-24,2024-10-27,2024-11-25,Diagnostic,Settled,,1129.09,14945.99,10981.02,0
CLM100153,POL11174,CUS22438,Motor,North,PRV-19,66,2024-12-15,2025-08-26,2025-08-28,,Theft,Pending,,2619.05,18741.23,0.0,2
CLM100154,POL11737,CUS22803,Motor,North,PRV-14,60,2025-02-24,2025-11-01,2025-11-07,,Collision,Rejected,Coverage Limit,2450.77,36026.73,0.0,0
CLM100155,POL12647,CUS23006,Motor,East,PRV-03,27,2025-03-19,2025-03-23,2025-03-30,2025-06-10,Glass Damage,Settled,,4923.65,62084.04,39138.77,1
CLM100156,POL10505,CUS23251,Motor,East,PRV-30,59,2025-04-21,2025-08-30,2025-09-06,2025-09-13,Theft,Settled,,1654.97,20544.03,11616.8,1
CLM100157,POL12228,CUS20428,Health,South,PRV-30,25,2025-01-23,2025-07-27,2025-07-27,2025-09-01,Surgery,Settled,,3190.85,63398.29,46249.29,1
CLM100158,POL12020,CUS20482,Health,South,PRV-03,48,2025-03-10,2025-05-24,2025-06-01,2025-07-30,Hospitalization,Settled,,2938.68,35545.11,32742.99,1
CLM100159,POL13135,CUS23241,Motor,South,PRV-24,68,2024-02-25,2024-06-27,2024-06-27,2024-08-23,Theft,Settled,,2881.19,20796.48,19779.88,0
CLM100160,POL13984,CUS21332,Travel,West,PRV-23,53,2025-05-09,2025-06-08,2025-06-12,,Delay,Pending,,2561.39,28397.86,0.0,0
CLM100161,POL12657,CUS20091,Travel,North,PRV-08,21,2024-08-15,2024-10-12,2024-10-20,,Medical,Rejected,Late Notification,800.0,3530.9,0.0,0
CLM100162,POL11636,CUS21004,Motor,Central,PRV-12,47,2024-12-05,2024-12-07,2024-12-17,,Collision,Approved,,4419.06,32707.99,19440.18,4
CLM100163,POL11625,CUS22926,Health,West,PRV-24,64,2024-12-04,2025-09-23,2025-09-30,,Hospitalization,Pending,,1310.46,12210.54,0.0,0
CLM100164,POL11671,CUS21242,Health,South,PRV-25,54,2025-08-28,2026-05-13,2026-05-14,2026-05-19,Hospitalization,Settled,,8917.82,93498.01,54167.72,0
CLM100165,POL13256,CUS20268,Home,East,PRV-12,69,2024-07-20,2024-11-18,2024-11-26,2024-12-28,Theft,Settled,,7489.47,50122.5,48707.75,0
CLM100166,POL11284,CUS22527,Motor,East,PRV-19,41,2024-08-26,2024-08-28,2024-08-28,2024-09-03,Theft,Settled,,4190.46,48005.25,40259.66,0
CLM100167,POL10667,CUS20681,Home,Central,PRV-14,46,2025-04-16,2025-07-26,2025-07-28,,Storm,Rejected,Coverage Limit,17007.64,152327.03,0.0,0
CLM100168,POL11337,CUS21234,Motor,East,PRV-05,65,2025-01-28,2025-06-07,2025-06-08,2025-06-26,Theft,Settled,,899.06,25860.04,16782.99,0
CLM100169,POL10090,CUS20013,Motor,South,PRV-05,54,2024-07-16,2024-09-05,2024-09-16,,Third Party,Approved,,1433.16,17712.43,14584.1,0
CLM100170,POL10424,CUS22106,Health,North,PRV-26,58,2024-08-01,2025-02-15,2025-02-19,,Hospitalization,Rejected,Policy Exclusion,1933.43,29502.1,0.0,0
CLM100171,POL10360,CUS21558,Health,Central,PRV-01,32,2025-05-28,2026-03-23,2026-03-29,2026-04-21,Surgery,Settled,,8595.75,52779.19,44672.29,0
CLM100172,POL13086,CUS23034,Home,North,PRV-03,59,2025-06-02,2026-02-10,2026-02-19,,Water Damage,Approved,,830.4,25043.73,20539.92,1
CLM100173,POL12889,CUS21170,Motor,South,PRV-09,41,2024-03-31,2024-12-12,2024-12-23,,Collision,Rejected,Late Notification,6277.42,46497.09,0.0,0
CLM100174,POL12787,CUS20716,Motor,Central,,74,2024-09-04,2025-05-11,2025-05-22,,Theft,Approved,,3894.3,27151.24,22812.77,2
CLM100175,POL11847,CUS20580,Motor,Central,PRV-22,43,2025-04-22,2025-05-13,2025-05-14,,Theft,Approved,,5824.77,72923.42,71989.09,1
CLM100176,POL12868,CUS20700,Motor,South,PRV-18,47,2024-03-14,2024-08-26,2024-08-30,,Theft,Pending,,1692.13,24679.29,0.0,1
CLM100177,POL10645,CUS21578,Motor,East,PRV-19,18,2024-04-23,2024-10-10,2024-10-14,2024-10-17,Third Party,Settled,,4308.58,78731.22,62855.78,1
CLM100178,POL13602,CUS20305,Health,East,PRV-05,73,2024-04-08,2024-05-09,2024-05-18,,Emergency,Rejected,Policy Exclusion,1183.38,16535.61,0.0,0
CLM100179,POL12004,CUS21408,Health,North,PRV-05,27,2024-11-23,2025-01-07,2025-01-11,,Emergency,Approved,,13922.12,83320.57,49884.94,1
CLM100180,POL13752,CUS22991,Health,South,PRV-18,40,2024-10-06,2025-03-24,2025-03-26,,Hospitalization,Pending,,1687.64,46235.88,0.0,0
CLM100181,POL10609,CUS22686,Health,South,PRV-11,38,2024-07-17,2025-02-17,2025-02-26,,Diagnostic,Rejected,Late Notification,3193.93,32423.33,0.0,1
CLM100182,POL11989,CUS22230,Motor,South,PRV-17,70,2024-03-25,2024-05-27,2024-06-01,2024-07-10,Glass Damage,Settled,,2792.04,40082.65,24522.1,0
CLM100183,POL12785,CUS23125,Health,East,PRV-20,55,2025-01-30,2025-06-24,2025-07-02,2025-07-26,Emergency,Settled,,11956.52,88975.01,59365.2,0
CLM100184,POL11982,CUS22730,Motor,East,PRV-10,50,2025-05-15,2025-06-07,2025-06-11,2025-07-20,Theft,Settled,,2866.93,35798.46,24174.76,3
CLM100185,POL11784,CUS22283,Home,East,PRV-26,57,2024-05-11,2024-06-14,2024-06-19,2024-07-15,Storm,Settled,,6664.83,81383.38,70234.31,1
CLM100186,POL10664,CUS23020,Motor,North,PRV-25,51,2025-02-17,2025-08-10,2025-08-10,2025-10-07,Glass Damage,Settled,,3265.03,84271.38,64795.84,1
CLM100187,POL11524,CUS20435,Health,South,PRV-04,41,2025-05-08,2025-10-22,2025-10-22,,Surgery,Pending,,3309.47,19867.79,0.0,0
CLM100188,POL10955,CUS22863,Home,East,PRV-04,68,2024-12-11,2025-07-24,2025-07-24,2025-09-11,Storm,Settled,,3254.7,30069.79,21178.79,0
CLM100189,POL11206,CUS21033,Health,Central,PRV-07,48,2024-12-21,2025-09-20,2025-09-22,,Diagnostic,Pending,,1799.54,44600.51,0.0,0
CLM100190,POL12734,CUS22565,Health,West,PRV-05,73,2024-04-13,2024-06-09,2024-06-13,,Emergency,Pending,,26274.59,184049.13,0.0,0
CLM100191,POL12521,CUS23196,Health,South,PRV-17,21,2025-08-16,2025-11-27,2025-11-27,2025-12-08,Diagnostic,Settled,,5392.58,36682.99,34085.95,1
CLM100192,POL12428,CUS21736,Motor,South,PRV-08,29,2025-08-16,2026-04-29,2026-04-30,2026-05-28,Glass Damage,Settled,,2885.32,29094.35,20758.23,0
CLM100193,,CUS20310,Health,East,PRV-20,44,2025-03-17,2025-04-02,2025-04-12,,Emergency,Pending,,23620.92,133550.21,0.0,0
CLM100194,POL13838,CUS21295,Home,Central,PRV-26,25,2025-07-13,2026-03-18,2026-03-28,2026-04-03,Storm,Settled,,1040.09,16276.82,15404.28,1
CLM100195,POL10350,CUS21423,Travel,Central,PRV-05,31,2025-01-11,2025-10-21,2025-10-24,2026-01-06,Trip Cancellation,Settled,,1746.08,11147.66,10814.26,0
CLM100196,POL11370,CUS23278,Health,Central,PRV-05,63,2025-02-13,2025-03-15,2025-03-26,2025-05-02,Diagnostic,Settled,,21259.92,135443.99,135271.39,1
CLM100197,POL10472,CUS23298,Motor,East,PRV-06,36,2025-05-29,2025-07-11,2025-07-12,2025-09-01,Third Party,Settled,,2677.2,24746.71,17965.42,1
CLM100198,POL11355,CUS21989,Home,West,PRV-25,38,2024-01-24,2024-08-16,2024-08-16,2024-09-19,Storm,Settled,,4135.81,37254.11,22621.04,3
CLM100199,POL13847,CUS23327,Health,West,PRV-30,24,2024-05-16,2024-10-06,2024-10-10,2024-11-27,Surgery,Settled,,800.0,15627.03,11251.54,0
CLM100200,POL11465,CUS21527,Motor,North,PRV-24,26,2024-05-06,2025-02-26,2025-03-01,2025-03-25,Theft,Settled,,1752.1,35054.61,28517.11,1
CLM100201,POL13634,CUS21439,Motor,Central,PRV-21,69,2025-01-27,2025-07-09,2025-07-09,,Third Party,Rejected,Insufficient Documents,11349.97,121497.08,0.0,0
CLM100202,POL11980,CUS22927,Motor,South,PRV-19,31,2024-05-30,2024-12-12,2024-12-22,2025-02-01,Glass Damage,Settled,,4202.92,25059.87,16875.23,2
CLM100203,POL12798,CUS22335,Health,South,PRV-07,21,2024-08-30,2024-11-09,2024-11-20,,Emergency,Rejected,Coverage Limit,1189.16,19124.93,0.0,0
CLM100204,POL11829,CUS21828,Motor,North,PRV-15,38,2024-11-02,2025-02-08,2025-02-11,2025-03-25,Collision,Settled,,2774.24,27399.74,15614.66,0
CLM100205,POL11063,CUS21598,Motor,Central,PRV-28,40,2025-04-06,2025-05-30,2025-06-02,2025-06-24,Glass Damage,Settled,,5543.68,139862.65,86424.87,0
CLM100206,POL13056,CUS22469,Motor,Central,PRV-11,62,2024-11-16,2024-12-30,2025-01-07,2025-02-19,Glass Damage,Settled,,3056.44,40815.14,33119.88,0
CLM100207,POL13876,CUS22637,Travel,Central,PRV-01,35,2024-01-16,2024-02-19,2024-03-01,2024-04-04,Medical,Settled,,948.53,11055.04,10844.78,0
CLM100208,POL11054,CUS21717,Motor,Central,PRV-07,22,2025-03-01,2025-11-23,2025-11-26,,Collision,Rejected,Coverage Limit,4820.81,27637.18,0.0,0
CLM100209,POL13115,CUS20110,Motor,South,PRV-16,74,2024-09-22,2024-10-13,2024-10-21,,Collision,Pending,,5778.86,98019.97,0.0,0
CLM100210,POL11044,CUS20356,Health,East,PRV-21,47,2024-03-11,2024-08-13,2024-08-13,,Emergency,Rejected,Coverage Limit,4627.08,102578.41,0.0,0
CLM100211,POL12867,CUS20504,Motor,West,PRV-13,39,2025-02-08,2025-07-10,2025-07-16,2025-09-26,Glass Damage,Settled,,2381.08,62556.54,61571.56,2
CLM100212,POL13156,CUS21617,Travel,South,PRV-14,19,2024-06-16,2024-07-03,2024-07-14,,Lost Baggage,Approved,,836.35,7722.06,6435.22,1
CLM100213,POL11797,CUS22149,Travel,West,PRV-21,32,2024-10-12,2025-06-21,2025-06-26,2025-07-02,Lost Baggage,Settled,,995.5,9224.6,5993.27,1
CLM100214,POL12947,CUS22813,Health,East,PRV-09,58,2025-08-22,2026-01-19,2026-01-26,,Surgery,Pending,,2706.12,45574.81,0.0,0
CLM100215,POL11088,CUS20813,Health,Central,PRV-24,67,2024-05-27,2024-07-04,2024-07-12,2024-07-16,Emergency,Settled,,6040.54,89985.87,70194.03,1
CLM100216,POL10317,CUS22753,Motor,North,PRV-10,73,2025-07-02,2025-08-10,2025-08-17,2025-09-07,Collision,Settled,,1053.41,13535.17,10451.86,1
CLM100217,POL10385,CUS22331,Motor,Central,PRV-04,55,2024-10-14,2025-05-12,2025-05-20,2025-07-27,Theft,Settled,,1073.26,34161.21,26296.25,0
CLM100218,POL11788,CUS20180,Motor,West,PRV-05,38,2025-08-01,2026-02-03,2026-02-13,2026-04-09,Collision,Settled,,11293.02,74024.24,44461.73,1
CLM100219,POL13610,CUS21229,Motor,West,PRV-11,39,2025-06-10,2025-10-12,2025-10-12,,Glass Damage,Approved,,7564.22,51839.62,46927.6,3
CLM100220,POL10510,CUS21059,Motor,West,PRV-02,71,2025-05-30,2025-09-29,2025-10-09,,Third Party,Approved,,1270.76,16283.9,11498.55,1
CLM100221,POL11823,CUS23103,Health,West,PRV-06,39,2024-05-08,2024-05-19,2024-05-29,2024-06-21,Diagnostic,Settled,,11944.75,102843.7,65114.31,0
CLM100222,POL12816,CUS23224,Motor,North,PRV-14,69,2025-05-05,2025-05-15,2025-05-25,,Glass Damage,Pending,,3974.19,50162.05,0.0,1
CLM100223,POL10809,CUS22867,Motor,West,PRV-29,67,2024-08-15,2025-01-23,2025-01-27,2025-02-22,Collision,Settled,,3452.78,101496.46,85193.11,1
CLM100224,POL12886,CUS21848,Health,Central,PRV-30,38,2025-07-18,2025-11-04,2025-11-10,,Emergency,Pending,,9766.06,82436.06,0.0,2
CLM100225,POL11223,CUS21724,Health,West,PRV-23,46,2025-09-06,2025-11-21,2025-11-25,,Hospitalization,Approved,,11856.86,85768.22,78786.19,1
CLM100226,POL13234,CUS21090,Motor,North,PRV-29,30,2025-01-14,2025-05-08,2025-05-18,2025-07-19,Glass Damage,Settled,,2895.81,36162.55,33612.74,0
CLM100227,POL12316,CUS22705,Motor,Central,PRV-19,56,2025-07-19,2026-01-16,2026-01-20,2026-02-06,Third Party,Settled,,800.0,10166.46,8430.69,0
CLM100228,POL12187,CUS20301,Motor,North,PRV-05,37,2024-11-26,2025-02-22,2025-02-25,2025-05-03,Glass Damage,Settled,,916.84,13166.46,10510.37,0
CLM100229,POL10707,CUS20948,Motor,East,PRV-20,30,2024-01-22,2024-05-06,2024-05-14,,Collision,Approved,,4933.8,59902.11,48222.93,0
CLM100230,POL11852,CUS20473,Home,East,PRV-17,71,2025-06-25,2025-09-18,2025-09-18,,Storm,Rejected,Policy Exclusion,14010.21,139914.74,0.0,2
CLM100231,POL13426,CUS21729,Travel,North,PRV-26,51,2024-11-24,2025-06-12,2025-06-16,,Delay,Rejected,Late Notification,1476.28,10306.5,0.0,0
CLM100232,POL10078,CUS21049,Health,South,PRV-11,42,2024-01-28,2024-02-14,2024-02-16,2024-04-01,Hospitalization,Settled,,1824.42,30482.57,23990.41,0
CLM100233,POL13034,CUS20691,Health,Central,PRV-25,25,2024-02-10,2024-11-11,2024-11-15,2024-11-22,Diagnostic,Settled,,5652.39,41576.35,37850.78,1
CLM100234,POL11971,CUS21317,Health,East,PRV-20,46,2025-03-24,2025-09-06,2025-09-11,2025-09-27,Emergency,Settled,,7309.76,41846.07,37060.53,0
CLM100235,POL12877,CUS23013,Health,North,PRV-23,21,2025-07-26,2025-10-08,2025-10-08,2025-11-18,Surgery,Settled,,2455.64,43050.35,27466.62,1
CLM100236,POL12653,CUS21953,Motor,West,PRV-01,26,2025-03-08,2025-10-22,2025-11-01,,Theft,Rejected,Late Notification,3005.83,28319.48,0.0,0
CLM100237,POL11728,CUS22880,Motor,North,PRV-29,24,2024-09-30,2025-07-09,2025-07-13,,Theft,Pending,,2415.31,28688.32,0.0,1
CLM100238,POL11234,CUS23198,Health,North,PRV-17,31,2024-07-09,2024-07-27,2024-07-31,,Diagnostic,Pending,,8317.18,69270.44,0.0,1
CLM100239,POL12509,CUS23157,Health,West,PRV-20,73,2024-09-16,2024-11-17,2024-11-18,2025-01-28,Emergency,Settled,,1551.98,9572.61,9567.67,0
CLM100240,POL10560,CUS21228,Motor,East,PRV-14,71,2024-07-19,2024-09-01,2024-09-12,2024-10-19,Third Party,Settled,,6973.48,42794.82,33649.5,3
CLM100241,POL12336,CUS23071,Motor,East,PRV-05,47,2024-06-18,2024-07-10,2024-07-20,,Third Party,Approved,,7671.28,79530.18,51856.15,2
CLM100242,POL10378,CUS23182,Motor,North,PRV-17,71,2024-03-20,2024-10-27,2024-11-01,2025-01-01,Glass Damage,Settled,,2388.6,16633.42,14541.33,3
CLM100243,POL12599,CUS23358,Motor,West,PRV-21,44,2024-12-18,2025-02-14,2025-02-18,,Glass Damage,Rejected,Suspected Misrepresentation,1193.48,11185.86,0.0,0
CLM100244,POL12514,CUS21228,Health,West,PRV-05,35,2024-05-15,2024-09-07,2024-09-12,2024-09-29,Surgery,Settled,,3877.23,26592.62,22854.66,0
CLM100245,POL10337,CUS20799,Health,East,PRV-12,56,2024-03-30,2024-11-29,2024-12-10,,Emergency,Approved,,12339.74,75864.9,70232.04,2
CLM100246,POL13029,CUS22044,Health,East,PRV-19,58,2024-06-20,2024-12-20,2024-12-22,2025-01-25,Surgery,Settled,,2461.13,17994.55,12735.57,0
CLM100247,POL11663,CUS23261,Motor,East,PRV-09,41,2025-05-10,2025-11-29,2025-12-07,2025-12-16,Third Party,Settled,,954.18,24395.04,17090.71,1
CLM100248,POL13147,CUS23152,Motor,West,PRV-09,57,2024-12-21,2025-01-20,2025-01-30,,Theft,Pending,,1606.92,24057.86,0.0,0
CLM100249,POL10166,CUS21999,Home,East,PRV-04,52,2024-10-31,2025-08-18,2025-08-27,2025-09-12,Storm,Settled,,120000.0,812137.97,595599.77,1
CLM100250,POL10717,CUS20522,Health,West,PRV-16,42,2025-01-01,2025-01-26,2025-02-05,2025-03-15,Diagnostic,Settled,,800.0,20480.06,16548.86,2
CLM100251,POL11975,CUS21478,Motor,West,PRV-04,68,2024-12-17,2025-07-18,2025-07-29,,Third Party,Approved,,5964.46,55385.06,49454.79,1
CLM100252,POL10752,CUS22499,Motor,West,PRV-27,59,2024-11-04,2025-05-15,2025-05-15,,Theft,Pending,,4403.35,36222.82,0.0,2
CLM100253,POL11319,CUS21961,Home,East,PRV-06,23,2025-06-05,2025-10-07,2025-10-09,,Theft,Rejected,Suspected Misrepresentation,22093.17,144400.36,0.0,2
CLM100254,POL12642,CUS21209,Home,East,PRV-03,69,2025-03-28,2025-12-04,2025-12-05,,Storm,Rejected,Late Notification,2122.95,14059.94,0.0,1
CLM100255,,CUS21199,Home,Central,PRV-28,73,2024-04-24,2025-01-16,2025-01-22,,Water Damage,Approved,,10550.44,257471.95,185021.29,0
CLM100256,POL12710,CUS20209,Health,South,PRV-12,62,2025-05-21,2025-06-12,2025-06-16,,Emergency,Approved,,5700.09,43197.45,35331.48,1
CLM100257,POL10413,CUS21009,Health,East,PRV-06,45,2024-04-18,2025-01-30,2025-01-30,2025-03-29,Surgery,Settled,,4154.79,27969.89,17206.8,0
CLM100258,POL10700,CUS22342,Health,West,PRV-17,49,2024-02-18,2024-05-01,2024-05-07,2024-07-03,Hospitalization,Settled,,3546.29,77402.85,58836.24,2
CLM100259,POL12350,CUS20844,Motor,West,PRV-04,26,2024-09-17,2025-05-12,2025-05-13,,Third Party,Approved,,6148.4,59802.34,46583.34,1
CLM100260,POL13173,CUS23476,Health,Central,PRV-13,54,2024-08-31,2025-05-04,2025-05-08,2025-06-18,Diagnostic,Settled,,15004.02,117767.47,98121.71,1
CLM100261,POL10682,CUS20288,Health,Central,PRV-20,41,2025-05-02,2025-10-16,2025-10-20,,Surgery,Rejected,Late Notification,3840.53,47204.21,0.0,0
CLM100262,POL11199,CUS22060,Motor,South,PRV-15,66,2025-03-07,2025-11-21,2025-12-01,2025-12-07,Third Party,Settled,,1787.81,20890.51,15529.09,0
CLM100263,POL13700,CUS21737,Home,East,PRV-28,46,2024-02-06,2024-10-10,2024-10-18,,Theft,Approved,,2301.5,50658.52,45227.73,1
CLM100264,POL13958,CUS22916,Motor,North,PRV-22,61,2024-11-05,2025-04-11,2025-04-18,,Glass Damage,Rejected,Insufficient Documents,16498.35,112882.68,0.0,2
CLM100265,POL12324,CUS23107,Motor,North,PRV-20,51,2025-05-08,2025-07-01,2025-07-10,,Glass Damage,Pending,,2438.66,37192.97,0.0,0
CLM100266,POL11788,CUS21902,Motor,South,PRV-21,72,2025-03-30,2025-08-07,2025-08-09,2025-09-14,Glass Damage,Settled,,2985.17,31344.25,29537.26,0
CLM100267,POL11387,CUS22205,Home,Central,PRV-21,66,2024-11-06,2025-08-03,2025-08-06,2025-09-13,Water Damage,Settled,,4454.87,41457.18,36882.18,1
CLM100268,POL12449,CUS22446,Travel,West,PRV-15,66,2025-01-16,2025-03-18,2025-03-27,2025-05-21,Medical,Settled,,800.0,15034.99,13663.53,0
CLM100269,POL12363,CUS21823,Health,North,PRV-04,33,2024-12-14,2025-10-09,2025-10-17,,Hospitalization,Approved,,2433.87,25709.11,23313.95,1
CLM100270,POL11179,CUS20647,Travel,West,PRV-08,21,2024-05-23,2024-07-17,2024-07-17,2024-07-24,Lost Baggage,Settled,,800.0,6556.88,5756.08,0
CLM100271,POL10091,CUS21500,Home,West,PRV-10,48,2024-12-15,2025-07-02,2025-07-04,,Theft,Approved,,7636.73,117708.17,110093.26,0
CLM100272,POL10605,CUS20845,Home,West,PRV-08,59,2025-02-22,2025-09-02,2025-09-04,,Theft,Approved,,11426.17,136933.87,81283.28,0
CLM100273,POL13834,CUS21625,Home,South,PRV-09,60,2024-02-04,2024-04-03,2024-04-03,,Fire,Rejected,Policy Exclusion,3721.7,35972.53,0.0,0
CLM100274,POL11672,CUS22153,Health,North,PRV-23,25,2025-03-07,2025-07-27,2025-08-03,,Diagnostic,Approved,,1760.17,18502.64,17049.21,0
CLM100275,POL11929,CUS20732,Home,South,PRV-29,68,2024-06-03,2024-07-17,2024-07-17,2024-09-28,Storm,Settled,,2623.16,64392.77,38583.36,2
CLM100276,POL11868,CUS20872,Health,South,PRV-14,66,2024-01-05,2024-04-24,2024-05-04,2024-06-27,Diagnostic,Settled,,2113.17,25597.03,15866.01,1
CLM100277,POL13130,CUS22880,Health,West,PRV-15,72,2025-04-13,2026-01-25,2026-02-01,2026-04-15,Diagnostic,Settled,,4761.45,132693.27,96962.2,1
CLM100278,POL10259,CUS21322,Motor,Central,PRV-10,23,2024-08-29,2024-09-15,2024-09-24,,Collision,Approved,,2869.76,42440.71,34114.94,0
CLM100279,POL10330,CUS20694,Home,East,PRV-19,49,2024-09-12,2025-05-31,2025-06-05,,Water Damage,Rejected,Insufficient Documents,1999.13,46745.2,0.0,0
CLM100280,POL11103,CUS22496,Travel,Central,PRV-21,34,2025-01-22,2025-08-13,2025-08-24,2025-09-25,Lost Baggage,Settled,,1122.48,20368.73,16343.31,2
CLM100281,POL11946,CUS22508,Motor,East,PRV-02,59,2024-12-13,2025-07-25,2025-07-28,,Third Party,Approved,,1096.66,10407.39,6738.62,1
CLM100282,POL12684,CUS22891,Travel,West,PRV-16,36,2025-01-19,2025-04-14,2025-04-20,,Lost Baggage,Approved,,3387.94,20035.51,18664.15,1
CLM100283,POL11962,CUS22659,Motor,Central,PRV-13,74,2025-08-08,2026-05-19,2026-05-19,,Third Party,Approved,,2550.14,43065.91,28821.51,0
CLM100284,POL11764,CUS23471,Motor,South,PRV-14,72,2025-02-07,2025-04-24,2025-05-03,2025-06-08,Third Party,Settled,,5386.35,38578.35,36113.6,0
CLM100285,POL13751,CUS22012,Motor,West,PRV-16,69,2024-01-29,2024-06-28,2024-07-04,,Theft,Pending,,3816.03,104390.72,0.0,0
CLM100286,POL10644,CUS21003,Home,Central,PRV-05,75,2024-05-17,2024-05-29,2024-05-31,,Theft,Approved,,4591.43,57123.46,32458.38,1
CLM100287,POL12286,CUS23020,Health,East,PRV-24,49,2024-10-05,2025-06-28,2025-07-07,,Surgery,Pending,,11055.66,122557.76,0.0,2
CLM100288,POL12168,CUS20926,Motor,South,PRV-28,49,2024-10-19,2025-05-18,2025-05-29,2025-07-06,Theft,Settled,,1458.6,31535.32,26626.07,1
CLM100289,POL11893,CUS21018,Health,North,PRV-04,45,2024-08-11,2024-09-29,2024-09-29,,Surgery,Approved,,3990.79,31795.05,30077.54,0
CLM100290,POL13230,CUS22899,Motor,West,PRV-25,48,2024-04-24,2024-11-08,2024-11-18,,Third Party,Rejected,Late Notification,1051.81,20285.26,0.0,2
CLM100291,POL11067,CUS23085,Health,Central,PRV-17,52,2024-03-06,2024-04-30,2024-05-08,2024-06-15,Emergency,Settled,,5542.39,36924.27,36781.98,0
CLM100292,POL13815,CUS21187,Home,South,PRV-26,49,2024-03-30,2024-08-10,2024-08-14,2024-09-01,Theft,Settled,,9551.46,80447.67,58029.59,1
CLM100293,POL11326,CUS22552,Health,East,PRV-06,31,2025-08-12,2026-01-13,2026-01-20,2026-02-18,Hospitalization,Settled,,9335.56,66118.67,43675.79,0
CLM100294,POL12180,CUS23228,Home,East,PRV-06,55,2024-09-02,2025-06-08,2025-06-17,,Theft,Approved,,5024.43,91963.57,68927.83,0
CLM100295,POL12082,CUS22795,Health,East,PRV-01,37,2025-08-19,2025-11-27,2025-12-02,,Surgery,Approved,,2668.96,34409.37,29120.37,1
CLM100296,POL13399,CUS20017,Travel,North,PRV-16,21,2024-07-26,2024-07-30,2024-08-06,2024-09-07,Medical,Settled,,4366.44,32148.45,19055.72,0
CLM100297,POL11755,CUS22326,Motor,North,PRV-13,75,2024-07-12,2024-11-19,2024-11-19,2025-01-26,Collision,Settled,,9828.34,100287.38,59219.98,0
CLM100298,POL11138,CUS20594,Motor,South,PRV-29,35,2024-10-30,2025-08-04,2025-08-15,,Glass Damage,Pending,,1545.35,12377.53,0.0,0
CLM100299,POL10086,CUS22962,Motor,South,PRV-17,50,2025-08-09,2026-04-05,2026-04-16,,Theft,Approved,,1535.06,16681.98,12056.45,0
CLM100300,POL11454,CUS20234,Health,East,PRV-28,53,2024-12-15,2025-01-02,2025-01-04,,Hospitalization,Approved,,15371.79,117492.82,106031.43,1
CLM100301,POL13305,CUS23475,Health,North,PRV-08,28,2024-01-22,2024-02-07,2024-02-12,2024-03-28,Hospitalization,Settled,,4660.39,36920.06,24687.05,0
CLM100302,POL10039,CUS20620,Home,South,PRV-02,31,2024-06-17,2025-01-30,2025-02-01,2025-02-23,Theft,Settled,,800.0,9361.29,6974.62,1
CLM100303,POL13584,CUS21470,Motor,Central,PRV-25,45,2025-08-31,2026-04-04,2026-04-08,,Glass Damage,Pending,,6427.15,39612.12,0.0,1
CLM100304,POL12171,CUS20819,Motor,West,PRV-01,53,2024-04-05,2024-09-19,2024-09-22,2024-11-20,Theft,Settled,,3602.17,25755.83,25087.66,1
CLM100305,POL10560,CUS22848,Health,East,PRV-26,75,2025-06-02,2025-06-29,2025-07-09,2025-09-13,Hospitalization,Settled,,1845.39,45867.34,25378.57,1
CLM100306,POL11208,CUS21377,Travel,East,PRV-16,70,2025-07-29,2025-10-21,2025-10-29,2025-11-18,Trip Cancellation,Settled,,1606.23,45048.47,29175.52,0
CLM100307,POL12216,CUS22606,Motor,West,PRV-18,75,2024-05-12,2025-01-21,2025-01-31,,Third Party,Rejected,Policy Exclusion,3233.68,23531.64,0.0,0
CLM100308,POL11262,CUS20235,Motor,North,PRV-07,62,2024-12-12,2025-01-23,2025-02-01,2025-04-04,Collision,Settled,,4230.53,33897.22,33764.76,0
CLM100309,POL10434,CUS21585,Motor,West,PRV-09,61,2025-01-06,2025-03-08,2025-03-16,,Theft,Approved,,4026.2,23870.52,14548.95,0
CLM100310,POL12663,CUS23188,Health,East,PRV-07,48,2025-05-07,2025-09-20,2025-09-21,2025-09-25,Hospitalization,Settled,,2778.75,21160.09,19476.56,0
CLM100311,POL12688,CUS23244,Motor,West,PRV-23,39,2025-05-09,2025-12-15,2025-12-24,,Theft,Rejected,Policy Exclusion,3652.87,59659.36,0.0,0
CLM100312,POL10475,CUS20730,Motor,West,PRV-14,34,2024-02-07,2024-10-12,2024-10-21,2024-11-06,Collision,Settled,,4001.0,110201.57,99412.36,1
CLM100313,POL11124,CUS21380,Health,North,PRV-04,59,2024-07-16,2025-01-09,2025-01-10,2025-03-01,Hospitalization,Settled,,2270.41,20666.18,14172.25,1
CLM100314,POL10975,CUS21431,Motor,East,PRV-02,41,2025-08-05,2025-12-31,2026-01-01,,Collision,Approved,,4705.64,45053.93,34419.35,0
CLM100315,POL12637,CUS21979,Health,South,PRV-22,72,2024-08-07,2024-12-01,2024-12-10,2025-01-11,Diagnostic,Settled,,14814.12,86831.89,85967.62,0
CLM100316,POL12921,CUS21880,Motor,North,PRV-21,22,2024-06-01,2024-06-15,2024-06-19,2024-08-29,Theft,Settled,,4106.31,30136.82,17866.31,1
CLM100317,POL12907,CUS20370,Travel,West,PRV-10,49,2025-01-24,2025-04-14,2025-04-17,,Delay,Pending,,2087.17,12648.9,0.0,1
CLM100318,POL13755,CUS22669,Health,Central,PRV-11,26,2024-05-01,2024-07-05,2024-07-09,,Surgery,Approved,,12702.81,88530.59,86870.43,1
CLM100319,POL13074,CUS20790,Motor,South,PRV-25,41,2024-04-01,2024-04-19,2024-04-29,,Collision,Approved,,3702.12,28677.87,17407.56,0
CLM100320,POL11282,CUS21102,Motor,East,PRV-03,75,2025-05-09,2025-12-18,2025-12-22,2026-01-04,Collision,Settled,,6699.12,58523.01,54310.35,1
CLM100321,POL10430,CUS22942,Health,East,PRV-29,31,2024-03-14,2024-06-28,2024-07-02,,Emergency,Approved,,4605.07,39357.79,26537.14,0
CLM100322,POL12458,CUS22413,Home,East,PRV-26,71,2025-07-06,2025-12-06,2025-12-10,,Theft,Pending,,4978.01,46909.93,0.0,0
CLM100323,POL13664,CUS21387,Motor,North,PRV-04,71,2024-06-03,2024-08-02,2024-08-02,,Theft,Rejected,Suspected Misrepresentation,7231.14,46399.46,0.0,2
CLM100324,POL13900,CUS23193,Motor,West,PRV-16,53,2024-03-07,2024-08-31,2024-08-31,2024-11-12,Third Party,Settled,,919.94,14110.63,12431.91,0
CLM100325,POL10920,CUS21379,Motor,West,PRV-17,72,2025-04-04,2025-05-15,2025-05-19,2025-06-25,Third Party,Settled,,6428.14,38427.77,21754.38,1
CLM100326,POL10945,CUS21979,Health,North,PRV-28,54,2024-04-19,2024-11-08,2024-11-08,2024-12-10,Hospitalization,Settled,,10413.08,91403.78,67568.54,0
CLM100327,POL10149,CUS20860,Travel,North,PRV-18,69,2024-08-15,2025-03-24,2025-04-02,2025-05-20,Lost Baggage,Settled,,1350.02,14119.37,12193.79,3
CLM100328,POL10565,CUS20641,Health,East,PRV-01,34,2024-08-05,2024-11-07,2024-11-12,2024-12-17,Hospitalization,Settled,,3259.7,52870.83,32400.99,0
CLM100329,POL12219,CUS21720,Motor,East,PRV-09,35,2024-11-10,2025-01-13,2025-01-19,2025-03-07,Collision,Settled,,3360.97,47066.2,30632.36,0
CLM100330,POL12187,CUS21970,Home,South,PRV-18,40,2024-10-20,2025-06-11,2025-06-15,2025-07-17,Theft,Settled,,20426.51,173660.55,107428.99,1
CLM100331,POL11483,CUS22820,Home,Central,PRV-12,70,2024-05-01,2024-07-07,2024-07-16,2024-08-23,Water Damage,Settled,,8658.31,164111.6,92189.34,0
CLM100332,POL11239,CUS21368,Motor,Central,PRV-15,29,2024-05-25,2024-07-18,2024-07-23,2024-09-29,Collision,Settled,,800.0,16908.26,12772.98,2
CLM100333,POL13319,CUS23133,Motor,Central,PRV-29,75,2024-04-30,2024-08-10,2024-08-10,,Collision,Pending,,2452.05,35596.81,0.0,3
CLM100334,POL11840,CUS22125,Motor,North,PRV-29,73,2024-02-04,2024-11-20,2024-11-25,2024-12-04,Third Party,Settled,,1636.3,21639.72,21110.95,0
CLM100335,POL13233,CUS20245,Home,Central,PRV-09,47,2025-02-07,2025-06-26,2025-06-28,2025-07-02,Theft,Settled,,26823.46,156681.6,137509.12,1
CLM100336,POL13852,CUS22586,Health,Central,PRV-06,65,2024-10-18,2025-01-05,2025-01-12,2025-02-16,Hospitalization,Settled,,5466.27,46611.21,45985.19,0
CLM100337,POL11268,CUS22011,Health,Central,PRV-29,22,2024-03-08,2024-08-09,2024-08-15,2024-09-10,Surgery,Settled,,11025.22,121336.56,108063.32,3
CLM100338,POL10810,CUS21362,Home,East,PRV-17,35,2024-07-24,2024-11-06,2024-11-11,2024-12-23,Water Damage,Settled,,13050.15,73542.69,72839.82,2
CLM100339,POL13811,CUS21635,Motor,East,PRV-18,38,2025-02-18,2025-09-05,2025-09-09,2025-10-23,Glass Damage,Settled,,2494.17,29305.04,19390.9,2
CLM100340,POL12539,CUS21056,Motor,North,PRV-06,39,2024-06-25,2024-11-04,2024-11-11,,Glass Damage,Rejected,Coverage Limit,4415.34,25416.28,0.0,2
CLM100341,POL11163,CUS22149,Motor,North,PRV-20,25,2024-09-05,2025-02-28,2025-03-08,2025-04-02,Theft,Settled,,4941.14,28858.45,20953.76,0
CLM100342,POL12487,CUS21984,Home,Central,PRV-26,18,2025-04-06,2025-08-15,2025-08-25,2025-10-15,Theft,Settled,,10928.21,81868.76,63145.34,1
CLM100343,POL12060,CUS21565,Health,West,PRV-05,40,2025-02-20,2025-07-15,2025-07-26,2025-10-04,Emergency,Settled,,4012.65,36885.97,33975.54,1
CLM100344,POL13622,CUS20998,Motor,Central,PRV-11,33,2025-03-10,2025-07-22,2025-07-22,2025-08-08,Theft,Settled,,8334.08,54378.11,43157.28,3
CLM100345,POL11023,CUS21395,Motor,Central,PRV-13,73,2024-08-24,2024-12-20,2024-12-27,2025-03-09,Collision,Settled,,1152.4,14664.12,14350.49,0
CLM100346,POL13965,CUS21742,Home,Central,PRV-14,33,2024-10-27,2025-08-12,2025-08-13,,Water Damage,Approved,,5731.06,67282.72,45741.2,1
CLM100347,POL13744,CUS21651,Home,East,PRV-07,64,2025-06-08,2025-08-27,2025-09-01,2025-09-30,Theft,Settled,,2246.67,36810.94,29835.7,1
CLM100348,POL10722,CUS21082,Health,West,PRV-21,26,2025-06-24,2026-02-20,2026-02-28,,Emergency,Pending,,4003.93,58614.0,0.0,0
CLM100349,POL10658,CUS22036,Motor,West,PRV-07,74,2024-02-04,2024-09-04,2024-09-10,2024-09-29,Theft,Settled,,3259.31,64580.9,40049.2,1
CLM100350,POL12132,CUS20792,Travel,South,PRV-09,71,2025-06-03,2025-11-08,2025-11-17,,Medical,Rejected,Coverage Limit,5248.6,33302.83,0.0,0
CLM100351,POL10179,CUS21753,Home,South,PRV-17,20,2025-07-07,2025-10-10,2025-10-20,,Fire,Rejected,Coverage Limit,1016.48,33672.6,0.0,0
CLM100352,POL11195,CUS20425,Health,North,PRV-04,19,2025-08-07,2025-12-30,2026-01-10,2026-01-21,Surgery,Settled,,12652.66,135075.03,85956.25,1
CLM100353,POL11740,CUS21652,Health,East,PRV-26,69,2024-06-15,2025-02-25,2025-03-05,2025-04-08,Hospitalization,Settled,,7605.67,89866.89,66149.35,2
CLM100354,POL13877,CUS22743,Travel,North,PRV-14,50,2024-11-06,2024-12-31,2025-01-08,,Medical,Rejected,Policy Exclusion,1315.11,14918.78,0.0,1
CLM100355,POL13969,CUS22862,Travel,South,PRV-29,57,2024-01-27,2024-07-21,2024-07-30,2024-10-09,Lost Baggage,Settled,,1799.85,11495.89,10116.7,2
CLM100356,POL10606,CUS22431,Health,North,PRV-12,42,2024-03-09,2024-10-24,2024-10-26,,Emergency,Approved,,1206.59,7878.0,5812.51,0
CLM100357,POL13566,CUS22609,Health,West,PRV-01,22,2024-12-14,2025-06-22,2025-06-25,,Hospitalization,Rejected,Policy Exclusion,3270.42,25252.34,0.0,2
CLM100358,POL10363,CUS20230,Motor,North,PRV-11,41,2024-05-07,2024-06-20,2024-06-24,,Third Party,Rejected,Suspected Misrepresentation,16326.25,122416.51,0.0,0
CLM100359,POL12994,CUS21194,Home,South,PRV-19,63,2024-05-19,2024-10-19,2024-10-27,,Theft,Approved,,8527.25,56648.22,38931.56,0
CLM100360,POL13382,CUS22289,Health,North,PRV-01,26,2024-07-03,2024-08-27,2024-08-31,2024-09-10,Diagnostic,Settled,,1092.99,12454.76,6916.08,0
CLM100361,POL13563,CUS22802,Motor,Central,PRV-15,37,2024-10-11,2025-07-16,2025-07-17,2025-08-29,Glass Damage,Settled,,3744.86,38377.18,29527.45,0
CLM100362,POL10893,CUS22039,Motor,West,PRV-24,64,2024-04-04,2024-07-19,2024-07-28,2024-07-19,Glass Damage,Settled,,4276.34,64103.62,40689.84,1
CLM100363,POL13573,CUS22987,Travel,South,PRV-27,50,2025-05-12,2025-09-16,2025-09-24,2025-11-07,Trip Cancellation,Settled,,1116.19,16987.09,13945.09,2
CLM100364,POL10463,CUS20955,Home,Central,PRV-23,36,2025-02-18,2025-11-02,2025-11-09,,Storm,Pending,,10089.6,59283.41,0.0,1
CLM100365,POL12075,CUS20537,Travel,West,PRV-08,55,2025-05-05,2025-09-10,2025-09-20,2025-11-09,Medical,Settled,,2948.16,20459.48,20456.26,2
CLM100366,POL11878,CUS20302,Health,West,PRV-22,57,2025-07-28,2025-09-24,2025-10-03,2025-10-06,Emergency,Settled,,7266.32,74185.29,53300.8,0
CLM100367,POL11263,CUS22039,Home,East,PRV-24,58,2025-01-07,2025-10-02,2025-10-12,2025-12-06,Fire,Settled,,1439.4,40151.78,35338.85,1
CLM100368,POL10088,CUS22328,Home,West,PRV-13,36,2024-08-12,2025-02-22,2025-02-25,2025-04-04,Fire,Settled,,5516.04,39004.64,38314.97,2
CLM100369,POL13088,CUS20998,Motor,East,PRV-20,70,2025-08-29,2026-02-26,2026-02-27,,Collision,Rejected,,5332.64,30953.82,0.0,3
CLM100370,POL11342,CUS22742,Motor,South,PRV-15,70,2024-12-16,2025-01-08,2025-01-12,,Collision,Approved,,2171.05,12845.63,8995.39,0
CLM100371,POL12646,CUS22587,Travel,East,PRV-13,53,2024-10-14,2025-02-26,2025-03-07,,Trip Cancellation,Approved,,2419.18,17642.21,10940.01,2
CLM100372,POL11640,CUS21260,Motor,South,PRV-20,31,2024-09-14,2025-01-30,2025-02-10,2025-03-16,Third Party,Settled,,10734.09,84413.57,53115.43,0
CLM100373,POL11494,CUS20835,Health,North,PRV-30,39,2024-01-25,2024-04-13,2024-04-14,,Diagnostic,Rejected,Coverage Limit,2422.34,50333.2,0.0,0
CLM100374,POL13545,CUS22598,Health,Central,PRV-29,66,2025-08-15,2026-01-31,2026-02-10,2026-03-17,Hospitalization,Settled,,815.41,19029.72,12684.23,1
CLM100375,POL10377,CUS22349,Health,West,PRV-01,65,2025-05-23,2025-08-05,2025-08-10,2025-09-30,Surgery,Settled,,1794.13,25711.13,17272.72,0
CLM100376,POL12946,CUS20597,Motor,West,PRV-09,61,2025-03-09,2025-07-28,2025-08-06,,Collision,Pending,,2101.0,18339.52,0.0,1
CLM100377,POL12987,CUS20892,Home,West,PRV-25,46,2024-05-17,2025-01-12,2025-01-20,2025-03-06,Fire,Settled,,7157.15,42861.8,39714.16,1
CLM100378,POL11519,CUS21700,Motor,North,PRV-23,68,2025-07-29,2026-03-06,2026-03-06,,Third Party,Approved,,9288.38,57812.27,37219.48,1
CLM100379,POL11049,CUS21789,Home,West,PRV-23,37,2024-04-19,2024-07-12,2024-07-17,2024-08-04,Theft,Settled,,1968.47,25931.83,22298.34,0
CLM100380,POL10021,CUS20580,Motor,East,PRV-19,75,2024-05-29,2024-07-31,2024-08-01,,Collision,Rejected,Late Notification,2117.2,24926.86,0.0,1
CLM100381,POL13747,CUS23320,Health,Central,PRV-13,72,2024-02-13,2024-02-15,2024-02-19,2024-04-23,Surgery,Settled,,1741.84,22753.84,15348.24,1
CLM100382,POL13790,CUS21360,Home,South,PRV-20,51,2024-06-27,2024-10-09,2024-10-18,,Storm,Rejected,Insufficient Documents,3886.83,35487.88,0.0,1
CLM100383,POL10963,CUS21334,Motor,East,PRV-25,75,2024-07-22,2024-07-28,2024-08-05,,Third Party,Pending,,4036.14,26669.58,0.0,0
CLM100384,POL10127,CUS20211,Motor,South,PRV-03,60,2025-05-07,2025-06-15,2025-06-23,2025-08-25,Collision,Settled,,5465.41,37061.72,22043.24,0
CLM100385,POL10491,CUS23065,Home,West,PRV-01,34,2024-07-21,2025-05-10,2025-05-17,,Storm,Rejected,Suspected Misrepresentation,5736.97,35207.81,0.0,1
CLM100386,POL10270,CUS20823,Motor,East,PRV-23,51,2025-08-15,2026-04-28,2026-04-28,,Collision,Rejected,Insufficient Documents,8066.02,74507.37,0.0,3
CLM100387,POL13324,CUS23454,Motor,North,PRV-02,33,2024-07-06,2024-12-21,2024-12-27,,Theft,Pending,,2516.96,19553.25,0.0,0
CLM100388,POL13567,CUS21736,Health,South,PRV-13,69,2024-11-21,2025-07-11,2025-07-16,2025-09-01,Diagnostic,Settled,,3386.59,19565.95,15415.1,0
CLM100389,POL10613,CUS23061,Travel,East,PRV-04,72,2025-01-02,2025-05-29,2025-06-04,2025-07-25,Lost Baggage,Settled,,1163.13,8856.35,5443.35,0
CLM100390,POL12986,CUS20626,Health,West,PRV-10,53,2025-05-29,2025-11-25,2025-11-27,,Hospitalization,Approved,,2260.47,41055.32,24031.78,1
CLM100391,POL10717,CUS20580,Health,Central,PRV-06,18,2025-04-10,2026-01-10,2026-01-18,,Emergency,Approved,,1957.67,24771.78,15363.43,2
CLM100392,POL11468,CUS22803,Travel,West,PRV-13,67,2025-06-21,2025-07-15,2025-07-22,2025-09-19,Medical,Settled,,997.74,24126.74,16338.21,0
CLM100393,POL12397,CUS22868,Health,East,PRV-01,31,2025-08-04,2025-11-18,2025-11-22,,Diagnostic,Approved,,4123.53,88536.39,75940.83,4
CLM100394,POL12879,CUS21900,Health,North,PRV-27,33,2024-03-13,2024-04-18,2024-04-18,2024-05-06,Surgery,Settled,,3202.86,30863.39,18506.0,3
CLM100395,POL13498,CUS20112,Health,South,PRV-22,19,2024-02-28,2024-10-23,2024-10-23,,Emergency,Approved,,4800.9,34100.81,20856.81,0
CLM100396,POL10179,CUS23303,Motor,Central,PRV-20,20,2024-10-05,2025-06-08,2025-06-12,,Glass Damage,Pending,,1071.79,18371.03,0.0,3
CLM100397,POL10785,CUS21376,Motor,South,PRV-24,71,2024-04-03,2024-11-05,2024-11-11,,Glass Damage,Pending,,1757.0,22524.96,0.0,0
CLM100398,POL11122,CUS23275,Health,East,PRV-01,23,2024-11-02,2025-05-04,2025-05-15,2025-07-28,Emergency,Settled,,2976.66,36985.04,23937.65,0
CLM100399,POL11241,CUS23047,Motor,Central,PRV-17,48,2024-12-31,2025-05-23,2025-05-31,2025-07-03,Third Party,Settled,,7702.03,49366.17,40094.75,3
CLM100400,POL13992,CUS22980,Health,South,PRV-08,55,2024-06-20,2024-06-28,2024-07-03,,Hospitalization,Rejected,Policy Exclusion,1662.22,28855.35,0.0,0
CLM100401,POL13109,CUS22410,Motor,South,PRV-26,54,2024-03-01,2024-10-19,2024-10-22,2024-12-09,Third Party,Settled,,1337.52,38099.86,31740.91,1
CLM100402,POL11281,CUS22356,Health,Central,PRV-21,66,2025-08-21,2026-05-16,2026-05-18,,Surgery,Approved,,4699.9,38032.43,21246.84,0
CLM100403,POL13887,CUS21864,Motor,South,PRV-03,65,2024-08-17,2025-06-02,2025-06-03,2025-08-04,Third Party,Settled,,6517.05,59774.24,39143.88,1
CLM100404,POL11997,CUS20086,Health,West,PRV-27,32,2025-06-04,2025-09-15,2025-09-15,,Hospitalization,Rejected,Coverage Limit,1085.81,35709.83,0.0,0
CLM100405,POL12002,CUS21357,Home,North,PRV-18,58,2025-01-22,2025-03-23,2025-04-02,2025-06-09,Theft,Settled,,3490.53,24121.9,20115.83,1
CLM100406,POL11734,CUS22556,Motor,North,PRV-17,52,2025-02-14,2025-08-29,2025-08-29,2025-11-03,Theft,Settled,,1355.53,14485.38,9295.72,2
CLM100407,POL10575,CUS22843,Motor,North,PRV-04,30,2025-04-28,2025-05-04,2025-05-14,,Third Party,Approved,,7572.89,67510.63,63840.67,0
CLM100408,POL13737,CUS21958,Motor,South,PRV-18,48,2024-06-13,2024-07-02,2024-07-09,2024-08-09,Theft,Settled,,6314.28,48340.12,46578.68,1
CLM100409,POL10055,CUS22483,Home,South,PRV-12,58,2024-05-14,2025-01-15,2025-01-22,2025-03-17,Water Damage,Settled,,3218.1,85356.79,65411.1,1
CLM100410,POL10697,CUS20076,Motor,East,PRV-09,56,2025-09-10,2026-06-24,2026-07-05,2026-09-06,Collision,Settled,,4367.71,78160.08,52569.31,0
CLM100411,POL10918,CUS21639,Home,North,PRV-07,51,2025-02-18,2025-06-19,2025-06-28,,Storm,Pending,,5645.79,56758.0,0.0,0
CLM100412,POL11117,CUS21777,Motor,East,PRV-05,31,2024-06-30,2024-11-29,2024-11-30,2025-01-31,Collision,Settled,,2404.17,43097.02,41908.08,0
CLM100413,POL10527,CUS23123,Motor,North,PRV-26,64,2025-02-04,2025-07-17,2025-07-28,,Collision,Approved,,3063.28,64507.2,39356.37,0
CLM100414,POL10071,CUS21088,Home,North,PRV-14,30,2024-09-01,2024-10-13,2024-10-15,2024-11-24,Water Damage,Settled,,2954.19,37516.1,25676.41,2
CLM100415,POL12710,CUS20804,Health,West,PRV-08,43,2025-06-16,2025-08-22,2025-08-28,,Hospitalization,Rejected,Late Notification,4746.19,50491.81,0.0,0
CLM100416,POL13877,CUS21233,Motor,Central,PRV-17,63,2024-11-11,2025-02-09,2025-02-16,2025-04-02,Glass Damage,Settled,,5059.22,32125.96,21548.84,0
CLM100417,POL10487,CUS20596,Travel,West,PRV-11,70,2024-07-13,2025-03-22,2025-03-24,2025-05-07,Trip Cancellation,Settled,,800.0,5858.58,3227.64,1
CLM100418,POL11186,CUS21954,Motor,East,PRV-17,20,2025-03-04,2025-07-13,2025-07-20,2025-08-12,Collision,Settled,,3818.43,22539.61,14497.37,1
CLM100419,POL12025,CUS22249,Motor,West,PRV-02,68,2025-04-10,2025-11-12,2025-11-19,2025-12-29,Theft,Settled,,5813.8,58975.75,52301.43,1
CLM100420,POL13710,CUS22803,Health,South,PRV-06,58,2024-08-19,2024-10-17,2024-10-28,2024-12-10,Hospitalization,Settled,,3529.82,34996.31,22482.71,0
CLM100421,POL12777,CUS23401,Health,East,PRV-20,27,2025-04-11,2026-01-22,2026-02-01,2026-04-07,Diagnostic,Settled,,4945.17,64459.59,57616.14,0
CLM100422,POL13064,CUS20257,Home,North,PRV-03,22,2024-05-25,2025-02-14,2025-02-18,2025-03-05,Water Damage,Settled,,937.59,22199.76,16364.57,1
CLM100423,POL12324,CUS20865,Motor,North,PRV-30,29,2024-05-28,2024-10-18,2024-10-26,,Collision,Approved,,1654.93,29657.61,17392.97,0
CLM100424,POL11668,CUS21052,Travel,Central,PRV-11,23,2025-05-27,2025-08-03,2025-08-12,2025-08-20,Delay,Settled,,800.0,7716.71,7115.89,0
CLM100425,POL10799,CUS20873,Health,East,PRV-18,36,2025-01-20,2025-11-08,2025-11-08,,Diagnostic,Pending,,4155.51,30664.01,0.0,0
CLM100426,POL13457,CUS22895,Travel,East,PRV-25,32,2024-01-22,2024-09-20,2024-09-28,2024-11-30,Trip Cancellation,Settled,,1295.11,15726.86,12981.84,3
CLM100427,POL13216,CUS20488,Home,North,PRV-15,24,2025-02-22,2025-07-25,2025-08-05,,Theft,Pending,,2044.77,58880.25,0.0,0
CLM100428,POL10100,CUS20104,Travel,East,PRV-09,37,2024-07-08,2024-09-26,2024-09-27,,Lost Baggage,Pending,,5008.15,35063.73,0.0,2
CLM100429,POL12861,CUS23011,Health,South,PRV-26,65,2024-06-19,2024-12-22,2024-12-31,,Hospitalization,Pending,,2702.28,39607.65,0.0,1
CLM100430,POL10337,CUS23365,Motor,West,PRV-21,75,2024-09-19,2025-01-08,2025-01-08,2025-03-21,Glass Damage,Settled,,12205.22,74409.28,74287.84,2
CLM100431,POL12955,CUS20792,Health,North,PRV-22,67,2024-10-07,2025-04-27,2025-05-01,,Surgery,Approved,,3960.78,25809.41,21986.46,2
CLM100432,POL13303,CUS21164,Health,East,PRV-08,44,2025-07-06,2026-03-12,2026-03-21,2026-05-16,Hospitalization,Settled,,3367.52,44565.13,33177.86,1
CLM100433,POL10524,CUS21761,Health,South,PRV-03,55,2024-09-27,2025-02-21,2025-03-04,,Diagnostic,Approved,,2525.47,38640.89,35491.41,1
CLM100434,POL11735,CUS21840,Home,North,PRV-08,42,2024-07-02,2024-07-17,2024-07-25,2024-08-23,Storm,Settled,,12496.47,69827.48,39988.2,0
CLM100435,POL10495,CUS23468,Motor,East,PRV-23,13,2025-04-24,2025-10-10,2025-10-18,2025-12-25,Third Party,Settled,,4066.51,26587.75,19639.81,0
CLM100436,POL12269,CUS21414,Home,West,PRV-07,62,2024-12-02,2025-08-16,2025-08-19,,Water Damage,Approved,,10448.64,61828.56,54377.64,0
CLM100437,POL13710,CUS20042,Motor,East,PRV-24,38,2024-01-01,2024-03-08,2024-03-17,2024-03-31,Theft,Settled,,1739.92,53444.5,38039.06,2
CLM100438,POL10323,CUS21479,Travel,East,PRV-13,33,2025-01-26,2025-11-09,2025-11-16,2025-11-22,Lost Baggage,Settled,,1932.59,16138.6,9304.11,0
CLM100439,,CUS21947,Motor,South,PRV-10,68,2024-11-06,2025-02-23,2025-03-06,2025-03-19,Collision,Settled,,8349.89,119290.44,71565.06,1
CLM100440,POL13892,CUS21809,Motor,North,PRV-09,52,2024-12-22,2025-07-15,2025-07-22,2025-09-19,Glass Damage,Settled,,1928.74,22372.72,13988.21,2
CLM100441,POL11203,CUS21793,Home,Central,PRV-03,47,2024-04-24,2024-11-20,2024-11-20,,Water Damage,Approved,,2120.0,48555.52,44868.94,0
CLM100442,POL10528,CUS23229,Home,West,PRV-11,58,2024-10-23,2024-12-17,2024-12-23,2025-01-03,Fire,Settled,,2887.28,20296.53,17746.77,0
CLM100443,POL11954,CUS22826,Home,South,PRV-29,18,2025-02-05,2025-02-17,2025-02-26,2025-03-23,Fire,Settled,,7357.85,67598.38,60415.36,1
CLM100444,POL12033,,Travel,South,PRV-18,67,2025-02-23,2025-12-04,2025-12-13,2026-02-11,Lost Baggage,Settled,,1992.05,13387.09,12840.88,2
CLM100445,POL12651,CUS21243,Motor,South,PRV-24,66,2025-02-25,2025-09-23,2025-09-27,2025-11-05,Collision,Settled,,1841.88,38798.62,26622.54,1
CLM100446,POL11254,CUS22336,Home,Central,PRV-25,25,2025-09-10,2026-03-18,2026-03-20,2026-05-12,Storm,Settled,,27020.34,150454.89,133059.89,3
CLM100447,POL13822,CUS21436,Motor,South,PRV-22,34,2024-11-06,2025-02-05,2025-02-15,2025-03-09,Glass Damage,Settled,,1613.1,19604.18,13998.57,2
CLM100448,POL12084,CUS21499,Health,South,PRV-23,55,2024-09-23,2024-10-26,2024-11-04,2025-01-12,Hospitalization,Settled,,14733.74,85305.92,77078.91,1
CLM100449,POL11145,CUS20587,Health,South,PRV-13,64,2024-12-02,2025-02-22,2025-03-04,2025-04-02,Hospitalization,Settled,,7808.12,59391.58,51263.98,1
CLM100450,POL13841,CUS20890,Motor,North,PRV-14,18,2024-07-22,2025-01-02,2025-01-10,,Glass Damage,Approved,,800.0,15329.06,15258.69,1
CLM100451,POL13699,CUS22592,Health,South,PRV-13,27,2024-07-14,2025-02-07,2025-02-16,2025-03-20,Hospitalization,Settled,,5228.69,35497.29,31616.79,0
CLM100452,POL11996,CUS22950,Home,Central,PRV-10,46,2025-03-03,2025-06-07,2025-06-11,2025-08-06,Water Damage,Settled,,6644.94,58238.13,32185.74,1
CLM100453,POL10099,CUS22746,Motor,South,PRV-02,24,2024-07-13,2024-09-16,2024-09-25,2024-11-07,Glass Damage,Settled,,1554.57,26662.5,23060.79,0
CLM100454,POL12387,,Travel,South,PRV-20,38,2025-04-09,2025-06-23,2025-06-28,,Medical,Rejected,Suspected Misrepresentation,1166.04,20074.6,0.0,0
CLM100455,POL12220,CUS20478,Health,East,PRV-20,48,2025-04-06,2026-01-19,2026-01-28,,Diagnostic,Approved,,7267.27,42013.86,33432.24,0
CLM100456,POL10592,CUS20558,Motor,North,PRV-13,65,2025-08-14,2026-02-19,2026-02-20,2026-04-21,Theft,Settled,,13749.74,76479.03,47477.78,1
CLM100457,POL12535,CUS21377,Health,East,PRV-20,30,2024-03-22,2025-01-13,2025-01-16,,Surgery,Approved,,3452.36,29655.01,22912.28,0
CLM100458,POL13363,CUS21812,Motor,East,PRV-23,60,2024-08-13,2024-08-15,2024-08-17,,Glass Damage,Pending,,2068.48,35618.62,0.0,0
CLM100459,POL10423,CUS23125,Motor,West,PRV-28,33,2025-04-23,2025-09-07,2025-09-11,2025-11-02,Third Party,Settled,,1947.32,24029.5,16342.46,0
CLM100460,POL12893,CUS23145,Health,North,PRV-26,58,2024-09-23,2025-02-07,2025-02-16,,Surgery,Approved,,1614.27,26123.6,16162.9,0
CLM100461,POL10561,CUS20009,Motor,North,PRV-11,29,2025-02-10,2025-06-11,2025-06-12,2025-08-05,Glass Damage,Settled,,2652.26,21897.15,15142.37,0
CLM100462,POL12995,CUS22476,Motor,Central,PRV-09,27,2025-03-31,2025-07-27,2025-08-04,,Third Party,Approved,,2482.09,27565.96,17315.4,0
CLM100463,POL11676,CUS21045,Home,South,PRV-15,63,2025-07-02,2025-07-26,2025-08-04,,Fire,Rejected,Suspected Misrepresentation,1468.99,16941.37,0.0,2
CLM100464,POL10026,CUS20692,Motor,North,PRV-12,35,2024-05-20,2024-05-30,2024-06-07,2024-06-23,Theft,Settled,,6601.03,43944.58,37957.19,0
CLM100465,POL13864,CUS21942,Home,West,PRV-21,71,2024-06-10,2025-01-29,2025-02-05,2025-03-19,Fire,Settled,,14219.16,81468.7,70628.94,3
CLM100466,POL10663,CUS20118,Home,South,PRV-01,34,2024-10-18,2025-02-27,2025-02-28,2025-03-27,Theft,Settled,,2626.66,44105.56,34760.19,1
CLM100467,POL12384,CUS21169,Motor,West,PRV-09,30,2024-11-09,2024-12-28,2025-01-04,2025-02-03,Glass Damage,Settled,,3122.1,33875.67,22476.5,0
CLM100468,POL10725,CUS21932,Health,Central,PRV-13,29,2025-07-15,2025-10-27,2025-10-29,2025-12-17,Hospitalization,Settled,,3040.09,27517.22,21692.99,1
CLM100469,POL13732,CUS20952,Motor,South,PRV-03,39,2024-01-25,2024-10-30,2024-11-01,,Glass Damage,Approved,,2750.37,41123.45,40171.21,2
CLM100470,POL12953,CUS22076,Health,South,PRV-14,42,2024-06-01,2024-10-19,2024-10-29,,Emergency,Rejected,Coverage Limit,2665.32,29521.22,0.0,0
CLM100471,POL13217,CUS21610,Motor,West,PRV-05,29,2025-07-19,2026-05-12,2026-05-19,,Glass Damage,Rejected,Policy Exclusion,2017.19,52572.72,0.0,0
CLM100472,POL11728,CUS22797,Travel,South,PRV-28,42,2025-01-16,2025-03-06,2025-03-17,,Lost Baggage,Approved,,800.0,14041.12,10845.62,1
CLM100473,POL11869,CUS20635,Motor,Central,PRV-04,57,2025-02-22,2025-03-31,2025-04-05,2025-05-26,Theft,Settled,,6136.96,41478.8,26143.47,1
CLM100474,POL12537,CUS20199,Health,East,PRV-13,38,2024-06-03,2024-11-19,2024-11-23,2025-01-24,Hospitalization,Settled,,5590.7,69136.99,45638.79,0
CLM100475,POL13139,CUS21853,Motor,East,PRV-08,18,2025-01-21,2025-08-14,2025-08-25,2025-11-04,Glass Damage,Settled,,13998.98,102847.7,88544.09,1
CLM100476,POL13387,CUS20899,Motor,North,PRV-13,64,2024-08-17,2025-06-07,2025-06-14,2025-08-24,Theft,Settled,,1974.95,46538.23,28979.76,1
CLM100477,POL10071,CUS22473,Health,West,PRV-22,19,2025-03-30,2025-08-17,2025-08-27,,Surgery,Rejected,Insufficient Documents,13705.5,104942.57,0.0,0
CLM100478,POL12654,CUS20326,Health,South,PRV-10,58,2024-02-26,2024-04-26,2024-04-26,2024-05-16,Diagnostic,Settled,,3457.65,27011.76,19547.08,1
CLM100479,POL10436,CUS22013,Travel,North,PRV-22,30,2024-06-25,2024-12-04,2024-12-10,2025-01-12,Lost Baggage,Settled,,2452.2,16004.64,11008.43,0
CLM100480,POL11151,CUS23464,Motor,Central,PRV-04,64,2025-02-03,2025-05-06,2025-05-15,,Glass Damage,Approved,,1849.02,30465.99,24293.2,0
CLM100481,POL13317,CUS20325,Motor,West,PRV-30,47,2025-01-09,2025-03-04,2025-03-13,,Glass Damage,Pending,,1517.96,13472.93,0.0,1
CLM100482,POL11002,CUS21056,Motor,West,PRV-19,64,2025-06-05,2025-07-02,2025-07-10,,Glass Damage,Approved,,5284.1,31990.45,22052.63,2
CLM100483,POL13187,CUS22955,Motor,East,PRV-28,38,2025-05-11,2025-12-14,2025-12-15,2026-01-20,Collision,Settled,,2590.4,41128.98,32329.08,0
CLM100484,POL11852,CUS21867,Home,West,PRV-07,30,2024-01-09,2024-07-20,2024-07-26,2024-09-16,Fire,Settled,,2051.28,42095.15,35603.31,0
CLM100485,POL10930,CUS20612,Travel,West,PRV-21,22,2024-02-25,2024-04-15,2024-04-16,2024-06-22,Medical,Settled,,1061.48,12990.04,12033.43,1
CLM100486,POL11336,CUS20745,Home,South,PRV-16,72,2024-08-07,2025-01-22,2025-01-31,2025-03-25,Theft,Settled,,6859.66,39242.48,36146.1,2
CLM100487,POL12123,CUS22676,Motor,West,PRV-09,68,2025-08-17,2026-05-09,2026-05-16,,Third Party,Approved,,1877.35,35019.48,27104.47,0
CLM100488,,CUS23013,Health,West,PRV-24,55,2024-10-22,2025-06-24,2025-06-26,,Emergency,Approved,,8029.85,167637.13,97799.21,0
CLM100489,POL12424,CUS21261,Home,West,PRV-15,67,2025-07-06,2025-11-19,2025-11-27,2026-01-31,Storm,Settled,,23976.49,133453.28,84693.14,1
CLM100490,POL13732,CUS21658,Motor,North,PRV-23,64,2024-02-06,2024-02-24,2024-03-03,2024-05-07,Glass Damage,Settled,,12119.3,136212.52,74945.62,1
CLM100491,POL13470,CUS22739,Health,South,PRV-01,20,2025-08-20,2026-02-26,2026-02-26,,Hospitalization,Pending,,1232.55,23527.68,0.0,0
CLM100492,POL13013,CUS20619,Motor,Central,PRV-04,71,2024-02-07,2024-07-11,2024-07-12,2024-08-07,Third Party,Settled,,6025.54,52951.8,29855.89,1
CLM100493,POL12412,CUS20721,Motor,East,PRV-24,73,2025-05-16,2026-02-16,2026-02-18,,Glass Damage,Pending,,1265.89,39462.0,0.0,2
CLM100494,POL11159,CUS22710,Home,Central,PRV-13,65,2025-06-27,2025-12-10,2025-12-10,2026-02-07,Storm,Settled,,1421.2,15145.49,12052.33,0
CLM100495,POL11650,CUS20653,Motor,West,PRV-06,55,2024-07-01,2025-02-07,2025-02-13,2025-04-11,Theft,Settled,,800.0,18273.82,10344.42,1
CLM100496,POL10475,CUS22697,Travel,Central,PRV-24,50,2024-07-05,2024-12-11,2024-12-21,2025-02-06,Delay,Settled,,811.08,7065.15,5849.53,4
CLM100497,,CUS21739,Motor,East,PRV-05,41,2024-12-26,2025-06-06,2025-06-06,,Theft,Rejected,Coverage Limit,8571.06,69280.44,0.0,0
CLM100498,POL13705,CUS23465,Motor,South,PRV-01,45,2025-03-23,2025-06-26,2025-07-03,,Collision,Approved,,800.0,14767.61,8311.81,1
CLM100499,POL11703,CUS20115,Motor,Central,PRV-17,31,2024-03-15,2024-07-14,2024-07-19,2024-09-13,Theft,Settled,,2226.0,20822.11,12642.61,0
CLM100500,POL10454,CUS23310,Motor,East,PRV-05,49,2024-05-26,2024-08-23,2024-09-02,2024-10-22,Theft,Settled,,6942.36,40422.95,30803.98,0
CLM100501,POL12607,CUS20788,Health,South,PRV-22,36,2025-04-12,2025-08-29,2025-09-03,2025-10-06,Emergency,Settled,,5493.77,61236.9,34846.12,1
CLM100502,POL13850,CUS20122,Motor,East,PRV-13,68,2025-05-15,2026-02-24,2026-03-04,,Collision,Approved,,8386.0,48424.86,27097.33,0
CLM100503,POL13469,CUS22534,Health,Central,PRV-28,20,2024-04-05,2024-07-17,2024-07-28,2024-09-18,Hospitalization,Settled,,2228.01,12766.44,10367.47,0
CLM100504,POL11096,CUS21863,Home,South,PRV-16,21,2025-07-05,2025-11-21,2025-11-22,,Theft,Pending,,7951.12,120403.17,0.0,1
CLM100505,POL11815,CUS22930,Motor,Central,PRV-06,67,2025-06-21,2026-03-31,2026-04-03,2026-04-10,Third Party,Settled,,6011.57,51554.19,47068.62,1
CLM100506,POL12124,CUS20379,Motor,Central,PRV-16,40,2025-06-22,2025-08-07,2025-08-10,,Third Party,Approved,,14246.59,92182.96,53932.08,1
CLM100507,POL10991,CUS20282,Health,West,PRV-20,50,2024-05-29,2024-08-13,2024-08-15,,Hospitalization,Rejected,,5188.75,38048.07,0.0,2
CLM100508,POL11074,CUS21985,Home,North,PRV-27,34,2025-02-18,2025-07-16,2025-07-23,,Water Damage,Approved,,3747.36,26019.82,14529.07,0
CLM100509,POL10946,CUS23087,Health,South,PRV-04,30,2024-04-09,2024-08-10,2024-08-10,,Emergency,Pending,,7576.8,109587.35,0.0,3
CLM100510,POL13978,CUS21420,Motor,East,PRV-23,43,2024-05-01,2024-08-12,2024-08-16,2024-08-28,Collision,Settled,,7869.53,46917.25,26832.06,2
CLM100511,POL12984,CUS22791,Health,West,PRV-19,25,2024-02-13,2024-10-03,2024-10-04,,Emergency,Pending,,4778.32,73122.74,0.0,1
CLM100512,POL13363,CUS23171,Health,East,PRV-29,52,2024-11-01,2025-03-31,2025-04-07,2025-04-12,Hospitalization,Settled,,4846.17,38242.81,35062.02,0
CLM100513,POL13266,CUS23043,Motor,Central,PRV-18,25,2025-03-17,2025-07-04,2025-07-13,2025-07-28,Collision,Settled,,10779.76,66252.66,40169.82,0
CLM100514,POL13836,CUS21780,Motor,West,PRV-29,62,2024-05-03,2024-09-24,2024-09-29,,Glass Damage,Rejected,Coverage Limit,3435.71,40938.23,0.0,1
CLM100515,POL10421,CUS22444,Travel,North,PRV-17,41,2024-04-25,2025-01-16,2025-01-21,2025-01-24,Trip Cancellation,Settled,,2359.67,20915.39,17257.61,1
CLM100516,POL13526,CUS21839,Motor,North,PRV-02,18,2024-06-20,2025-04-11,2025-04-16,2025-05-04,Third Party,Settled,,3093.17,23156.45,12961.78,1
CLM100517,POL10266,CUS22359,Motor,West,PRV-04,44,2024-05-02,2024-07-14,2024-07-16,2024-09-20,Theft,Settled,,4305.05,25432.56,20882.41,1
CLM100518,POL11901,CUS21984,Motor,South,PRV-04,43,2025-05-31,2025-06-13,2025-06-17,,Third Party,Rejected,Late Notification,2172.8,22352.64,0.0,0
CLM100519,POL12377,CUS21837,Health,Central,PRV-16,21,2024-04-15,2024-04-25,2024-05-06,2024-07-02,Surgery,Settled,,11602.64,96303.02,55980.97,0
CLM100520,POL11431,CUS21528,Health,North,PRV-25,34,2024-06-21,2024-11-02,2024-11-02,2024-12-07,Surgery,Settled,,4568.73,89112.68,49248.76,2
CLM100521,POL10584,CUS22284,Motor,Central,PRV-18,34,2024-07-08,2025-01-12,2025-01-21,2025-03-05,Glass Damage,Settled,,800.0,12232.5,8962.48,0
CLM100522,POL10769,CUS22628,Health,East,PRV-29,60,2024-05-05,2024-05-21,2024-05-22,2024-06-03,Diagnostic,Settled,,1262.56,38011.41,35429.57,0
CLM100523,POL13298,CUS23216,Health,Central,PRV-16,62,2025-08-06,2026-01-05,2026-01-06,,Diagnostic,Pending,,5646.62,55638.54,0.0,2
CLM100524,POL11274,CUS22146,Motor,East,PRV-21,33,2024-05-09,2024-09-06,2024-09-09,,Glass Damage,Pending,,5125.28,45819.59,0.0,1
CLM100525,POL11241,CUS20351,Travel,East,PRV-07,72,2024-10-28,2025-08-03,2025-08-06,2025-08-30,Trip Cancellation,Settled,,800.0,6449.75,5431.98,1
CLM100526,POL13693,CUS22056,Motor,East,PRV-01,31,2024-12-17,2025-06-16,2025-06-19,2025-07-10,Glass Damage,Settled,,1260.98,22058.86,16366.58,2
CLM100527,POL10575,CUS21105,Motor,West,PRV-22,48,2024-06-10,2024-10-15,2024-10-25,,Third Party,Pending,,5757.42,82313.36,0.0,4
CLM100528,POL13661,CUS20093,Travel,Central,PRV-03,28,2024-10-19,2025-04-13,2025-04-23,,Delay,Approved,,1824.23,11144.32,9924.15,0
CLM100529,POL13683,CUS20253,Home,West,PRV-29,26,2024-04-15,2024-05-26,2024-06-03,,Water Damage,Approved,,10997.47,244992.21,154989.65,0
CLM100530,POL12394,CUS22069,Motor,South,PRV-29,47,2024-10-26,2025-03-18,2025-03-19,,Third Party,Rejected,Insufficient Documents,2101.3,20311.53,0.0,0
CLM100531,POL10662,CUS23306,Home,North,PRV-07,32,2024-01-12,2024-04-20,2024-05-01,,Fire,Rejected,Policy Exclusion,3308.49,22300.41,0.0,0
CLM100532,POL10623,CUS21769,Health,East,PRV-03,21,2024-09-29,2024-11-23,2024-12-03,,Hospitalization,Pending,,87741.75,546589.05,0.0,1
CLM100533,POL11138,CUS21558,Motor,North,PRV-27,74,2024-08-14,2024-12-10,2024-12-10,,Collision,Approved,,25503.5,190366.77,167204.51,1
CLM100534,POL12309,CUS20310,Home,West,PRV-28,58,2024-08-05,2025-02-13,2025-02-17,2025-04-02,Theft,Settled,,10755.34,154015.64,135468.53,0
CLM100535,POL10614,CUS22363,Home,West,PRV-17,57,2024-03-09,2024-08-31,2024-09-09,2024-11-22,Water Damage,Settled,,1679.47,34834.65,33292.43,0
CLM100536,POL11822,CUS20194,Motor,North,PRV-12,69,2025-09-11,2026-06-27,2026-06-28,,Theft,Rejected,Suspected Misrepresentation,1540.43,28694.01,0.0,2
CLM100537,POL10461,CUS22943,Health,South,PRV-14,60,2024-01-17,2024-04-09,2024-04-09,2024-04-30,Diagnostic,Settled,,7119.34,48916.29,39011.51,3
CLM100538,POL12161,CUS22857,Motor,North,PRV-28,29,2024-03-31,2024-10-27,2024-11-03,,Theft,Approved,,2634.46,35371.39,33676.21,1
CLM100539,POL10084,CUS23468,Motor,West,PRV-17,70,2024-03-04,2024-08-16,2024-08-20,2024-08-23,Collision,Settled,,1441.51,17866.81,14905.24,0
CLM100540,POL12836,CUS20994,Travel,South,PRV-06,46,2025-08-29,2026-05-18,2026-05-23,2026-06-17,Lost Baggage,Settled,,800.0,6787.51,6577.81,0
CLM100541,POL10221,CUS20566,Health,South,PRV-21,67,2024-07-16,2025-04-14,2025-04-23,,Diagnostic,Rejected,Policy Exclusion,4554.85,47846.69,0.0,0
CLM100542,POL10779,CUS21048,Health,West,PRV-30,69,2024-09-24,2025-04-24,2025-04-30,2025-06-12,Hospitalization,Settled,,13253.87,165298.79,106829.39,0
CLM100543,POL10698,CUS22798,Health,Central,PRV-02,18,2025-04-10,2025-08-15,2025-08-23,,Surgery,Approved,,3357.55,40184.88,26104.31,0
CLM100544,POL13323,CUS20765,Health,Central,PRV-16,67,2024-02-01,2024-07-10,2024-07-11,,Hospitalization,Pending,,876.02,24980.25,0.0,1
CLM100545,POL10213,CUS23105,Motor,South,PRV-17,22,2024-02-11,2024-08-24,2024-08-24,,Third Party,Approved,,5650.4,56853.4,47201.18,1
CLM100546,POL11717,CUS20539,Travel,West,PRV-24,63,2024-04-23,2024-12-20,2024-12-23,,Medical,Pending,,1776.34,37969.28,0.0,0
CLM100547,POL12364,CUS20171,Health,West,PRV-17,56,2025-02-24,2025-05-04,2025-05-06,,Hospitalization,Rejected,Coverage Limit,4438.03,40217.18,0.0,0
CLM100548,POL12063,CUS20767,Health,North,PRV-07,28,2025-08-29,2026-05-18,2026-05-21,2026-07-07,Surgery,Settled,,2215.95,16996.43,14914.04,1
CLM100549,POL12722,CUS22639,Health,East,PRV-19,71,2025-01-19,2025-09-16,2025-09-25,,Surgery,Rejected,Coverage Limit,4415.95,39457.73,0.0,2
CLM100550,POL13212,CUS22107,Motor,West,PRV-04,43,2025-06-24,2025-07-21,2025-07-22,2025-09-14,Glass Damage,Settled,,2014.04,38753.41,21998.27,0
CLM100551,POL11574,CUS21241,Motor,East,PRV-16,39,2025-06-30,2025-09-19,2025-09-20,,Collision,Rejected,Late Notification,11513.12,94004.36,0.0,1
CLM100552,POL13312,CUS22296,Motor,East,PRV-07,75,2024-06-20,2024-08-30,2024-09-01,,Glass Damage,Rejected,Coverage Limit,6963.61,75757.48,0.0,1
CLM100553,POL11271,CUS22270,Motor,South,PRV-30,50,2024-04-24,2024-10-15,2024-10-18,2024-12-29,Theft,Settled,,2626.13,31297.39,18669.41,2
CLM100554,POL13937,CUS21941,Health,East,PRV-23,32,2024-04-09,2024-06-11,2024-06-13,2024-08-22,Surgery,Settled,,1965.75,37574.3,34107.24,0
CLM100555,POL12018,CUS21799,Home,North,PRV-23,68,2025-05-07,2025-08-05,2025-08-07,2025-09-21,Fire,Settled,,8184.72,45686.53,37792.94,2
CLM100556,POL12944,CUS20355,Motor,North,PRV-01,25,2025-02-19,2025-04-17,2025-04-23,2025-05-02,Theft,Settled,,4545.89,51134.44,44648.48,3
CLM100557,POL13500,CUS20909,Motor,East,PRV-13,52,2025-06-20,2025-07-11,2025-07-12,2025-09-13,Theft,Settled,,3717.4,37757.17,25020.94,1
CLM100558,POL13170,CUS21846,Health,Central,PRV-21,41,2024-11-10,2025-03-28,2025-03-29,2025-06-05,Diagnostic,Settled,,2360.56,53457.91,47388.57,0
CLM100559,POL13404,CUS20473,Motor,Central,PRV-15,66,2025-08-28,2025-12-02,2025-12-12,,Glass Damage,Rejected,Late Notification,8359.15,63654.35,0.0,0
CLM100560,POL12146,CUS21665,Travel,South,PRV-04,26,2025-07-08,2025-12-06,2025-12-06,2026-01-04,Lost Baggage,Settled,,1070.63,14787.91,13858.54,0
CLM100561,POL10173,CUS20409,Motor,South,PRV-16,52,2025-05-16,2025-07-19,2025-07-19,,Collision,Pending,,4282.18,30364.71,0.0,0
CLM100562,POL11972,CUS22755,Motor,West,PRV-20,45,2025-05-12,2025-08-06,2025-08-06,,Theft,Rejected,Coverage Limit,2040.14,50915.58,0.0,1
CLM100563,POL10725,CUS20361,Motor,Central,PRV-22,46,2024-03-17,2024-12-09,2024-12-15,,Third Party,Pending,,11573.26,155292.35,0.0,1
CLM100564,POL13556,CUS20323,Travel,South,PRV-10,53,2025-04-06,2025-12-03,2025-12-11,2026-02-14,Lost Baggage,Settled,,1123.4,7919.76,5544.6,0
CLM100565,POL10946,CUS22232,Motor,North,PRV-18,39,2025-08-10,2025-10-29,2025-11-06,2025-11-23,Third Party,Settled,,4456.48,49848.16,34348.99,0
CLM100566,POL10912,CUS20771,Health,South,PRV-28,40,2024-06-30,2024-08-18,2024-08-26,,Diagnostic,Approved,,3672.86,104512.31,60423.5,0
CLM100567,POL10997,CUS21229,Motor,Central,PRV-29,35,2025-05-20,2026-03-08,2026-03-08,,Third Party,Pending,,2512.12,16924.48,0.0,1
CLM100568,POL12570,CUS21099,Motor,South,PRV-10,32,2024-08-05,2025-02-25,2025-03-01,2025-04-24,Glass Damage,Settled,,12171.21,69613.59,52677.51,1
CLM100569,POL12284,CUS20758,Home,East,PRV-21,72,2024-05-11,2024-10-06,2024-10-13,2024-12-23,Theft,Settled,,7184.78,83083.02,60390.79,1
CLM100570,POL13795,CUS22666,Motor,West,PRV-28,44,2025-03-28,2025-10-24,2025-11-01,2025-12-30,Third Party,Settled,,1713.72,13905.64,9184.56,1
CLM100571,POL11665,CUS22421,Motor,East,PRV-03,38,2024-04-12,2024-06-18,2024-06-22,2024-07-11,Theft,Settled,,4956.41,57701.31,46152.44,1
CLM100572,POL11129,CUS20835,Health,West,PRV-18,63,2024-10-25,2025-03-03,2025-03-13,2025-05-04,Surgery,Settled,,6289.57,55538.3,44531.24,2
CLM100573,POL10197,CUS22403,Home,Central,PRV-23,25,2025-08-03,2025-11-29,2025-12-09,2026-02-14,Theft,Settled,,9190.32,65279.32,35972.74,2
CLM100574,POL10028,CUS22497,Motor,East,PRV-07,65,2024-04-07,2024-11-09,2024-11-18,2025-01-19,Glass Damage,Settled,,3673.25,29400.87,17303.04,1
CLM100574,POL11494,CUS21887,Motor,Central,PRV-09,18,2024-04-06,2024-05-31,2024-06-09,2024-07-20,Glass Damage,Settled,,6581.23,85241.86,70394.08,1
CLM100576,POL13703,CUS22024,Travel,West,PRV-26,18,2025-08-07,2026-01-01,2026-01-12,2026-02-05,Lost Baggage,Settled,,2598.89,43842.24,29715.71,0
CLM100577,POL12095,CUS23272,Health,North,PRV-06,33,2025-04-26,2026-01-01,2026-01-10,2026-01-20,Emergency,Settled,,9569.37,85708.55,85084.1,1
CLM100578,POL13574,CUS21588,Home,North,PRV-10,20,2024-10-13,2024-12-11,2024-12-18,,Fire,Pending,,9518.31,73828.48,0.0,1
CLM100579,POL10406,CUS21348,Home,East,PRV-25,46,2024-09-08,2024-10-14,2024-10-18,2024-11-28,Water Damage,Settled,,8174.42,70363.33,43514.23,0
CLM100580,POL10373,CUS21886,Health,East,PRV-19,71,2025-08-20,2026-04-23,2026-04-27,2026-07-08,Hospitalization,Settled,,8776.09,178299.32,101646.19,0
CLM100581,POL13333,CUS22925,Health,West,PRV-20,27,2025-03-24,2025-12-11,2025-12-20,,Diagnostic,Approved,,23562.2,283005.87,243083.34,1
CLM100582,POL10426,CUS22483,Motor,East,PRV-17,31,2025-07-17,2025-11-23,2025-11-26,2026-01-19,Glass Damage,Settled,,5554.83,39202.09,26687.93,0
CLM100583,POL10207,CUS20262,Health,South,PRV-12,25,2024-02-26,2024-03-11,2024-03-18,,Hospitalization,Rejected,,2596.84,49927.49,0.0,1
CLM100584,POL11616,CUS21607,Health,North,PRV-24,41,2024-11-24,2025-05-05,2025-05-11,,Hospitalization,Approved,,4763.16,29310.46,17577.36,0
CLM100585,POL13699,CUS22589,Travel,Central,PRV-09,42,2025-03-25,2025-06-23,2025-06-27,2025-08-22,Trip Cancellation,Settled,,1073.74,10739.51,6160.32,0
CLM100586,POL12757,CUS20783,Health,Central,PRV-08,24,2024-01-23,2024-07-17,2024-07-22,2024-09-25,Emergency,Settled,,9333.24,62776.41,41034.57,0
CLM100587,POL10396,CUS23459,Motor,West,PRV-14,72,2024-11-13,2024-12-25,2024-12-25,2025-02-12,Collision,Settled,,1526.92,18822.8,13712.0,0
CLM100588,POL13348,CUS22828,Health,Central,PRV-04,37,2024-02-04,2024-10-02,2024-10-10,2024-12-03,Emergency,Settled,,1112.09,13257.7,11241.58,0
CLM100589,POL13374,CUS22963,Health,East,PRV-19,30,2025-07-12,2026-02-02,2026-02-02,,Hospitalization,Pending,,10930.83,62442.5,0.0,0
CLM100590,POL13202,CUS20286,Health,North,PRV-28,62,2025-02-26,2025-09-07,2025-09-07,,Surgery,Approved,,6313.36,54849.86,39205.29,2
CLM100591,POL13610,CUS22028,Home,South,PRV-22,56,2024-04-26,2024-09-27,2024-09-30,,Theft,Approved,,1766.54,39008.48,38875.3,2
CLM100592,POL10959,CUS21847,Health,North,PRV-10,21,2024-11-19,2025-01-24,2025-01-30,2025-02-10,Diagnostic,Settled,,4672.24,26906.09,23045.21,0
CLM100593,POL13918,CUS22193,Motor,South,PRV-03,73,2024-03-08,2024-12-14,2024-12-17,,Glass Damage,Pending,,3731.49,43274.89,0.0,0
CLM100594,POL11282,CUS22975,Health,Central,PRV-19,44,2025-05-13,2025-08-01,2025-08-11,,Hospitalization,Rejected,Suspected Misrepresentation,20241.22,148250.88,0.0,1
CLM100595,POL13208,CUS21236,Health,North,PRV-16,65,2024-05-01,2024-08-19,2024-08-30,2024-11-07,Hospitalization,Settled,,2947.3,59802.14,43786.75,1
CLM100596,POL12317,CUS21868,Travel,West,PRV-27,53,2025-01-11,2025-10-15,2025-10-19,,Trip Cancellation,Approved,,2548.94,16102.12,10524.4,0
CLM100597,POL13117,CUS22378,Health,North,PRV-15,64,2024-02-18,2024-03-02,2024-03-13,2024-03-31,Diagnostic,Settled,,4131.32,23762.23,23137.36,0
CLM100598,POL12511,CUS22636,Health,Central,PRV-03,34,2024-04-07,2024-05-15,2024-05-16,2024-07-08,Surgery,Settled,,2842.24,32509.76,31124.16,1
CLM100599,POL12569,CUS22696,Health,Central,PRV-28,30,2025-08-30,2026-04-15,2026-04-16,2026-05-31,Diagnostic,Settled,,3618.67,69983.35,56410.57,0
CLM100600,POL12465,CUS21179,Health,Central,PRV-09,65,2024-08-27,2024-12-16,2024-12-20,,Surgery,Pending,,1819.98,16014.36,0.0,0
CLM100601,POL13115,CUS23493,Motor,West,PRV-24,66,2024-03-17,2024-09-07,2024-09-18,,Glass Damage,Approved,,1068.1,19681.89,15650.75,2
CLM100602,POL12956,CUS20033,Home,West,PRV-03,18,2025-03-09,2025-08-30,2025-09-05,,Fire,Rejected,Policy Exclusion,19168.17,199003.18,0.0,0
CLM100603,POL10538,CUS21723,Travel,North,PRV-29,23,2024-05-04,2025-01-07,2025-01-15,,Lost Baggage,Rejected,Late Notification,4071.03,32990.86,0.0,2
CLM100604,POL13304,CUS22130,Health,North,PRV-28,42,2024-12-31,2025-07-05,2025-07-12,,Diagnostic,Pending,,2868.47,56360.79,0.0,1
CLM100605,POL12144,CUS20214,Health,South,PRV-03,36,2025-05-17,2025-09-22,2025-09-27,,Hospitalization,Approved,,7976.72,46321.66,39813.19,0
CLM100606,POL11292,CUS21579,Motor,Central,PRV-29,67,2025-02-27,2025-08-11,2025-08-22,2025-10-03,Third Party,Settled,,6358.37,46808.36,27799.04,1
CLM100607,POL12056,CUS22085,Health,North,PRV-24,50,2024-06-01,2025-01-08,2025-01-19,,Hospitalization,Pending,,1543.43,18332.3,0.0,2
CLM100608,POL13867,CUS22126,Health,West,PRV-28,24,2024-05-26,2024-09-17,2024-09-22,2024-10-06,Diagnostic,Settled,,3828.12,41450.9,26688.81,0
CLM100609,POL13430,CUS20416,Health,Central,PRV-07,44,2024-05-17,2024-07-08,2024-07-16,,Diagnostic,Rejected,Suspected Misrepresentation,18550.57,117992.87,0.0,2
CLM100610,POL13334,CUS20971,Motor,North,PRV-11,29,2025-01-26,2025-06-21,2025-06-28,,Collision,Pending,,14676.94,144742.1,0.0,0
CLM100611,POL11851,CUS20856,Health,South,PRV-16,59,2025-02-20,2025-12-16,2025-12-23,2026-02-09,Hospitalization,Settled,,6095.94,34234.9,27521.98,0
CLM100612,POL13136,CUS22239,Motor,East,PRV-15,56,2024-11-19,2024-12-23,2024-12-24,,Theft,Approved,,800.0,18016.21,12225.52,0
CLM100613,POL11540,CUS21150,Health,North,PRV-22,51,2024-09-04,2024-10-26,2024-10-28,2025-01-04,Emergency,Settled,,2255.02,31895.36,17664.86,2
CLM100614,POL12744,CUS22000,Health,North,PRV-28,36,2024-02-08,2024-12-02,2024-12-13,2024-12-31,Hospitalization,Settled,,3437.6,31898.43,28742.42,1
CLM100615,POL12558,CUS22558,Motor,East,PRV-27,54,2025-06-01,2026-02-05,2026-02-07,2026-03-03,Glass Damage,Settled,,1927.52,38262.2,33352.79,2
CLM100616,POL10999,CUS22790,Health,West,PRV-27,32,2025-02-13,2025-03-20,2025-03-27,2025-04-05,Diagnostic,Settled,,8179.73,98038.06,94669.62,2
CLM100617,POL11065,CUS20643,Home,South,PRV-10,34,2025-01-30,2025-04-04,2025-04-14,2025-06-16,Storm,Settled,,32386.29,299882.37,242193.16,0
CLM100618,POL10244,CUS23162,Health,East,PRV-01,48,2024-03-05,2024-09-28,2024-10-05,2024-11-20,Emergency,Settled,,1646.02,23804.13,15107.69,0
CLM100619,POL10559,CUS20580,Motor,East,PRV-06,29,2024-06-27,2025-02-16,2025-02-18,2025-03-30,Theft,Settled,,800.0,13124.28,8227.3,1
CLM100620,POL11734,CUS20076,Health,East,PRV-06,54,2024-07-07,2025-02-12,2025-02-22,2025-04-24,Diagnostic,Settled,,4680.13,66619.38,48311.31,0
CLM100621,POL11911,CUS20157,Motor,East,PRV-24,69,2025-01-05,2025-09-20,2025-09-20,2025-11-16,Third Party,Settled,,1775.07,41878.81,29264.74,1
CLM100622,POL10660,CUS20703,Health,North,PRV-13,59,2025-05-03,2025-10-02,2025-10-10,2025-11-11,Hospitalization,Settled,,1220.32,20547.47,15073.78,0
CLM100623,POL11667,CUS23056,Health,North,PRV-12,29,2025-06-21,2026-03-11,2026-03-14,2026-05-14,Diagnostic,Settled,,2135.02,54531.28,35512.53,0
CLM100624,POL12416,CUS20727,Motor,South,PRV-23,40,2024-11-19,2025-05-17,2025-05-24,,Theft,Rejected,Coverage Limit,29714.65,171880.51,0.0,1
CLM100625,POL10930,CUS22427,Health,North,PRV-03,60,2024-08-13,2025-01-03,2025-01-08,2025-02-25,Hospitalization,Settled,,2939.01,54273.17,31943.46,1
CLM100626,POL11352,CUS21464,Home,North,PRV-12,52,2024-09-10,2025-03-20,2025-03-26,,Storm,Approved,,1829.44,60596.96,53484.23,0
CLM100627,POL11470,CUS20139,Home,Central,PRV-13,63,2025-04-01,2025-08-08,2025-08-12,,Water Damage,Rejected,Late Notification,19082.22,109915.87,0.0,1
CLM100628,POL12020,CUS21554,Motor,West,PRV-07,71,2024-07-16,2025-01-14,2025-01-20,,Glass Damage,Approved,,4286.02,29808.09,23847.3,0
CLM100629,POL11465,CUS20099,Motor,South,PRV-10,59,2024-09-14,2025-05-22,2025-06-02,2025-07-17,Collision,Settled,,4286.45,61188.5,50541.76,0
CLM100630,POL12947,CUS21666,Health,East,PRV-25,73,2025-05-02,2026-02-13,2026-02-22,,Diagnostic,Pending,,11984.8,74054.46,0.0,0
CLM100631,POL11309,CUS21955,Motor,Central,PRV-21,36,2024-12-02,2025-05-25,2025-05-30,2025-07-21,Theft,Settled,,5567.75,34637.45,29574.08,0
CLM100632,POL11735,CUS21824,Health,West,PRV-11,54,2024-10-16,2024-10-18,2024-10-29,2024-11-30,Emergency,Settled,,800.0,3859.5,2593.16,1
CLM100633,POL11517,CUS20988,Motor,West,PRV-27,40,2025-03-30,2025-10-02,2025-10-12,,Glass Damage,Pending,,3942.14,33173.62,0.0,1
CLM100634,POL10731,CUS22682,Motor,East,PRV-04,49,2024-06-27,2024-09-11,2024-09-18,2024-11-29,Glass Damage,Settled,,2417.39,20537.29,18948.71,0
CLM100635,POL12742,CUS22088,Health,North,PRV-27,50,2024-02-07,2024-04-18,2024-04-25,,Emergency,Pending,,4429.06,25260.51,0.0,2
CLM100636,POL10941,CUS20891,Motor,West,PRV-20,61,2025-05-03,2026-01-22,2026-01-22,2026-02-12,Glass Damage,Settled,,2610.36,26163.25,22688.57,0
CLM100637,POL11187,CUS21521,Health,Central,PRV-07,55,2024-10-09,2025-02-20,2025-02-26,2025-05-02,Surgery,Settled,,9059.74,59885.46,43067.33,0
CLM100638,POL13171,CUS20379,Motor,East,PRV-26,70,2024-07-20,2025-03-14,2025-03-16,,Glass Damage,Approved,,1661.61,35448.76,31272.3,3
CLM100639,POL13795,CUS23231,Health,North,PRV-05,57,2024-02-29,2024-06-19,2024-06-20,,Diagnostic,Pending,,12043.41,89128.48,0.0,1
CLM100640,POL12683,CUS22635,Health,Central,PRV-18,31,2025-07-28,2026-01-26,2026-02-05,,Surgery,Approved,,16168.28,90611.71,69944.93,2
CLM100641,POL13665,CUS21007,Home,Central,PRV-18,47,2025-03-25,2025-10-10,2025-10-13,2025-12-09,Fire,Settled,,2777.89,88196.16,85355.86,0
CLM100642,POL13416,CUS22362,Home,South,PRV-30,39,2024-06-18,2025-03-13,2025-03-20,2025-05-08,Theft,Settled,,2423.13,35278.69,27259.56,4
CLM100643,POL11923,CUS22377,Motor,North,PRV-07,49,2025-01-11,2025-03-11,2025-03-21,,Theft,Approved,,5895.1,39901.36,25982.66,0
CLM100644,POL13081,CUS22133,Health,Central,PRV-27,19,2024-10-14,2025-03-31,2025-04-07,,Diagnostic,Approved,,5571.14,39773.46,31386.91,0
CLM100645,POL11313,CUS20189,Motor,West,PRV-05,74,2024-07-21,2024-11-20,2024-11-29,2024-12-07,Collision,Settled,,4641.53,33123.15,18345.06,0
CLM100646,POL11841,CUS23074,Health,Central,PRV-08,74,2024-07-12,2024-11-28,2024-12-07,2025-01-04,Diagnostic,Settled,,33059.29,186386.51,125908.52,1
CLM100647,POL12141,CUS23345,Motor,North,PRV-02,48,2024-02-17,2024-10-28,2024-11-02,,Third Party,Pending,,2331.58,52538.7,0.0,0
CLM100648,POL13841,CUS23409,Health,West,PRV-10,65,2025-08-27,2025-10-07,2025-10-18,,Diagnostic,Pending,,4112.73,31331.72,0.0,0
CLM100649,POL13394,CUS23432,Motor,West,PRV-22,62,2025-07-27,2026-01-07,2026-01-17,,Third Party,Rejected,Insufficient Documents,2734.4,21670.95,0.0,2
CLM100650,POL11957,CUS23250,Home,North,PRV-06,22,2025-06-23,2025-10-17,2025-10-21,,Storm,Approved,,1792.4,29449.07,24133.0,3
CLM100651,POL12610,CUS22586,Health,East,PRV-03,26,2024-07-14,2025-04-08,2025-04-17,2025-06-07,Emergency,Settled,,0.0,28538.73,18605.16,0
CLM100652,POL10809,CUS20199,Health,South,PRV-17,68,2025-09-10,2025-11-14,2025-11-16,2025-12-20,Surgery,Settled,,5405.55,42385.86,27466.86,1
CLM100653,POL13217,CUS21628,Motor,West,PRV-01,28,2024-06-19,2024-08-28,2024-08-29,2024-10-11,Glass Damage,Settled,,4658.8,36346.34,30929.19,0
CLM100654,POL12212,CUS20858,Motor,West,PRV-20,59,2025-05-26,2025-06-23,2025-06-29,2025-07-02,Glass Damage,Settled,,14119.57,117652.58,116286.45,0
CLM100655,POL12130,CUS20769,Motor,East,PRV-23,74,2024-03-03,2024-07-13,2024-07-20,,Collision,Approved,,8662.18,87246.6,60052.3,0
CLM100656,POL13065,CUS22907,Travel,North,PRV-23,68,2024-07-11,2024-07-15,2024-07-22,,Trip Cancellation,Rejected,Policy Exclusion,2106.58,15829.37,0.0,0
CLM100657,POL12531,CUS22843,Home,West,PRV-03,73,2024-12-23,2025-05-22,2025-05-31,2025-08-07,Theft,Settled,,2929.57,37422.59,37153.44,0
CLM100658,POL10289,CUS21827,Motor,East,PRV-16,67,2025-08-23,2025-10-29,2025-11-02,2026-01-13,Third Party,Settled,,2737.68,41879.5,38763.45,0
CLM100659,POL11152,CUS22577,Home,Central,PRV-10,18,2024-06-13,2024-10-11,2024-10-20,2024-11-02,Fire,Settled,,5183.11,43441.17,42189.93,2
CLM100660,POL10706,CUS20452,Health,South,PRV-04,32,2024-09-25,2025-03-25,2025-04-04,,Surgery,Pending,,3695.41,30143.95,0.0,1
CLM100661,POL12939,CUS20776,Motor,West,PRV-05,74,2025-06-06,2025-12-28,2025-12-29,,Theft,Approved,,4380.85,28851.94,27989.91,1
CLM100662,POL10140,CUS23011,Health,East,PRV-08,34,2024-10-19,2024-11-07,2024-11-12,2024-12-07,Diagnostic,Settled,,1122.14,12142.93,11259.51,1
CLM100663,POL10809,CUS21579,Motor,Central,PRV-23,22,2025-02-27,2025-04-13,2025-04-15,,Third Party,Rejected,Late Notification,4007.1,27708.1,0.0,0
CLM100664,POL12389,CUS21913,Motor,South,PRV-15,37,2024-09-16,2024-12-21,2024-12-28,,Collision,Approved,,7599.0,45324.78,37660.31,1
CLM100665,POL12779,CUS21619,Health,North,PRV-03,23,2024-01-03,2024-06-07,2024-06-11,2024-07-01,Hospitalization,Settled,,8552.74,91132.72,57183.38,1
CLM100666,POL12013,CUS20707,Motor,South,PRV-09,58,2024-06-24,2025-03-16,2025-03-19,2025-04-04,Theft,Settled,,6908.95,62026.65,45773.77,2
CLM100667,POL13442,CUS22892,Home,East,PRV-06,67,2024-12-16,2025-01-27,2025-01-30,2025-04-02,Fire,Settled,,5367.71,32230.87,26464.77,0
CLM100668,POL13675,CUS22654,Health,North,PRV-02,56,2024-01-13,2024-02-03,2024-02-07,2024-03-30,Emergency,Settled,,9991.66,133155.49,79845.8,2
CLM100669,POL10528,CUS22393,Home,East,PRV-27,58,2024-05-23,2024-11-28,2024-11-29,,Water Damage,Pending,,13242.09,95680.87,0.0,0
CLM100670,POL13810,CUS21236,Health,South,PRV-27,46,2025-08-13,2026-06-02,2026-06-03,2026-08-05,Diagnostic,Settled,,3985.15,34182.88,33093.17,0
CLM100671,POL12457,CUS22251,Home,Central,PRV-02,59,2024-01-10,2024-09-15,2024-09-22,2024-10-22,Fire,Settled,,1864.56,20244.97,19036.69,1
CLM100672,POL12544,CUS23336,Motor,North,PRV-16,49,2024-06-02,2024-11-19,2024-11-30,2024-12-21,Theft,Settled,,7849.78,49174.98,29891.01,0
CLM100673,POL10380,CUS22274,Health,South,PRV-26,37,2025-01-19,2025-01-25,2025-01-31,,Emergency,Approved,,3509.51,65586.98,55822.5,1
CLM100674,POL12487,CUS21729,Health,South,,44,2024-12-15,2025-06-06,2025-06-17,2025-08-23,Diagnostic,Settled,,3398.69,96252.78,91506.88,1
CLM100675,POL12902,CUS20946,Travel,Central,PRV-11,21,2024-05-07,2024-09-21,2024-09-22,2024-11-18,Trip Cancellation,Settled,,800.0,6020.39,3684.06,3
CLM100676,POL12323,CUS21829,Motor,East,PRV-04,36,2024-02-06,2024-06-19,2024-06-30,,Third Party,Rejected,Suspected Misrepresentation,33721.95,208881.75,0.0,0
CLM100677,POL10337,CUS21300,Health,West,PRV-03,53,2025-07-11,2025-12-06,2025-12-13,,Diagnostic,Rejected,Suspected Misrepresentation,10307.32,126408.13,0.0,2
CLM100678,POL12092,CUS22139,Home,West,PRV-28,65,2024-12-07,2025-05-24,2025-06-01,2025-08-14,Fire,Settled,,9675.71,72971.78,62787.29,0
CLM100679,,CUS20159,Motor,South,PRV-20,31,2024-12-21,2025-07-25,2025-07-25,2025-07-28,Glass Damage,Settled,,1193.39,18466.06,15537.06,1
CLM100680,POL12893,CUS20665,Home,North,PRV-26,51,2024-02-05,2024-04-03,2024-04-10,2024-05-16,Storm,Settled,,12554.67,121144.36,114145.18,1
CLM100681,POL10549,CUS22754,Motor,South,PRV-30,53,2024-05-09,2024-06-01,2024-06-05,2024-08-03,Third Party,Settled,,5830.72,53774.79,41329.89,2
CLM100682,POL13839,CUS21332,Motor,North,PRV-12,62,2024-02-15,2024-03-02,2024-03-12,,Collision,Approved,,800.0,9156.81,8163.2,1
CLM100683,POL13835,CUS21515,Health,Central,PRV-22,31,2025-08-30,2025-12-30,2026-01-08,,Surgery,Approved,,1106.21,12554.79,7988.88,2
CLM100684,POL10677,CUS21903,Health,South,PRV-06,27,2025-04-22,2025-09-21,2025-10-01,2025-12-06,Diagnostic,Settled,,5021.02,72489.25,60831.67,0
CLM100685,POL13203,CUS21533,Motor,East,PRV-21,67,2024-12-04,2025-07-27,2025-08-06,2025-08-17,Glass Damage,Settled,,1501.94,33301.42,31455.75,1
CLM100686,POL11626,CUS22655,Motor,Central,PRV-24,32,2025-02-26,2025-07-06,2025-07-14,,Third Party,Pending,,2459.6,25959.4,0.0,0
CLM100687,POL12374,CUS20858,Motor,Central,PRV-17,27,2024-04-12,2024-09-19,2024-09-21,,Collision,Pending,,8387.7,73226.82,0.0,0
CLM100688,POL11780,CUS22654,Home,East,PRV-18,41,2025-09-04,2026-06-24,2026-06-27,2026-08-26,Theft,Settled,,2316.15,53234.12,44365.52,1
CLM100689,POL13130,CUS20732,Home,West,PRV-14,35,2024-11-16,2025-06-29,2025-07-09,,Fire,Approved,,3075.19,36747.65,29329.57,2
CLM100690,POL13986,CUS21297,Health,Central,PRV-25,31,2024-11-16,2025-06-11,2025-06-18,,Surgery,Approved,,800.0,4518.35,4345.61,1
CLM100691,POL13180,CUS22057,Motor,Central,PRV-16,22,2025-08-17,2025-12-04,2025-12-14,2026-01-29,Third Party,Settled,,8595.04,50595.1,35190.49,0
CLM100692,POL13725,CUS23100,Health,North,PRV-15,53,2024-02-29,2024-04-15,2024-04-24,2024-06-10,Diagnostic,Settled,,8861.18,72902.53,64647.04,0
CLM100693,POL13784,CUS20813,Home,North,PRV-12,31,2024-09-20,2025-06-23,2025-06-30,2025-08-26,Water Damage,Settled,,5853.53,34163.25,29444.36,2
CLM100694,POL10360,CUS22055,Home,East,PRV-27,59,2024-02-24,2024-08-08,2024-08-09,2024-09-11,Water Damage,Settled,,10778.19,99194.18,90903.13,3
CLM100695,POL11013,CUS20224,Motor,North,PRV-03,35,2024-09-20,2024-10-14,2024-10-25,2024-12-29,Glass Damage,Settled,,4459.37,29632.62,22933.68,1
CLM100696,POL12887,CUS20263,Motor,South,PRV-22,31,2024-06-14,2024-11-06,2024-11-08,,Third Party,Pending,,2581.99,58103.54,0.0,0
CLM100697,POL12360,CUS22686,Travel,West,PRV-13,66,2024-10-12,2024-11-09,2024-11-11,2024-12-31,Medical,Settled,,1075.85,9382.72,5304.84,0
CLM100698,POL10200,CUS22516,Home,West,PRV-11,18,2025-03-11,2025-12-30,2025-12-31,2026-01-28,Theft,Settled,,8352.31,100702.67,97593.98,1
CLM100699,POL10380,CUS21317,Motor,Central,PRV-14,23,2024-06-22,2024-11-28,2024-11-28,2025-01-15,Third Party,Settled,,7152.94,51362.28,37201.23,0
CLM100700,,CUS22180,Home,North,PRV-23,53,2024-02-01,2024-09-23,2024-09-27,,Theft,Approved,,30412.53,188150.64,150221.24,0
CLM100701,POL12464,CUS21330,Motor,West,PRV-11,21,2024-04-10,2024-08-29,2024-09-08,2024-10-18,Third Party,Settled,,12037.16,87965.96,56227.83,0
CLM100702,POL10670,CUS20970,Motor,West,PRV-10,74,2025-03-19,2025-03-25,2025-04-04,2025-05-31,Collision,Settled,,1443.16,33373.72,27609.89,0
CLM100703,POL10685,CUS21509,Home,North,PRV-30,41,2024-12-24,2025-07-03,2025-07-08,,Storm,Pending,,8091.0,65695.97,0.0,2
CLM100704,POL10517,CUS21091,Health,West,PRV-13,36,2025-08-29,2026-03-13,2026-03-16,2026-04-19,Emergency,Settled,,4724.8,33363.61,27133.78,2
CLM100705,POL12259,CUS22852,Health,North,PRV-25,36,2025-07-08,2025-09-15,2025-09-19,,Hospitalization,Rejected,Late Notification,800.0,20641.09,0.0,1
CLM100706,POL10031,CUS21440,Travel,Central,PRV-12,54,2024-04-09,2024-11-10,2024-11-21,,Medical,Approved,,987.53,17806.36,14681.26,0
CLM100707,POL12289,CUS21122,Home,South,PRV-30,37,2025-04-01,2025-06-08,2025-06-08,,Fire,Approved,,11214.48,84930.47,47882.34,2
CLM100708,POL11903,CUS21876,Motor,West,PRV-13,20,2024-02-25,2024-09-19,2024-09-19,2024-11-18,Glass Damage,Settled,,1111.06,14384.98,13129.68,2
CLM100709,POL11863,CUS22653,Health,North,PRV-11,18,2024-02-29,2024-10-10,2024-10-10,,Emergency,Approved,,941.64,23943.56,19212.08,0
CLM100710,POL12717,CUS20957,Home,North,PRV-22,50,2025-05-06,2025-06-17,2025-06-27,2025-07-02,Water Damage,Settled,,5900.29,36106.6,23732.1,0
CLM100711,POL12090,CUS23288,Health,South,PRV-25,25,2024-09-05,2024-12-02,2024-12-03,,Diagnostic,Pending,,11358.92,65724.46,0.0,0
CLM100712,POL12910,CUS21622,Travel,South,PRV-08,50,2025-09-10,2025-10-29,2025-11-09,,Medical,Approved,,963.28,11198.22,10246.01,0
CLM100713,POL13055,CUS22313,Health,North,PRV-29,74,2024-01-04,2024-08-09,2024-08-11,,Hospitalization,Rejected,Policy Exclusion,38189.14,213428.84,0.0,1
CLM100714,POL13680,CUS23350,Motor,West,PRV-10,50,2024-11-07,2025-01-17,2025-01-23,2025-03-03,Collision,Settled,,3009.55,18989.24,17395.26,1
CLM100715,POL13196,CUS21510,Motor,South,PRV-27,64,2024-07-09,2025-01-17,2025-01-28,,Collision,Pending,,2741.85,24183.14,0.0,0
CLM100716,POL12070,CUS20699,Home,East,PRV-16,46,2025-09-02,2026-01-05,2026-01-06,2026-03-21,Storm,Settled,,6109.54,42999.07,33128.4,0
CLM100717,POL11968,CUS22617,Travel,South,PRV-18,28,2025-02-19,2025-03-16,2025-03-19,2025-04-10,Delay,Settled,,1362.11,7991.89,5894.36,1
CLM100718,POL10942,CUS20023,Motor,Central,PRV-09,44,2025-04-23,2026-01-12,2026-01-20,2026-02-06,Collision,Settled,,4090.7,29408.73,27011.12,1
CLM100719,POL12398,CUS21602,Motor,South,PRV-05,55,2024-06-28,2025-01-27,2025-02-05,2025-04-03,Third Party,Settled,,6506.81,80707.07,58719.04,1
CLM100720,POL10556,CUS23429,Home,North,PRV-04,68,2025-07-08,2025-09-25,2025-10-05,2025-11-04,Fire,Settled,,3321.4,56339.21,48881.91,1
CLM100721,POL13724,CUS21450,Motor,Central,PRV-04,41,2025-06-05,2026-02-23,2026-02-23,2026-04-13,Third Party,Settled,,3614.83,38146.06,31503.73,2
CLM100722,POL13380,CUS22394,Motor,North,PRV-22,18,2025-05-01,2025-11-29,2025-12-08,,Glass Damage,Pending,,2494.33,43005.72,0.0,0
CLM100723,POL10478,CUS21838,Home,North,PRV-19,49,2024-10-22,2025-06-24,2025-06-27,,Storm,Approved,,1071.63,32250.19,22217.2,0
CLM100724,POL13143,CUS20751,Home,Central,PRV-18,39,2025-07-25,2025-09-17,2025-09-23,2025-10-01,Storm,Settled,,8333.91,84701.33,54684.13,2
CLM100725,POL10468,CUS21112,Home,East,PRV-28,66,2025-02-18,2025-02-21,2025-03-03,2025-05-03,Fire,Settled,,1450.12,18266.17,11077.78,0
CLM100726,POL12884,CUS21832,Health,South,PRV-29,42,2024-02-10,2024-02-29,2024-03-10,2024-05-19,Hospitalization,Settled,,1251.2,28248.79,20878.13,0
CLM100727,POL10350,CUS20364,Motor,South,PRV-15,53,2025-07-01,2025-12-10,2025-12-12,2026-02-08,Collision,Settled,,6308.74,39253.22,25094.03,1
CLM100728,POL11952,CUS21452,Travel,North,PRV-23,66,2024-01-13,2024-09-05,2024-09-10,2024-11-22,Medical,Settled,,800.0,15534.43,9043.45,1
CLM100729,POL12631,CUS21451,Motor,East,PRV-03,51,2025-02-27,2025-11-28,2025-12-01,,Third Party,Approved,,3474.36,27893.16,17938.93,1
CLM100730,POL12915,CUS22922,Motor,South,PRV-18,40,2024-06-03,2025-03-18,2025-03-25,,Third Party,Rejected,Insufficient Documents,1278.27,11077.09,0.0,0
CLM100731,POL11674,CUS20433,Home,West,PRV-13,39,2025-07-10,2026-01-06,2026-01-15,,Storm,Rejected,Late Notification,5788.79,32733.02,0.0,1
CLM100732,POL13686,CUS22949,Health,Central,PRV-08,23,2025-03-28,2025-10-03,2025-10-06,2025-12-15,Hospitalization,Settled,,3028.49,44486.93,33735.08,2
CLM100733,POL13097,CUS21436,Home,South,PRV-12,29,2025-05-16,2025-08-11,2025-08-12,2025-10-11,Water Damage,Settled,,1044.71,15992.4,13180.96,2
CLM100734,POL10833,CUS22279,Motor,West,PRV-06,25,2025-03-09,2025-03-10,2025-03-10,,Third Party,Pending,,10475.55,84425.87,0.0,1
CLM100735,POL12684,CUS21949,Travel,North,PRV-16,30,2024-12-17,2025-02-14,2025-02-14,,Lost Baggage,Rejected,Insufficient Documents,2696.48,23707.8,0.0,0
CLM100736,POL12922,CUS21049,Health,East,PRV-16,24,2025-06-19,2025-07-06,2025-07-10,2025-07-14,Surgery,Settled,,5324.1,35079.72,34872.28,3
CLM100737,POL11334,CUS23257,Health,North,PRV-04,57,2024-07-03,2025-01-24,2025-02-04,2025-04-02,Hospitalization,Settled,,2326.4,41572.73,34257.43,4
CLM100738,POL12952,CUS20785,Travel,East,PRV-14,53,2024-11-23,2025-04-23,2025-04-26,2025-05-12,Trip Cancellation,Settled,,1246.13,16594.5,13206.02,0
CLM100739,POL13593,CUS20126,Health,Central,PRV-10,63,2024-07-03,2025-02-19,2025-02-23,,Hospitalization,Pending,,1992.49,64795.32,0.0,0
CLM100740,POL13268,CUS22625,Health,South,PRV-13,48,2024-03-11,2024-04-25,2024-05-03,2024-05-20,Diagnostic,Settled,,3996.26,28908.64,23977.59,0
CLM100741,POL13050,CUS22175,Health,West,PRV-27,35,2025-06-26,2026-03-26,2026-04-02,2026-05-18,Emergency,Settled,,3126.68,39668.57,29995.91,0
CLM100742,POL12537,CUS23116,Home,Central,PRV-14,32,2024-11-04,2025-06-08,2025-06-11,,Fire,Approved,,3019.24,46156.28,40806.21,0
CLM100743,POL11082,CUS21602,Home,East,PRV-20,23,2024-02-03,2024-10-31,2024-11-01,,Fire,Pending,,5700.46,47212.76,0.0,2
CLM100744,POL13180,CUS20058,Health,North,PRV-07,28,2025-05-26,2025-12-06,2025-12-07,2025-12-12,Diagnostic,Settled,,3096.61,45702.62,38968.22,0
CLM100745,POL11456,CUS20070,Motor,East,PRV-29,47,2025-08-06,2025-11-16,2025-11-18,2025-12-24,Collision,Settled,,1763.14,45781.03,40985.52,0
CLM100746,POL12128,CUS21516,Motor,East,PRV-13,70,2025-02-14,2025-08-21,2025-08-22,,Glass Damage,Pending,,4289.53,65550.77,0.0,4
CLM100747,POL11257,CUS20873,Travel,West,PRV-10,39,2024-07-21,2025-01-18,2025-01-23,,Delay,Approved,,1701.04,10803.15,6854.4,1
CLM100748,POL11252,CUS23227,Travel,West,PRV-02,51,2025-06-16,2025-08-10,2025-08-17,,Trip Cancellation,Pending,,3505.47,29382.46,0.0,0
CLM100749,POL10630,CUS20414,Travel,South,PRV-26,33,2025-04-03,2025-05-04,2025-05-12,2025-06-06,Trip Cancellation,Settled,,1416.05,14065.63,12862.65,1
CLM100750,POL13845,CUS23082,Motor,Central,PRV-17,66,2024-06-25,2025-01-06,2025-01-16,2025-01-31,Theft,Settled,,2279.84,21982.46,16074.31,0
CLM100751,POL10591,CUS20758,Health,South,PRV-05,22,2024-07-23,2024-08-21,2024-08-24,2024-09-15,Surgery,Settled,,21447.07,119452.63,115570.05,0
CLM100752,POL10345,CUS20417,Home,South,PRV-17,33,2025-09-04,2025-10-05,2025-10-12,,Storm,Rejected,Insufficient Documents,3006.26,86576.71,0.0,1
CLM100753,POL13744,CUS20960,Home,North,PRV-09,75,2025-08-14,2025-09-05,2025-09-15,2025-11-02,Storm,Settled,,2790.14,51495.35,43733.9,2
CLM100754,POL12220,CUS20504,Motor,West,PRV-21,45,2025-02-23,2025-08-29,2025-08-29,,Collision,Pending,,10996.22,68801.19,0.0,0
CLM100755,POL11751,CUS21404,Health,West,PRV-06,62,2024-01-23,2024-10-27,2024-11-05,2025-01-03,Hospitalization,Settled,,9782.86,88753.66,74723.77,0
CLM100756,POL12949,CUS21156,Motor,Central,PRV-22,32,2024-05-22,2024-10-18,2024-10-19,2024-11-17,Third Party,Settled,,7455.01,41587.86,40639.87,2
CLM100757,POL11533,CUS21851,Health,North,PRV-06,65,2024-08-07,2024-09-22,2024-09-28,2024-12-02,Diagnostic,Settled,,1757.0,13251.56,10717.09,1
CLM100758,POL10511,CUS21879,Motor,North,PRV-21,27,2024-11-28,2025-05-01,2025-05-10,2025-07-04,Third Party,Settled,,2597.15,18750.13,13999.03,1
CLM100759,POL12918,CUS20003,Motor,East,PRV-09,42,2025-06-21,2025-11-13,2025-11-18,,Theft,Approved,,8259.39,70614.22,66122.77,1
CLM100760,POL10703,CUS20437,Motor,North,PRV-25,40,2025-06-09,2025-12-04,2025-12-10,2026-02-03,Theft,Settled,,2691.7,82560.79,62632.41,1
CLM100761,POL12211,CUS20566,Travel,South,PRV-16,71,2024-06-18,2024-10-26,2024-11-02,2024-11-06,Medical,Settled,,839.94,5053.75,4062.76,1
CLM100762,POL13796,CUS20681,Home,North,PRV-04,18,2024-03-08,2024-08-15,2024-08-21,,Water Damage,Approved,,4219.77,38909.67,26777.06,1
CLM100763,POL13744,CUS20327,Travel,South,PRV-27,73,2024-06-19,2024-09-25,2024-10-03,2024-11-29,Lost Baggage,Settled,,800.0,10344.77,8246.87,1
CLM100764,POL11443,CUS21101,Health,Central,PRV-27,69,2024-05-25,2025-02-20,2025-03-02,2025-03-16,Surgery,Settled,,2731.24,44421.97,38740.96,1
CLM100765,POL13121,CUS21923,Health,East,PRV-10,36,2025-07-11,2025-12-19,2025-12-20,2026-02-27,Surgery,Settled,,4516.86,54712.01,42630.63,1
CLM100766,POL12450,CUS21081,Motor,Central,PRV-12,44,2024-01-09,2024-04-11,2024-04-15,,Theft,Rejected,Suspected Misrepresentation,2546.5,34917.93,0.0,1
CLM100767,POL11917,CUS21151,Health,Central,PRV-01,61,2025-05-29,2025-05-30,2025-06-09,2025-08-06,Emergency,Settled,,1506.28,44089.24,24638.84,0
CLM100768,POL10559,CUS21643,Motor,North,PRV-21,25,2025-02-11,2025-09-02,2025-09-06,2025-09-29,Third Party,Settled,,1372.29,19050.22,12346.36,0
CLM100769,POL11505,CUS21919,Home,South,PRV-14,33,2024-03-06,2024-06-28,2024-07-03,,Storm,Rejected,Late Notification,23497.43,142888.47,0.0,3
CLM100770,POL12607,CUS21158,Home,East,PRV-04,45,2025-02-28,2025-05-14,2025-05-22,2025-06-12,Fire,Settled,,4139.04,34980.13,34338.57,2
CLM100771,POL13946,CUS20776,Home,West,PRV-20,64,2024-12-25,2025-05-18,2025-05-29,2025-08-08,Storm,Settled,,20790.96,263026.65,211234.28,0
CLM100772,POL10019,CUS21432,Motor,East,PRV-07,68,2024-01-03,2024-05-28,2024-05-31,2024-07-10,Collision,Settled,,800.88,18531.86,17106.44,2
CLM100773,POL12871,CUS20084,Health,South,PRV-08,47,2024-05-18,2025-01-14,2025-01-25,2025-03-05,Surgery,Settled,,19237.6,134816.95,76999.53,0
CLM100774,POL13385,CUS21723,Motor,Central,PRV-28,73,2024-08-03,2025-01-13,2025-01-21,2025-03-06,Theft,Settled,,3557.19,25822.88,24121.56,1
CLM100775,POL13804,CUS23294,Motor,South,PRV-23,74,2024-05-13,2024-12-09,2024-12-09,2025-01-22,Collision,Settled,,1511.0,49777.31,33810.74,1
CLM100776,POL11695,CUS21392,Health,South,PRV-05,18,2024-12-24,2025-07-06,2025-07-16,,Emergency,Approved,,4900.41,27374.83,17217.53,1
CLM100777,POL10473,CUS20379,Health,East,PRV-18,51,2025-01-16,2025-09-28,2025-10-02,2025-10-25,Emergency,Settled,,4274.72,61199.98,41290.86,1
CLM100778,POL11083,CUS22474,Home,Central,PRV-14,74,2024-04-15,2024-04-17,2024-04-20,,Theft,Rejected,Policy Exclusion,5357.83,77246.46,0.0,2
CLM100779,POL13402,CUS20444,Motor,East,PRV-05,33,2024-03-17,2024-07-08,2024-07-14,2024-09-15,Theft,Settled,,2261.27,30088.15,24503.78,0
CLM100780,POL13511,CUS20677,Travel,North,PRV-03,36,2025-02-10,2025-09-12,2025-09-18,2025-10-15,Delay,Settled,,1523.39,8742.19,4835.59,0
CLM100781,POL12548,CUS20512,Travel,South,PRV-27,36,2024-10-18,2024-11-30,2024-12-06,,Lost Baggage,Rejected,Late Notification,4180.92,26772.25,0.0,1
CLM100782,POL10490,CUS23092,Health,Central,PRV-03,59,2024-06-13,2024-10-24,2024-10-24,,Surgery,Approved,,16819.03,133916.62,116107.05,2
CLM100783,POL10487,CUS23434,Home,Central,PRV-18,42,2024-06-07,2024-10-05,2024-10-14,2024-12-14,Storm,Settled,,4493.09,43144.87,38297.12,0
CLM100784,POL11912,CUS21993,Motor,North,PRV-30,61,2024-01-25,2024-09-22,2024-09-26,,Collision,Approved,,5358.69,67785.53,44431.52,1
CLM100785,POL12353,CUS22161,Home,North,PRV-12,38,2025-06-13,2026-03-28,2026-03-29,,Water Damage,Approved,,19450.66,242346.02,160169.74,0
CLM100786,POL10129,CUS22259,Home,North,PRV-20,70,2025-06-05,2025-07-07,2025-07-13,,Fire,Rejected,Policy Exclusion,9545.53,121060.24,0.0,0
CLM100787,POL12744,CUS22136,Home,North,PRV-14,33,2024-12-09,2025-02-12,2025-02-19,2025-03-03,Fire,Settled,,22440.82,140791.93,116056.02,0
CLM100787,POL12178,CUS21904,Home,South,PRV-20,41,2024-08-04,2025-03-24,2025-03-25,2025-04-14,Fire,Settled,,6556.7,49597.9,38375.15,0
CLM100789,POL10049,CUS23453,Health,South,PRV-09,67,2024-05-13,2024-07-05,2024-07-16,,Diagnostic,Pending,,13824.83,151886.57,0.0,0
CLM100790,POL10382,CUS22565,Home,North,PRV-09,62,2024-07-09,2024-12-05,2024-12-12,2024-12-16,Storm,Settled,,13930.64,77810.68,60284.2,0
CLM100791,POL11817,CUS20309,Health,North,PRV-17,39,2025-07-28,2026-05-07,2026-05-18,2026-07-22,Diagnostic,Settled,,2048.84,36184.25,26531.97,2
CLM100792,POL12890,CUS21371,Motor,East,PRV-05,57,2024-02-25,2024-12-13,2024-12-21,2025-01-22,Theft,Settled,,1457.66,35122.98,31770.26,1
CLM100793,POL13301,CUS23410,Motor,East,PRV-17,44,2025-05-25,2026-03-06,2026-03-06,,Theft,Rejected,Suspected Misrepresentation,4812.33,56468.61,0.0,1
CLM100794,POL11725,CUS21412,Home,North,PRV-19,36,2024-07-07,2024-08-17,2024-08-19,2024-10-23,Fire,Settled,,35229.88,198728.26,166520.28,2
CLM100795,POL11181,CUS20714,Health,West,PRV-30,34,2024-06-13,2024-07-28,2024-08-08,,Diagnostic,Rejected,Late Notification,800.0,22038.62,0.0,1
CLM100796,,CUS23039,Health,South,PRV-08,65,2025-05-17,2025-07-09,2025-07-15,2025-08-10,Hospitalization,Settled,,843.53,20012.51,19782.2,0
CLM100797,POL11834,CUS22180,Travel,Central,PRV-04,64,2025-08-18,2026-04-06,2026-04-07,,Delay,Rejected,Coverage Limit,903.52,11124.67,0.0,3
CLM100798,POL11261,CUS21968,Health,South,PRV-09,69,2025-09-06,2025-10-30,2025-10-30,2025-12-08,Surgery,Settled,,10916.83,61291.34,59969.1,0
CLM100799,POL11769,CUS21470,Health,Central,PRV-25,41,2024-06-14,2024-10-21,2024-10-27,2024-12-06,Surgery,Settled,,2459.73,30174.31,24145.43,0
CLM100799,POL10048,CUS20435,Health,North,PRV-13,50,2025-01-01,2025-09-03,2025-09-10,,Hospitalization,Rejected,Late Notification,8201.08,62265.37,0.0,1
CLM100801,POL11207,CUS21343,Health,Central,PRV-05,23,2024-06-30,2024-11-25,2024-11-27,,Hospitalization,Rejected,Late Notification,30566.74,191515.49,0.0,2
CLM100802,POL12062,CUS21531,Home,Central,PRV-07,65,2024-04-29,2025-02-05,2025-02-07,,Fire,Approved,,3953.93,30278.88,21518.88,2
CLM100803,POL13673,CUS23259,Health,East,PRV-25,27,2024-08-27,2025-01-24,2025-01-31,,Diagnostic,Rejected,Late Notification,1380.39,31753.02,0.0,0
CLM100804,POL12952,CUS21075,Health,South,PRV-29,54,2024-02-08,2024-06-01,2024-06-06,2024-06-23,Surgery,Settled,,819.44,15673.96,9412.34,0
CLM100805,POL13125,CUS20522,Home,North,PRV-05,68,2024-04-12,2025-01-27,2025-01-27,,Storm,Approved,,4135.08,60079.12,41499.56,2
CLM100806,POL12179,CUS21496,Health,Central,PRV-18,63,2025-01-04,2025-06-17,2025-06-17,,Diagnostic,Approved,,5312.6,35560.57,23631.13,0
CLM100807,POL10442,CUS23489,Home,North,PRV-30,65,2025-03-01,2025-04-26,2025-04-28,,Storm,Pending,,5829.15,38787.69,0.0,2
CLM100808,POL11563,CUS21687,Motor,East,PRV-03,53,2024-06-16,2024-12-23,2024-12-29,,Glass Damage,Approved,,2186.56,39370.82,36841.48,0
CLM100809,POL13988,CUS21326,Home,West,PRV-05,73,2024-12-11,2025-07-31,2025-08-03,2025-09-23,Fire,Settled,,9898.03,113945.84,66956.65,4
CLM100810,POL10176,CUS22334,Health,East,PRV-15,58,2025-04-18,2025-12-25,2025-12-25,,Hospitalization,Rejected,Coverage Limit,2829.25,55506.99,0.0,1
CLM100811,POL13516,CUS22270,Motor,West,PRV-03,55,2025-07-08,2025-07-10,2025-07-20,,Glass Damage,Approved,,2892.7,28650.88,19207.49,0
CLM100812,POL12737,CUS21047,Health,East,PRV-17,20,2024-12-18,2025-01-20,2025-01-28,,Surgery,Approved,,3196.26,37761.45,31662.55,0
CLM100813,POL11135,CUS23387,Health,South,PRV-21,55,2024-05-29,2024-12-03,2024-12-10,,Emergency,Rejected,Suspected Misrepresentation,6097.17,34097.59,0.0,2
CLM100814,POL13111,CUS22075,Health,North,PRV-11,23,2025-03-17,2025-10-25,2025-10-27,,Diagnostic,Approved,,3250.5,36809.33,32461.3,1
CLM100815,POL13347,CUS20201,Home,South,PRV-28,40,2024-04-15,2024-10-28,2024-11-05,,Theft,Approved,,2770.1,73860.3,41129.61,1
CLM100816,POL10172,CUS21426,Motor,Central,PRV-27,41,2024-03-27,2024-07-20,2024-07-31,,Theft,Approved,,3035.68,28089.06,15466.4,0
CLM100817,POL10425,CUS23230,Motor,South,PRV-22,41,2024-08-10,2025-03-24,2025-04-01,,Theft,Pending,,7322.72,44092.24,0.0,1
CLM100818,POL12662,CUS21376,Motor,North,PRV-16,63,2024-07-22,2025-01-12,2025-01-15,2025-02-02,Third Party,Settled,,6966.49,81552.61,80832.6,2
CLM100819,POL13996,CUS21987,Health,West,PRV-04,58,2024-03-31,2025-01-02,2025-01-06,2025-03-17,Hospitalization,Settled,,5255.68,34401.55,24210.21,2
CLM100820,POL10095,CUS22144,Health,South,PRV-08,21,2024-02-02,2024-05-22,2024-06-02,2024-06-15,Surgery,Settled,,1272.08,13750.77,11431.89,0
CLM100821,POL12662,CUS22465,Home,North,PRV-30,39,2025-08-09,2026-03-23,2026-03-23,2026-04-29,Theft,Settled,,9097.66,78935.52,54355.27,0
CLM100822,POL10546,CUS23053,Home,South,PRV-17,18,2025-02-23,2025-04-07,2025-04-09,,Fire,Approved,,6608.04,62723.81,48267.35,3
CLM100823,POL12600,CUS20522,Motor,East,PRV-13,65,2025-03-20,2025-10-25,2025-10-26,,Theft,Pending,,12645.11,78480.32,0.0,0
CLM100824,POL12493,CUS21808,Motor,East,PRV-22,30,2024-02-11,2024-09-17,2024-09-24,2024-11-29,Glass Damage,Settled,,2560.98,22229.33,14107.3,1
CLM100825,POL10361,CUS21866,Motor,East,PRV-08,42,2025-05-08,2025-07-23,2025-07-28,2025-09-25,Theft,Settled,,5827.51,67090.52,47714.93,2
CLM100826,POL12722,CUS20533,Health,South,PRV-10,67,2024-08-13,2024-09-01,2024-09-02,,Emergency,Approved,,15125.7,104279.71,66299.9,0
CLM100827,POL13588,CUS22357,Motor,North,PRV-12,61,2025-04-08,2026-01-30,2026-02-10,2026-02-16,Glass Damage,Settled,,1481.6,39455.92,26666.46,3
CLM100828,POL13453,CUS20413,Health,West,PRV-27,69,2024-10-31,2024-11-23,2024-11-29,,Diagnostic,Approved,,3146.04,44386.24,32747.22,1
CLM100829,POL10115,CUS21596,Home,West,PRV-15,37,2024-05-30,2024-10-18,2024-10-20,,Fire,Rejected,Policy Exclusion,11291.18,154748.15,0.0,0
CLM100830,POL10983,CUS21155,Health,South,PRV-02,35,2024-06-11,2024-06-12,2024-06-23,2024-07-20,Hospitalization,Settled,,2610.64,22634.36,14449.55,1
CLM100831,POL10963,CUS20542,Motor,Central,PRV-15,46,2024-03-28,2024-07-31,2024-08-08,2024-10-07,Glass Damage,Settled,,7483.5,48241.47,30782.12,0
CLM100832,POL11813,CUS22878,Motor,Central,PRV-09,57,2025-05-29,2026-01-30,2026-01-31,2026-02-03,Collision,Settled,,11514.47,101832.72,67343.2,2
CLM100833,POL10572,CUS20854,Health,North,PRV-15,69,2024-09-23,2025-02-21,2025-03-02,2025-04-07,Diagnostic,Settled,,0.0,28297.87,25615.32,0
CLM100834,POL13417,CUS20893,Health,South,PRV-28,58,2025-04-28,2025-07-09,2025-07-09,,Diagnostic,Pending,,13069.86,328417.04,0.0,1
CLM100835,POL13107,CUS22990,Motor,East,PRV-10,69,2025-05-28,2025-09-23,2025-10-03,,Glass Damage,Pending,,11117.17,63342.86,0.0,1
CLM100836,POL13233,CUS23070,Home,Central,PRV-09,18,2024-04-13,2024-05-11,2024-05-15,,Storm,Approved,,6662.59,89633.67,62313.19,0
CLM100837,POL10792,CUS20120,Health,East,PRV-15,68,2024-07-23,2025-01-17,2025-01-20,2025-03-05,Surgery,Settled,,5759.43,116469.77,79934.8,0
CLM100838,POL10058,CUS20972,Health,West,PRV-03,39,2024-03-17,2024-03-19,2024-03-19,2024-05-03,Diagnostic,Settled,,2685.21,17331.7,12482.72,0
CLM100839,POL13642,CUS22481,Motor,South,PRV-07,26,2024-01-06,2024-04-20,2024-05-01,,Third Party,Approved,,5507.04,33671.55,25309.45,1
CLM100840,POL11155,CUS22723,Motor,Central,PRV-02,26,2025-09-03,2025-09-22,2025-09-28,,Glass Damage,Rejected,Policy Exclusion,1424.2,19042.9,0.0,0
CLM100841,POL12625,CUS23497,Motor,East,PRV-28,40,2025-02-13,2025-04-26,2025-05-03,2025-06-24,Third Party,Settled,,4427.48,39430.06,28684.05,0
CLM100842,POL13637,CUS21941,Motor,South,PRV-23,38,2024-10-07,2024-10-28,2024-11-07,,Collision,Approved,,5367.73,36386.93,36350.41,2
CLM100843,POL10144,CUS20026,Health,East,PRV-05,22,2024-05-04,2025-02-06,2025-02-12,,Emergency,Rejected,Coverage Limit,1213.94,36503.64,0.0,1
CLM100844,POL10021,CUS23057,Health,East,PRV-11,33,2025-01-01,2025-08-20,2025-08-23,2025-08-31,Diagnostic,Settled,,28810.58,161822.29,153201.94,2
CLM100845,POL10021,CUS20563,Home,North,PRV-04,46,2024-12-02,2025-09-06,2025-09-15,,Fire,Rejected,Insufficient Documents,1874.21,23847.09,0.0,2
CLM100846,POL10625,CUS20422,Travel,North,PRV-23,22,2024-05-18,2024-12-09,2024-12-15,2025-01-12,Medical,Settled,,1338.51,13127.14,9741.94,0
CLM100847,POL10206,CUS22359,Motor,West,PRV-04,34,2024-01-10,2024-06-07,2024-06-09,,Collision,Rejected,Late Notification,3384.73,90054.81,0.0,0
CLM100848,POL13279,CUS22113,Motor,Central,PRV-20,75,2024-10-17,2024-12-09,2024-12-19,,Third Party,Rejected,Suspected Misrepresentation,2024.59,54658.32,0.0,2
CLM100849,POL12423,CUS20209,Home,South,PRV-18,71,2024-11-11,2025-08-26,2025-09-04,,Storm,Approved,,6504.59,139141.34,113762.97,0
CLM100850,POL13920,CUS20592,Travel,North,PRV-23,47,2025-05-09,2026-02-08,2026-02-10,,Trip Cancellation,Approved,,909.71,11637.82,10247.43,2
CLM100851,POL13205,CUS22064,Home,North,PRV-26,44,2024-09-01,2025-01-04,2025-01-11,,Fire,Pending,,12677.73,75359.66,0.0,0
CLM100852,POL13852,CUS20893,Motor,North,PRV-28,26,2024-03-01,2024-05-08,2024-05-19,2024-06-30,Glass Damage,Settled,,6060.55,56474.27,43951.66,0
CLM100853,POL10954,CUS22394,Motor,East,PRV-10,71,2025-06-29,2025-10-23,2025-11-01,2026-01-13,Third Party,Settled,,7534.52,95541.02,53056.64,0
CLM100854,POL11151,CUS21441,Motor,South,PRV-25,31,2024-09-13,2025-01-09,2025-01-11,,Third Party,Pending,,7928.93,81179.7,0.0,3
CLM100855,POL13397,CUS22058,Home,South,PRV-06,27,2025-03-23,2025-12-23,2026-01-02,,Fire,Approved,,3971.82,56937.78,32289.0,0
CLM100856,POL10979,CUS21662,Health,North,PRV-05,20,2024-01-27,2024-02-16,2024-02-16,2024-04-20,Emergency,Settled,,11475.46,92841.33,56088.51,2
CLM100857,POL10228,CUS21278,Health,North,PRV-27,69,2024-01-23,2024-07-31,2024-08-07,,Hospitalization,Rejected,Coverage Limit,1810.7,17069.83,0.0,0
CLM100858,POL12676,CUS21198,Health,Central,PRV-28,35,2024-01-15,2024-09-01,2024-09-07,,Diagnostic,Approved,,1990.49,22936.61,19078.47,1
CLM100859,POL13203,CUS22440,Motor,South,PRV-21,42,2025-05-04,2025-12-18,2025-12-18,2026-01-15,Third Party,Settled,,1524.74,11471.21,7871.37,0
CLM100860,POL13872,CUS21800,Health,West,PRV-11,21,2024-05-29,2024-07-26,2024-08-03,2024-08-17,Diagnostic,Settled,,8279.96,93292.61,88833.1,2
CLM100861,POL13711,CUS22080,Motor,East,PRV-13,34,2025-05-05,2025-09-06,2025-09-09,,Third Party,Approved,,4326.44,28655.37,23403.23,0
CLM100862,POL10480,CUS22020,Health,Central,PRV-25,32,2025-08-08,2025-11-19,2025-11-29,,Surgery,Rejected,Policy Exclusion,5050.48,42170.84,0.0,0
CLM100863,POL13088,CUS20726,Home,South,PRV-07,75,2025-02-15,2025-06-17,2025-06-27,2025-07-29,Theft,Settled,,7617.04,126272.93,77701.83,0
CLM100864,POL13384,CUS23196,Health,South,PRV-16,43,2025-09-03,2025-09-30,2025-10-07,,Surgery,Pending,,800.0,13618.86,0.0,0
CLM100865,POL12792,CUS21970,Motor,West,PRV-12,30,2025-07-30,2025-08-24,2025-08-31,2025-09-07,Theft,Settled,,1702.58,24893.91,20686.85,1
CLM100866,POL13279,CUS22513,Home,East,PRV-06,56,2025-03-24,2025-04-01,2025-04-01,,Theft,Pending,,10570.01,63015.76,0.0,1
CLM100867,POL13351,CUS23086,Health,North,PRV-18,31,2025-05-13,2026-02-27,2026-03-09,,Diagnostic,Approved,,2238.52,14582.07,10526.87,3
CLM100868,POL11786,CUS23236,Motor,South,PRV-21,66,2025-01-09,2025-05-14,2025-05-22,2025-08-02,Collision,Settled,,7754.09,44099.28,39226.6,0
CLM100869,POL10160,CUS22333,Motor,West,PRV-07,71,2024-05-15,2024-07-23,2024-07-27,,Glass Damage,Approved,,7157.25,50528.26,43301.99,0
CLM100870,POL11824,CUS22754,Health,North,PRV-21,21,2024-03-04,2024-10-29,2024-10-30,,Hospitalization,Pending,,9611.72,57497.97,0.0,0
CLM100871,POL10807,CUS21651,Motor,Central,PRV-28,45,2024-08-24,2025-01-19,2025-01-25,2025-03-30,Theft,Settled,,1855.67,22276.2,17847.42,1
CLM100872,POL10454,CUS22582,Motor,West,PRV-28,32,2024-10-21,2025-02-07,2025-02-17,2025-04-14,Theft,Settled,,1959.87,15936.05,10248.25,0
CLM100873,POL10499,CUS21125,Motor,West,PRV-28,67,2024-08-04,2024-09-08,2024-09-18,,Theft,Rejected,Late Notification,4486.3,50563.72,0.0,0
CLM100874,POL12789,CUS22491,Motor,West,PRV-13,25,2024-03-04,2024-06-28,2024-06-29,2024-08-17,Theft,Settled,,6453.22,40400.78,39710.38,0
CLM100875,POL12018,CUS20300,Health,Central,PRV-21,41,2024-11-09,2025-05-22,2025-05-31,,Surgery,Approved,,4885.05,27207.79,20909.84,0
CLM100876,POL12159,CUS23199,Health,North,PRV-23,38,2024-11-05,2025-05-11,2025-05-11,2025-06-24,Surgery,Settled,,7247.57,51101.13,30048.1,1
CLM100877,POL12980,CUS20856,Motor,Central,PRV-30,45,2025-08-14,2025-12-09,2025-12-13,,Glass Damage,Rejected,Suspected Misrepresentation,6595.13,44794.61,0.0,0
CLM100878,POL12193,CUS22297,Health,Central,PRV-16,28,2025-08-14,2026-02-14,2026-02-19,,Emergency,Rejected,Late Notification,10089.87,62228.75,0.0,4
CLM100879,POL12520,CUS20039,Motor,North,PRV-26,25,2025-01-16,2025-09-03,2025-09-03,,Theft,Approved,,1165.72,26314.48,14475.68,0
CLM100880,POL10344,CUS20545,Motor,East,PRV-17,31,2025-06-11,2026-03-17,2026-03-18,2026-05-01,Theft,Settled,,2457.05,24025.28,16400.71,1
CLM100881,POL13404,CUS23453,Motor,West,PRV-25,57,2024-07-13,2024-12-18,2024-12-28,,Third Party,Approved,,4888.52,34949.28,25025.29,0
CLM100882,POL11795,CUS22916,Home,North,PRV-11,71,2025-08-23,2025-10-31,2025-11-07,2025-12-26,Fire,Settled,,4298.73,35598.52,32208.8,1
CLM100883,POL10620,CUS20778,Travel,West,PRV-03,74,2025-08-06,2025-09-14,2025-09-23,,Trip Cancellation,Rejected,Suspected Misrepresentation,2907.28,26180.17,0.0,0
CLM100884,POL13253,CUS20457,Health,East,PRV-11,55,2024-03-18,2024-05-05,2024-05-11,2024-07-11,Hospitalization,Settled,,2496.66,28412.4,22346.28,1
CLM100885,POL12938,CUS22852,Motor,Central,PRV-11,18,2025-03-10,2025-03-14,2025-03-19,2025-05-26,Third Party,Settled,,2764.83,43839.15,37360.57,0
CLM100886,POL10212,,Motor,West,PRV-25,68,2024-10-10,2025-03-26,2025-03-26,,Collision,Rejected,Suspected Misrepresentation,8276.75,49160.82,0.0,1
CLM100887,POL10772,CUS20590,Motor,South,PRV-21,71,2024-06-13,2024-08-16,2024-08-22,2024-10-18,Glass Damage,Settled,,12645.78,90250.17,63368.46,1
CLM100888,,CUS22323,Home,Central,PRV-20,49,2024-09-12,2024-11-19,2024-11-28,,Water Damage,Pending,,5048.32,41369.48,0.0,0
CLM100889,POL11083,CUS20992,Motor,North,PRV-06,50,2025-07-16,2026-02-18,2026-02-20,2026-05-01,Third Party,Settled,,3713.33,86748.73,54815.68,1
CLM100890,POL10399,CUS22605,Travel,South,PRV-21,65,2025-07-27,2025-10-31,2025-11-05,,Lost Baggage,Approved,,1141.67,24420.31,15191.07,2
CLM100891,POL12839,CUS21463,Health,East,PRV-21,38,2024-08-01,2025-04-06,2025-04-10,,Surgery,Approved,,2604.21,27455.49,16514.47,1
CLM100892,POL12090,CUS20438,Health,South,PRV-28,38,2024-10-13,2024-11-23,2024-12-03,2025-01-29,Surgery,Settled,,3084.27,63125.87,47243.58,2
CLM100893,POL13920,CUS21135,Home,Central,PRV-08,61,2024-11-16,2025-02-27,2025-02-28,,Water Damage,Rejected,Coverage Limit,6387.24,122039.15,0.0,1
CLM100894,POL12997,CUS21885,Motor,Central,PRV-21,32,2025-03-30,2025-04-15,2025-04-16,,Glass Damage,Approved,,1348.11,31947.43,28820.8,1
CLM100895,POL12446,CUS22794,Home,East,PRV-03,66,2024-10-24,2025-04-03,2025-04-05,,Theft,Rejected,Coverage Limit,2937.12,39632.83,0.0,0
CLM100896,POL12037,CUS20073,Motor,West,PRV-23,49,2024-09-02,2024-10-10,2024-10-11,2024-11-08,Collision,Settled,,1212.59,38292.21,37491.34,0
CLM100897,POL10218,CUS23351,Home,East,PRV-25,35,2025-07-26,2025-10-06,2025-10-16,2025-11-25,Water Damage,Settled,,11536.57,82498.14,45864.78,0
CLM100898,POL10280,CUS22273,Health,Central,PRV-24,72,2024-08-19,2025-03-27,2025-03-30,2025-05-01,Surgery,Settled,,4549.35,37942.46,26423.13,0
CLM100899,POL12465,CUS23063,Motor,West,PRV-14,26,2024-06-13,2025-03-04,2025-03-08,2025-04-10,Glass Damage,Settled,,3080.46,29020.32,25808.53,2
CLM100900,POL10017,CUS23255,Home,North,PRV-13,66,2024-07-21,2025-01-01,2025-01-04,2025-02-14,Storm,Settled,,4060.17,22805.74,21492.78,0
CLM100901,POL10169,CUS20537,Motor,North,PRV-02,48,2024-07-25,2025-05-10,2025-05-19,2025-06-19,Theft,Settled,,2010.13,19652.53,11580.26,0
CLM100902,POL10876,CUS20328,Motor,South,PRV-14,32,2024-12-10,2025-07-25,2025-08-01,2025-09-14,Theft,Settled,,17924.97,111718.04,101717.8,2
CLM100903,POL13536,CUS22718,Home,Central,PRV-22,53,2025-02-13,2025-09-27,2025-10-02,2025-11-30,Fire,Settled,,7195.8,123203.74,109427.1,0
CLM100904,POL11835,CUS20657,Health,West,PRV-30,73,2024-03-24,2025-01-15,2025-01-24,2025-03-13,Diagnostic,Settled,,1506.02,21600.65,16350.45,2
CLM100905,POL12838,CUS20517,Home,South,PRV-04,28,2025-07-03,2025-07-30,2025-07-30,,Fire,Approved,,10206.47,128740.54,107126.12,3
CLM100906,POL11646,CUS21639,Health,West,PRV-17,48,2024-06-06,2024-08-15,2024-08-23,2024-11-03,Emergency,Settled,,3046.2,17060.67,12202.14,4
CLM100907,POL10692,CUS23196,Health,East,PRV-08,59,2024-03-12,2024-07-21,2024-07-25,2024-08-07,Diagnostic,Settled,,19431.56,116957.84,80738.67,1
CLM100908,POL11484,CUS22784,Motor,East,PRV-12,42,2025-02-18,2025-08-22,2025-08-26,,Collision,Approved,,1845.93,18973.59,10717.58,3
CLM100909,POL10366,CUS21812,Motor,West,PRV-24,31,2024-05-10,2025-03-03,2025-03-04,2025-04-01,Glass Damage,Settled,,7990.53,51002.81,28208.43,1
CLM100910,POL13081,CUS20687,Travel,North,PRV-02,34,2025-04-10,2025-05-10,2025-05-11,2025-06-21,Delay,Settled,,1050.92,16172.9,12724.38,4
CLM100911,POL10734,CUS21177,Motor,South,PRV-02,42,2025-08-10,2025-10-18,2025-10-26,2025-12-26,Theft,Settled,,1122.87,9444.51,5243.73,0
CLM100912,POL11505,CUS22409,Health,Central,PRV-07,54,2025-03-05,2025-06-03,2025-06-13,2025-07-28,Hospitalization,Settled,,800.0,8389.4,5077.93,1
CLM100913,POL13920,CUS20549,Motor,North,PRV-08,52,2025-04-26,2025-11-13,2025-11-23,,Theft,Approved,,2394.99,20596.53,12222.7,0
CLM100914,POL12367,CUS21835,Motor,North,PRV-24,51,2024-11-02,2025-08-14,2025-08-16,2025-09-09,Theft,Settled,,3466.96,54736.86,45699.19,0
CLM100915,POL11834,CUS20041,Health,East,PRV-09,39,2024-08-02,2025-05-10,2025-05-19,,Surgery,Approved,,1910.92,16213.06,13797.76,1
CLM100916,POL12172,CUS21137,Home,Central,PRV-28,65,2025-01-15,2025-08-27,2025-08-28,,Storm,Approved,,3802.36,40321.52,35863.62,1
CLM100917,POL13136,CUS20867,Home,West,PRV-30,43,2024-08-09,2025-03-29,2025-04-07,2025-05-24,Storm,Settled,,7063.74,62063.14,61314.42,3
CLM100918,POL11017,CUS22383,Home,South,PRV-24,71,2025-06-27,2025-10-30,2025-11-05,2026-01-06,Theft,Settled,,3014.31,55636.06,55132.48,1
CLM100919,POL12545,CUS23199,Motor,South,PRV-15,36,2024-10-18,2025-04-19,2025-04-29,2025-05-14,Glass Damage,Settled,,2250.45,21236.05,13663.49,0
CLM100920,POL13490,CUS20512,Health,Central,PRV-24,61,2024-11-05,2024-12-27,2024-12-27,2025-01-17,Hospitalization,Settled,,7025.99,90710.22,64247.71,2
CLM100921,POL12289,CUS22790,Motor,Central,PRV-05,50,2025-02-21,2025-07-23,2025-08-01,2025-08-11,Collision,Settled,,890.49,17260.52,13854.61,4
CLM100922,POL11786,CUS22295,Home,South,PRV-27,28,2024-04-27,2024-07-24,2024-07-29,2024-09-20,Storm,Settled,,4148.18,39484.22,45252.54059716353,0
CLM100923,POL10580,CUS23394,Motor,South,PRV-11,23,2024-12-13,2025-09-17,2025-09-23,2025-10-17,Third Party,Settled,,1509.67,29738.67,18931.41,1
CLM100924,POL10993,CUS23190,Health,East,PRV-14,25,2025-04-12,2025-07-31,2025-08-06,,Hospitalization,Approved,,5729.11,60885.96,56874.19,0
CLM100925,POL13784,CUS20352,Motor,East,PRV-27,45,2025-04-26,2025-08-23,2025-08-31,2025-10-28,Glass Damage,Settled,,1981.5,25251.26,18526.05,2
CLM100926,POL12165,CUS22601,Home,North,PRV-05,49,2024-05-19,2024-09-17,2024-09-24,2024-12-04,Fire,Settled,,5200.91,46664.89,35842.33,1
CLM100927,POL11205,CUS22072,Home,South,PRV-04,57,2024-02-03,2024-10-30,2024-11-03,2024-11-09,Storm,Settled,,8528.75,83150.28,73291.91,2
CLM100928,POL11673,CUS20395,Home,South,PRV-19,26,2024-04-30,2025-02-03,2025-02-08,,Storm,Pending,,2381.46,47452.03,0.0,0
CLM100929,POL12312,CUS20900,Motor,West,PRV-30,28,2025-05-22,2025-09-28,2025-09-28,2025-10-15,Theft,Settled,,3789.46,52739.69,49533.53,0
CLM100930,POL12150,CUS23244,Travel,North,PRV-28,53,2024-06-13,2025-04-07,2025-04-15,,Lost Baggage,Approved,,800.0,6229.06,5934.38,1
CLM100931,POL12799,CUS21900,Motor,Central,PRV-30,51,2024-02-05,2024-09-19,2024-09-27,,Third Party,Approved,,11898.36,76720.08,52364.51,0
CLM100932,POL11029,CUS21184,Motor,East,PRV-14,27,2025-01-05,2025-09-16,2025-09-22,,Glass Damage,Pending,,800.0,12535.99,0.0,1
CLM100933,POL12596,CUS21121,Motor,West,PRV-19,51,2025-06-30,2026-03-31,2026-04-08,2026-06-09,Third Party,Settled,,1253.68,28734.36,17242.13,0
CLM100934,POL11770,CUS22932,Motor,Central,PRV-25,31,2024-05-19,2024-08-27,2024-08-30,2024-10-04,Theft,Settled,,4566.42,30536.66,30109.2,0
CLM100935,POL13762,CUS20992,Health,East,PRV-06,35,2024-01-27,2024-07-10,2024-07-12,2024-08-02,Hospitalization,Settled,,4860.53,60025.55,40243.37,0
CLM100936,POL10631,CUS20556,Motor,West,PRV-27,22,2024-03-27,2024-06-21,2024-07-02,2024-08-08,Theft,Settled,,1356.51,19794.69,14364.41,2
CLM100937,POL10593,CUS22008,Health,North,PRV-26,22,2024-03-20,2024-06-21,2024-07-02,2024-08-15,Hospitalization,Settled,,3165.35,49117.58,47585.44,1
CLM100938,POL11846,CUS23473,Health,South,PRV-03,66,2024-05-06,2024-09-22,2024-10-02,,Diagnostic,Approved,,21425.61,122009.43,101703.1,1
CLM100939,POL12033,CUS20641,Home,West,PRV-15,73,2024-04-21,2024-05-07,2024-05-07,2024-05-19,Water Damage,Settled,,7019.9,65845.38,44757.25,1
CLM100940,POL12763,CUS20893,Health,South,PRV-13,52,2025-01-29,2025-04-04,2025-04-10,,Diagnostic,Approved,,4287.65,79204.12,46637.04,0
CLM100941,POL11616,CUS21641,Health,West,PRV-24,23,2024-05-18,2025-01-15,2025-01-23,2025-03-23,Hospitalization,Settled,,1662.97,18294.24,14085.05,0
CLM100942,POL13654,CUS20699,Motor,West,PRV-14,38,2024-12-05,2025-01-24,2025-01-24,,Theft,Rejected,Insufficient Documents,1160.4,16793.83,0.0,1
CLM100943,POL11896,CUS22277,Home,North,PRV-28,38,2024-09-06,2025-03-11,2025-03-22,,Water Damage,Rejected,Policy Exclusion,10282.53,185927.45,0.0,1
CLM100944,POL10517,CUS20887,Motor,East,PRV-13,41,2025-02-09,2025-09-26,2025-10-05,2025-12-11,Collision,Settled,,8726.61,49362.14,30807.03,0
CLM100945,POL10476,CUS20448,Motor,South,PRV-15,28,2025-02-10,2025-04-30,2025-05-03,,Glass Damage,Pending,,1370.31,14161.19,0.0,1
CLM100946,POL13893,CUS20914,Motor,South,PRV-08,25,2025-01-02,2025-05-20,2025-05-26,2025-06-04,Third Party,Settled,,4937.57,36933.8,26339.87,2
CLM100947,POL10536,CUS23257,Health,Central,PRV-26,71,2025-07-07,2026-03-27,2026-04-06,2026-05-02,Emergency,Settled,,15772.86,95718.13,93306.51,0
CLM100948,POL13791,CUS23272,Motor,West,PRV-15,67,2024-05-01,2025-01-06,2025-01-16,,Glass Damage,Rejected,Insufficient Documents,5287.04,86895.91,0.0,1
CLM100948,POL11112,CUS21770,Health,West,PRV-15,21,2024-11-21,2025-08-24,2025-09-02,2025-10-22,Hospitalization,Settled,,1427.71,29016.82,27947.03,1
CLM100950,POL10373,CUS21401,Motor,Central,PRV-22,35,2024-09-01,2025-03-08,2025-03-19,,Glass Damage,Approved,,2417.97,35023.37,19737.72,0
CLM100951,POL11218,CUS22868,Health,East,PRV-23,25,2024-11-26,2025-08-19,2025-08-27,2025-09-17,Hospitalization,Settled,,16241.78,118652.96,113493.54,2
CLM100952,POL12458,CUS20679,Health,North,PRV-21,22,2024-03-27,2024-07-25,2024-08-05,,Emergency,Pending,,1826.83,20926.35,0.0,3
CLM100953,POL11711,CUS22288,Motor,North,PRV-05,55,2024-07-16,2025-01-12,2025-01-23,,Third Party,Rejected,Late Notification,2794.93,27039.87,0.0,1
CLM100954,POL13142,CUS22380,Health,North,PRV-28,38,2025-08-06,2026-02-22,2026-02-22,2026-03-09,Emergency,Settled,,2502.21,75736.45,74932.44,0
CLM100955,POL12443,CUS22485,Health,North,PRV-25,49,2025-05-11,2026-02-27,2026-03-06,2026-04-15,Surgery,Settled,,800.0,12570.99,11152.34,0
CLM100956,POL11603,CUS20762,Health,South,PRV-23,32,2024-09-21,2025-01-10,2025-01-14,,Hospitalization,Rejected,Insufficient Documents,2039.53,22397.22,0.0,1
CLM100957,POL12538,CUS22506,Motor,East,PRV-17,59,2024-03-09,2024-11-26,2024-12-01,2025-02-12,Collision,Settled,,3587.63,68265.03,60779.9,1
CLM100958,POL13885,CUS22141,Health,Central,PRV-23,41,2025-02-06,2025-07-09,2025-07-11,2025-08-11,Hospitalization,Settled,,6429.01,43244.91,41594.45,0
CLM100959,POL11647,CUS23062,Motor,Central,PRV-22,24,2024-07-05,2024-08-06,2024-08-14,,Glass Damage,Rejected,Coverage Limit,2962.86,17156.84,0.0,1
CLM100960,POL10613,CUS20610,Motor,East,PRV-09,67,2024-07-23,2025-02-05,2025-02-15,2025-03-08,Third Party,Settled,,3717.28,22014.64,14059.54,0
CLM100961,POL11635,CUS22147,Motor,Central,PRV-15,35,2024-03-01,2024-12-20,2024-12-24,2025-03-08,Collision,Settled,,3771.41,37777.49,29409.09,1
CLM100962,POL13360,CUS22903,Health,West,PRV-01,61,2024-06-28,2024-11-11,2024-11-19,2024-11-30,Hospitalization,Settled,,1970.86,26987.61,23699.77,2
CLM100963,POL10870,CUS20973,Motor,East,PRV-01,57,2024-05-12,2024-10-24,2024-10-27,,Collision,Approved,,4538.68,44249.04,29613.64,1
CLM100964,POL13796,CUS22603,Health,West,PRV-16,32,2024-01-22,2024-10-26,2024-11-03,2024-11-06,Surgery,Settled,,2609.62,57222.62,42208.86,0
CLM100965,POL12353,CUS20348,Motor,South,PRV-23,32,2024-12-29,2025-10-01,2025-10-01,2025-11-13,Third Party,Settled,,8882.38,51765.26,32487.2,2
CLM100966,POL12406,CUS22513,Home,Central,PRV-24,36,2025-08-24,2025-12-22,2026-01-01,2026-02-04,Storm,Settled,,4963.2,37975.36,36702.71,3
CLM100967,POL11268,CUS22121,Motor,South,PRV-25,69,2024-03-19,2024-11-02,2024-11-06,2025-01-05,Third Party,Settled,,800.0,10795.84,9554.17,0
CLM100968,POL13681,CUS20673,Health,Central,PRV-12,43,2024-02-02,2024-08-09,2024-08-15,,Emergency,Pending,,7298.57,50724.03,0.0,0
CLM100969,POL10144,CUS20232,Home,West,PRV-17,61,2024-03-03,2024-09-13,2024-09-22,2024-10-19,Water Damage,Settled,,5959.08,89273.8,50004.46,1
CLM100970,POL11194,CUS22609,Health,Central,PRV-25,27,2024-12-04,2025-07-08,2025-07-08,2025-09-17,Surgery,Settled,,10109.52,70835.45,70637.69,1
CLM100971,POL11673,CUS20844,Motor,South,PRV-01,22,2025-05-27,2025-09-02,2025-09-13,,Third Party,Approved,,4900.73,54287.72,39534.39,2
CLM100972,POL11909,CUS21741,Health,East,PRV-19,34,2024-07-10,2024-10-10,2024-10-17,2024-10-24,Hospitalization,Settled,,5162.64,32349.63,26559.95,1
CLM100973,POL11896,CUS20212,Travel,East,PRV-12,28,2024-03-14,2024-03-23,2024-04-03,,Delay,Approved,,2141.78,12000.86,11719.22,3
CLM100974,POL10591,CUS23372,Travel,West,PRV-10,35,2024-02-29,2024-11-12,2024-11-18,2025-01-01,Delay,Settled,,800.0,5174.81,5071.9,1
CLM100975,POL10902,CUS21921,Motor,East,PRV-18,34,2025-01-11,2025-04-04,2025-04-06,,Collision,Approved,,4931.3,43765.3,25960.29,1
CLM100976,POL10380,CUS23260,Home,West,PRV-11,28,2024-08-09,2025-02-27,2025-03-05,2025-03-19,Fire,Settled,,1161.48,17681.29,14780.66,1
CLM100977,POL12289,CUS20561,Motor,Central,PRV-18,73,2024-08-06,2025-02-28,2025-03-06,,Third Party,Rejected,Late Notification,2653.31,17682.27,0.0,0
CLM100978,POL11403,CUS20720,Motor,West,PRV-21,33,2024-05-27,2024-12-24,2025-01-04,2025-03-02,Third Party,Settled,,4865.0,46872.44,29569.22,0
CLM100979,POL12263,CUS22136,Health,South,PRV-16,19,2025-07-09,2026-03-25,2026-03-31,2026-04-23,Hospitalization,Settled,,7173.36,40397.54,34268.07,0
CLM100980,POL12358,CUS22115,Health,Central,PRV-18,42,2024-08-20,2025-05-07,2025-05-11,,Diagnostic,Pending,,14949.42,91695.08,0.0,0
CLM100981,POL12808,CUS22768,Health,West,PRV-12,62,2025-03-14,2025-03-15,2025-03-17,,Surgery,Approved,,1018.01,14357.66,8384.93,0
CLM100982,POL12188,CUS23248,Home,South,PRV-03,67,2025-04-05,2025-12-13,2025-12-16,2026-02-14,Theft,Settled,,2149.13,44843.68,32474.02,0
CLM100983,POL12591,CUS22876,Motor,North,PRV-11,39,2024-02-06,2024-04-09,2024-04-15,,Theft,Pending,,4219.38,34309.98,0.0,1
CLM100984,POL12348,CUS20490,Health,West,PRV-17,57,2024-06-03,2024-12-13,2024-12-17,2025-02-13,Surgery,Settled,,2353.4,30285.3,17430.71,0
CLM100985,POL12609,CUS21083,Motor,Central,PRV-11,26,2025-07-09,2026-01-27,2026-01-31,2026-03-08,Theft,Settled,,2892.71,42505.32,25277.26,0
CLM100986,POL12466,CUS23198,Motor,South,PRV-02,21,2025-07-01,2025-07-18,2025-07-18,2025-08-17,Collision,Settled,,2749.72,24602.02,17314.89,1
CLM100987,POL11264,CUS21921,Motor,North,PRV-16,61,2024-09-13,2024-12-07,2024-12-18,,Collision,Rejected,Suspected Misrepresentation,5080.06,45877.74,0.0,0
CLM100988,POL10985,CUS23034,Travel,Central,PRV-17,47,2024-04-06,2025-01-04,2025-01-14,,Medical,Approved,,835.68,7553.16,7395.52,2
CLM100989,POL13149,CUS21970,Health,Central,PRV-27,18,2024-07-03,2024-08-15,2024-08-18,2024-10-12,Emergency,Settled,,3940.91,53158.05,51619.26,0
CLM100990,POL11370,CUS20174,Motor,South,PRV-28,31,2025-08-11,2025-10-20,2025-10-21,,Theft,Pending,,1862.77,34945.38,0.0,0
CLM100991,POL12196,CUS21655,Health,Central,PRV-18,40,2025-02-21,2025-03-18,2025-03-28,2025-04-20,Surgery,Settled,,1112.38,19329.2,17341.12,2
CLM100992,POL10787,CUS22886,Travel,West,PRV-03,18,2024-02-16,2024-04-06,2024-04-16,2024-05-29,Delay,Settled,,1229.94,8911.24,5064.37,1
CLM100993,POL11725,CUS22292,Travel,West,PRV-24,35,2025-03-21,2025-09-28,2025-10-08,2025-10-30,Delay,Settled,,800.0,5114.76,3746.74,1
CLM100994,POL12118,CUS20464,Health,West,PRV-15,50,2024-04-01,2024-12-09,2024-12-15,2025-02-19,Hospitalization,Settled,,8551.75,85172.33,76715.49,0
CLM100995,POL12504,CUS20735,Motor,South,PRV-18,20,2024-07-07,2025-01-01,2025-01-09,2025-02-18,Theft,Settled,,6421.34,36379.03,35846.84,1
CLM100996,POL12105,CUS22990,Health,Central,PRV-24,29,2024-10-25,2025-01-19,2025-01-27,2025-03-01,Surgery,Settled,,5251.49,31316.29,23738.07,0
CLM100997,POL11442,CUS23427,Home,South,PRV-20,50,2024-08-06,2025-04-20,2025-04-22,,Storm,Approved,,800.0,14485.53,12538.3,0
CLM100998,POL13847,CUS22635,Home,North,PRV-13,55,2025-03-08,2025-06-26,2025-07-02,,Theft,Approved,,14639.53,97824.96,97619.56,4
CLM100999,POL12050,CUS20343,Home,South,PRV-26,56,2024-04-06,2024-07-10,2024-07-13,,Theft,Rejected,Coverage Limit,1133.36,16868.49,0.0,1
CLM101000,POL13233,CUS22167,Health,East,PRV-11,33,2025-06-27,2025-11-26,2025-12-05,,Hospitalization,Rejected,Policy Exclusion,4273.92,30893.24,0.0,0
CLM101001,POL12946,CUS22902,Motor,West,PRV-20,25,2025-01-02,2025-02-12,2025-02-23,2025-03-19,Theft,Settled,,2816.9,50300.22,49537.74,1
CLM101002,POL12233,CUS22240,Health,South,PRV-18,32,2024-07-08,2024-10-23,2024-10-23,2024-11-03,Hospitalization,Settled,,1464.95,28277.71,24588.55,2
CLM101003,POL13545,CUS22079,Motor,East,PRV-25,50,2025-08-16,2026-04-12,2026-04-12,2026-06-12,Third Party,Settled,,5216.97,30529.94,18603.59,0
CLM101004,POL10513,CUS21635,Motor,Central,PRV-26,52,2024-10-23,2025-04-23,2025-04-26,2025-05-02,Glass Damage,Settled,,6615.07,58156.64,57609.96,2
CLM101005,POL13684,CUS20856,Health,East,PRV-08,73,2024-09-15,2025-07-08,2025-07-09,,Emergency,Approved,,3985.96,48346.14,44081.34,1
CLM101006,POL13400,CUS20982,Health,South,PRV-27,52,2024-01-14,2024-09-02,2024-09-02,,Surgery,Approved,,6159.95,37636.89,25181.52,0
CLM101007,POL12014,CUS22609,Home,South,PRV-18,63,2025-09-09,2025-12-26,2026-01-06,,Water Damage,Approved,,5846.97,79578.03,79124.01,0
CLM101008,POL12933,CUS20244,Home,Central,PRV-09,67,2025-06-08,2026-01-24,2026-01-30,2026-03-23,Storm,Settled,,1166.26,29463.0,17260.6,1
CLM101009,POL12081,CUS20295,Home,South,PRV-19,43,2024-04-19,2025-01-03,2025-01-12,,Water Damage,Pending,,3238.8,36301.13,0.0,1
CLM101010,POL11075,CUS21388,Home,North,PRV-30,29,2025-08-10,2026-02-15,2026-02-21,,Storm,Rejected,Policy Exclusion,25298.9,185895.05,0.0,2
CLM101011,POL13199,CUS22710,Health,South,PRV-19,29,2025-05-08,2025-12-23,2025-12-31,,Diagnostic,Rejected,Late Notification,992.5,7675.56,0.0,0
CLM101012,POL10983,CUS22299,Motor,West,PRV-05,75,2024-09-17,2025-02-15,2025-02-23,2025-03-16,Theft,Settled,,3462.09,34259.02,32107.08,0
CLM101013,POL11257,CUS22064,Health,North,PRV-15,33,2025-07-29,2026-04-28,2026-04-29,,Diagnostic,Approved,,3497.47,32832.41,18950.35,1
CLM101014,POL12077,CUS21869,Motor,Central,PRV-07,39,2024-12-12,2025-02-22,2025-02-23,,Collision,Rejected,Insufficient Documents,4347.73,39734.2,0.0,2
CLM101015,POL13349,CUS20387,Motor,East,PRV-08,39,2025-03-02,2025-07-07,2025-07-12,2025-08-09,Theft,Settled,,4275.14,49608.35,40786.67,0
CLM101016,POL11535,CUS21161,Motor,West,PRV-22,74,2024-04-23,2024-07-08,2024-07-12,,Theft,Pending,,1539.58,36272.65,0.0,0
CLM101017,POL11976,CUS20278,Home,East,PRV-04,25,2024-03-08,2024-04-08,2024-04-18,2024-05-03,Storm,Settled,,11490.45,214086.82,213223.74,2
CLM101018,POL10166,CUS22653,Home,North,PRV-27,27,2024-11-23,2025-05-27,2025-05-30,2025-07-27,Theft,Settled,,5858.44,42256.19,23742.17,1
CLM101019,POL10463,CUS22627,Travel,South,PRV-28,55,2024-07-21,2024-08-26,2024-08-29,2024-10-07,Trip Cancellation,Settled,,1761.89,11629.03,9077.56,2
CLM101020,POL10223,CUS20903,Travel,East,PRV-06,73,2025-08-31,2025-11-07,2025-11-13,2026-01-19,Delay,Settled,,2115.4,23681.55,20859.86,1
CLM101021,POL10288,CUS21025,Home,North,PRV-10,54,2024-02-23,2024-10-09,2024-10-11,,Water Damage,Pending,,1625.53,20475.05,0.0,0
CLM101022,POL13474,CUS21111,Motor,North,PRV-10,73,2025-04-17,2025-06-29,2025-07-09,2025-09-06,Glass Damage,Settled,,2931.87,24199.72,13472.82,1
CLM101023,POL13367,CUS23112,Home,South,PRV-02,47,2025-01-08,2025-09-24,2025-09-24,2025-11-23,Theft,Settled,,3163.27,95090.58,78625.28,0
CLM101024,POL13287,CUS21709,Home,West,PRV-03,34,2025-06-28,2025-07-13,2025-07-23,2025-07-31,Storm,Settled,,5892.15,51045.68,35839.76,0
CLM101025,POL10222,CUS22667,Home,East,PRV-23,28,2025-09-10,2026-01-25,2026-02-01,,Storm,Pending,,6372.25,63496.71,0.0,0
CLM101026,POL10310,CUS21570,Motor,East,PRV-14,29,2025-06-23,2025-07-14,2025-07-24,,Theft,Approved,,5235.9,54376.75,45134.64,0
CLM101027,POL11122,CUS22443,Motor,North,PRV-07,65,2024-08-20,2024-09-07,2024-09-10,2024-10-09,Theft,Settled,,800.0,15079.66,10914.35,2
CLM101028,POL12261,CUS21849,Travel,North,PRV-16,52,2025-03-07,2025-10-30,2025-11-09,2025-12-10,Delay,Settled,,10482.18,61145.51,39533.53,1
CLM101029,POL11336,CUS20975,Motor,Central,PRV-08,67,2024-04-11,2024-05-01,2024-05-11,2024-07-19,Collision,Settled,,3654.21,65244.39,42889.16,0
CLM101030,POL11950,CUS23067,Motor,North,PRV-18,25,2024-10-28,2025-07-22,2025-07-27,,Glass Damage,Approved,,1617.47,34451.55,21853.23,0
CLM101031,POL10691,CUS22481,Health,East,PRV-06,30,2024-06-15,2024-12-11,2024-12-14,2025-01-17,Hospitalization,Settled,,1470.41,16732.99,14594.46,0
CLM101032,POL12923,CUS22692,Motor,South,PRV-06,35,2024-06-04,2024-10-27,2024-10-29,2025-01-11,Glass Damage,Settled,,8630.65,58785.64,35884.6,0
CLM101033,POL11255,CUS23318,Motor,East,PRV-26,59,2024-12-19,2025-09-20,2025-09-21,,Third Party,Pending,,2204.41,15229.09,0.0,1
CLM101034,POL10266,CUS20870,Travel,West,PRV-09,75,2024-03-19,2024-07-13,2024-07-19,2024-09-13,Lost Baggage,Settled,,1907.8,17868.09,9865.88,0
CLM101035,POL12970,CUS20320,Home,South,PRV-09,56,2024-12-18,2025-04-17,2025-04-28,2025-05-06,Water Damage,Settled,,29060.1,258590.31,177554.5,1
CLM101036,POL13611,CUS22037,Travel,West,PRV-23,62,2024-09-05,2025-01-06,2025-01-12,2025-01-26,Lost Baggage,Settled,,1398.01,14224.54,12961.56,2
CLM101037,POL10058,CUS21141,Motor,North,PRV-13,67,2024-05-22,2024-12-03,2024-12-14,,Theft,Approved,,800.0,17804.66,10514.42,0
CLM101038,POL11746,CUS21525,Motor,North,PRV-04,64,2024-12-14,2025-08-25,2025-09-03,,Theft,Approved,,4944.62,68982.87,56192.78,1
CLM101039,POL13308,CUS20821,Health,Central,PRV-24,35,2025-04-10,2025-09-20,2025-09-28,,Hospitalization,Pending,,12091.89,136875.84,0.0,2
CLM101040,POL12824,CUS21394,Health,West,PRV-01,68,2025-01-13,2025-04-08,2025-04-16,2025-04-21,Hospitalization,Settled,,6014.5,53146.72,52319.82,1
CLM101041,POL13426,CUS21376,Motor,Central,PRV-14,71,2024-02-24,2024-11-17,2024-11-28,2024-12-15,Glass Damage,Settled,,4761.19,36950.41,23963.88,2
CLM101042,POL11660,CUS21226,Home,South,PRV-12,57,2024-12-14,2025-06-12,2025-06-22,2025-08-27,Theft,Settled,,3958.49,22220.53,12930.93,0
CLM101043,POL11489,CUS22598,Travel,South,PRV-20,27,2025-01-21,2025-09-27,2025-09-28,,Trip Cancellation,Approved,,2433.15,22931.47,18945.6,0
CLM101044,POL12836,CUS22074,Health,East,PRV-18,59,2025-02-27,2025-07-07,2025-07-14,2025-09-06,Emergency,Settled,,5949.02,45486.69,32714.84,0
CLM101045,POL10614,CUS21659,Health,East,PRV-18,47,2024-09-20,2024-11-19,2024-11-24,,Diagnostic,Approved,,14701.49,84444.46,80792.55,0
CLM101046,POL10957,CUS20394,Health,South,PRV-27,60,2024-02-28,2024-12-07,2024-12-17,,Diagnostic,Approved,,10611.26,147782.49,142128.4,1
CLM101047,POL12403,CUS21997,Motor,North,PRV-18,20,2024-03-19,2024-10-08,2024-10-10,2024-11-09,Collision,Settled,,6264.9,63888.52,57996.32,2
CLM101048,POL12673,CUS20612,Motor,West,PRV-02,40,2024-07-24,2024-10-25,2024-11-03,2025-01-01,Third Party,Settled,,9163.27,66329.98,40321.42,0
CLM101049,POL10478,CUS21099,Health,Central,PRV-02,48,2025-01-28,2025-10-09,2025-10-14,,Hospitalization,Rejected,Coverage Limit,7895.56,68791.61,0.0,0
CLM101050,POL12033,CUS21452,Health,West,PRV-11,23,2025-04-03,2025-04-06,2025-04-17,,Diagnostic,Pending,,10255.24,62541.39,0.0,1
CLM101051,POL11459,CUS20494,Health,North,PRV-01,47,2025-02-21,2025-11-27,2025-12-06,2025-12-24,Hospitalization,Settled,,3683.11,32051.54,17992.41,2
CLM101052,POL12006,CUS21363,Home,South,PRV-26,53,2024-07-12,2025-01-02,2025-01-06,2025-02-17,Theft,Settled,,1747.52,10380.03,6630.07,3
CLM101053,POL13833,CUS20934,Motor,Central,PRV-24,51,2024-09-29,2025-03-25,2025-04-04,,Theft,Rejected,Insufficient Documents,1414.84,27060.8,0.0,1
CLM101054,POL10306,CUS22974,Motor,Central,PRV-22,64,2024-01-30,2024-02-04,2024-02-06,2024-02-17,Collision,Settled,,1444.88,9598.7,7227.76,1
CLM101055,POL13981,CUS23008,Motor,South,PRV-21,42,2025-05-09,2025-07-01,2025-07-01,,Theft,Approved,,3763.1,60704.63,54585.7,2
CLM101056,POL11798,CUS20015,Motor,East,PRV-19,31,2024-08-07,2025-03-11,2025-03-17,,Collision,Approved,,800.0,15938.64,12520.33,0
CLM101057,POL13088,CUS22108,Health,East,PRV-11,26,2024-11-11,2025-04-27,2025-05-01,,Hospitalization,Rejected,Suspected Misrepresentation,1174.55,25125.44,0.0,2
CLM101058,POL11697,CUS22241,Home,South,PRV-01,28,2024-10-05,2024-11-13,2024-11-14,,Storm,Rejected,Late Notification,5943.87,50756.45,0.0,0
CLM101059,POL11243,CUS21322,Home,North,PRV-04,38,2024-06-26,2025-01-12,2025-01-23,,Water Damage,Approved,,3497.68,47506.14,38307.53,0
CLM101060,POL13082,CUS21641,Health,East,PRV-14,73,2024-04-14,2024-11-24,2024-11-24,,Surgery,Rejected,,2597.98,50354.43,0.0,2
CLM101061,POL12750,CUS22764,Health,South,PRV-08,62,2025-08-14,2025-11-04,2025-11-11,2025-11-23,Hospitalization,Settled,,4493.28,36130.16,23333.39,1
CLM101062,POL10576,CUS21322,Motor,Central,PRV-30,26,2024-03-15,2024-10-08,2024-10-11,,Theft,Rejected,Insufficient Documents,8225.46,79708.98,0.0,0
CLM101063,POL12821,CUS20225,Health,East,PRV-25,53,2025-08-08,2026-05-26,2026-05-29,,Surgery,Approved,,3208.58,36846.21,34528.41,0
CLM101064,POL13012,CUS21303,Motor,Central,PRV-21,49,2024-03-11,2024-08-03,2024-08-05,2024-08-29,Third Party,Settled,,2234.13,20244.68,13341.03,3
CLM101065,POL11551,CUS20888,Home,West,PRV-13,30,2024-02-29,2024-05-08,2024-05-12,,Fire,Pending,,23491.5,147548.24,0.0,2
CLM101066,POL13702,CUS21339,Health,West,PRV-25,60,2025-07-13,2026-04-27,2026-05-05,2026-06-06,Emergency,Settled,,8153.7,58785.08,57472.3,2
CLM101067,POL12563,CUS20805,Motor,South,PRV-13,18,2025-08-09,2026-05-09,2026-05-12,,Collision,Rejected,Coverage Limit,1378.35,13218.07,0.0,1
CLM101068,POL11334,CUS20524,Motor,West,PRV-16,23,2025-07-09,2025-11-23,2025-12-01,2025-12-22,Third Party,Settled,,7701.28,50207.89,30804.38,2
CLM101069,POL10042,CUS23448,Motor,East,PRV-22,54,2025-04-25,2025-08-31,2025-09-05,2025-10-31,Collision,Settled,,12779.19,80179.12,45864.35,0
CLM101070,POL12699,CUS20451,Travel,Central,PRV-11,50,2024-11-01,2025-07-09,2025-07-18,,Delay,Rejected,Coverage Limit,1751.66,20263.8,0.0,1
CLM101071,POL10836,CUS22471,Motor,West,PRV-16,52,2024-03-07,2024-03-08,2024-03-13,2024-03-28,Third Party,Settled,,2478.44,47237.18,34101.49,0
CLM101072,POL13026,CUS22511,Motor,East,PRV-10,57,2025-01-01,2025-04-05,2025-04-09,2025-06-04,Glass Damage,Settled,,1309.83,27717.3,17461.34,3
CLM101073,POL12100,CUS22162,Motor,South,PRV-06,70,2024-11-17,2025-04-29,2025-05-05,2025-06-10,Glass Damage,Settled,,7306.05,58063.68,43616.49,1
CLM101074,POL11866,CUS23190,Home,West,PRV-24,20,2025-04-01,2025-10-14,2025-10-22,,Storm,Rejected,Late Notification,7125.95,41808.12,0.0,0
CLM101075,POL10655,CUS20017,Health,South,PRV-30,64,2024-01-22,2024-07-28,2024-08-02,,Diagnostic,Approved,,979.65,27378.35,17051.13,0
CLM101076,POL12846,CUS21055,Health,East,PRV-14,42,2024-02-17,2024-06-07,2024-06-17,2024-08-25,Emergency,Settled,,884.83,8460.15,4797.19,1
CLM101077,POL10663,CUS20645,Motor,North,PRV-02,33,2024-12-31,2025-09-17,2025-09-23,2025-10-07,Collision,Settled,,833.0,14085.91,12702.85,0
CLM101078,POL11671,CUS22019,Motor,North,PRV-10,45,2025-06-14,2025-12-26,2025-12-29,2026-01-04,Third Party,Settled,,7273.1,66283.58,50060.25,0
CLM101079,POL13345,CUS22224,Home,Central,PRV-27,49,2025-08-01,2026-01-10,2026-01-10,,Storm,Approved,,6092.44,38438.31,25368.1,0
CLM101080,POL13681,CUS23142,Motor,North,PRV-20,50,2024-12-18,2025-09-25,2025-09-29,,Theft,Approved,,6846.88,46249.95,45317.45,1
CLM101081,POL13956,CUS21329,Motor,Central,PRV-08,33,2024-08-16,2024-09-14,2024-09-14,,Glass Damage,Pending,,10575.55,60193.2,0.0,1
CLM101082,POL13832,CUS20825,Health,West,PRV-30,20,2024-10-19,2025-05-20,2025-05-20,2025-07-15,Diagnostic,Settled,,11179.53,108877.99,79610.9,0
CLM101083,POL12223,CUS23234,Motor,North,PRV-04,56,2024-11-11,2025-08-16,2025-08-20,2025-09-30,Theft,Settled,,4221.58,32596.59,21930.43,0
CLM101084,POL10801,CUS22355,Motor,Central,PRV-13,69,2025-01-18,2025-08-04,2025-08-07,,Theft,Approved,,11455.38,69520.59,61049.02,3
CLM101085,POL13356,CUS22676,Home,East,PRV-15,70,2024-05-21,2024-11-07,2024-11-17,2025-01-08,Fire,Settled,,7782.35,57800.04,50630.39,2
CLM101086,POL13206,CUS21557,Health,Central,PRV-05,67,2024-08-29,2024-12-16,2024-12-24,2025-02-25,Emergency,Settled,,2032.99,11641.74,11034.0,0
CLM101087,POL13961,CUS21565,Motor,South,PRV-06,30,2024-12-01,2025-02-21,2025-03-02,2025-04-05,Third Party,Settled,,2084.07,31183.54,17335.21,0
CLM101088,POL12603,CUS21361,Motor,South,PRV-20,67,2025-06-11,2025-11-22,2025-11-28,2026-01-26,Theft,Settled,,4187.3,83336.61,69446.64,1
CLM101089,POL10566,CUS22623,Home,West,PRV-02,55,2025-05-12,2026-02-05,2026-02-06,2026-02-18,Storm,Settled,,5444.26,103959.88,70358.64,0
CLM101090,POL12011,CUS20737,Motor,Central,PRV-13,48,2025-04-12,2025-08-29,2025-09-08,2025-09-15,Collision,Settled,,5376.29,34057.01,33668.02,1
CLM101091,POL11792,CUS23413,Motor,Central,PRV-22,35,2024-05-13,2024-06-19,2024-06-24,2024-06-27,Glass Damage,Settled,,866.96,22859.47,12828.03,0
CLM101092,POL13371,CUS20615,Health,West,PRV-18,63,2024-09-09,2025-02-01,2025-02-06,,Surgery,Approved,,6828.91,45078.95,34681.46,0
CLM101093,POL11570,CUS21613,Health,North,PRV-12,25,2024-12-09,2025-01-08,2025-01-15,2025-02-14,Diagnostic,Settled,,3458.42,34717.59,30199.57,1
CLM101094,POL11314,CUS21101,Travel,East,PRV-30,64,2025-08-22,2026-05-29,2026-05-30,,Medical,Approved,,5863.06,43857.34,38948.33,1
CLM101095,POL10320,CUS22248,Motor,West,PRV-15,70,2024-08-07,2025-01-14,2025-01-19,,Third Party,Rejected,Policy Exclusion,5005.78,35293.57,0.0,1
CLM101096,POL13341,CUS22382,Motor,East,PRV-14,73,2025-07-23,2025-09-25,2025-10-02,,Third Party,Approved,,7886.44,84203.19,64201.13,1
CLM101097,POL13021,CUS23215,Health,North,PRV-20,69,2025-04-08,2025-10-12,2025-10-20,2026-01-01,Emergency,Settled,,800.0,15063.56,14449.62,0
CLM101098,POL10164,CUS22762,Health,North,PRV-10,65,2025-01-27,2025-07-07,2025-07-13,2025-09-23,Surgery,Settled,,2214.69,18072.14,14630.16,2
CLM101099,POL11735,CUS20870,Motor,North,PRV-12,61,2025-03-11,2025-08-11,2025-08-22,2025-09-26,Collision,Settled,,7025.42,40497.31,31771.88,1
CLM101100,POL11918,CUS20723,Health,South,PRV-30,24,2025-05-06,2025-10-31,2025-11-11,,Hospitalization,Approved,,1221.47,36103.87,33782.47,1
CLM101101,POL11877,CUS23102,Motor,Central,PRV-07,37,2025-03-09,2025-12-12,2025-12-13,,Collision,Approved,,1922.07,30011.54,22491.82,2
CLM101102,POL13675,CUS21707,Home,East,PRV-21,26,2025-02-21,2025-11-04,2025-11-04,,Water Damage,Rejected,Suspected Misrepresentation,13283.26,82422.33,0.0,0
CLM101103,POL10602,CUS20341,Home,West,PRV-24,39,2024-08-22,2024-11-09,2024-11-15,,Storm,Approved,,3685.31,91072.43,63573.75,2
CLM101104,POL11225,CUS22887,Health,West,PRV-10,47,2024-09-22,2024-12-03,2024-12-12,,Hospitalization,Approved,,1381.33,43824.01,28287.43,1
CLM101105,POL10723,CUS22269,Travel,Central,PRV-10,69,2025-01-06,2025-10-30,2025-11-05,,Medical,Rejected,Late Notification,1636.0,10119.33,0.0,0
CLM101106,POL10976,CUS20089,Travel,East,PRV-10,59,2025-06-07,2025-12-17,2025-12-19,2026-01-09,Medical,Settled,,1362.3,9381.12,6578.17,1
CLM101107,POL13628,CUS22739,Motor,East,PRV-14,65,2025-02-07,2025-02-13,2025-02-19,2025-04-04,Theft,Settled,,2982.74,43811.08,24840.0,0
CLM101108,POL13762,CUS22125,Motor,East,PRV-19,66,2025-09-04,2026-02-10,2026-02-21,,Third Party,Pending,,6859.57,39204.53,0.0,3
CLM101109,POL10178,CUS22151,Health,South,PRV-23,64,2025-02-26,2025-04-03,2025-04-05,,Surgery,Pending,,3972.97,29028.71,0.0,0
CLM101110,POL12528,CUS23027,Motor,North,PRV-11,18,2024-09-09,2024-09-18,2024-09-23,2024-09-30,Theft,Settled,,4872.7,101800.37,58372.5,3
CLM101111,POL10931,CUS21734,Health,Central,PRV-15,72,2024-12-22,2025-02-16,2025-02-23,2025-02-27,Hospitalization,Settled,,1071.49,10814.58,8708.91,2
CLM101112,POL10770,CUS21614,Motor,West,PRV-24,43,2025-01-21,2025-04-08,2025-04-12,2025-06-19,Glass Damage,Settled,,6338.9,39677.77,27358.46,1
CLM101113,POL11168,CUS22160,Travel,West,PRV-01,32,2025-06-21,2025-07-15,2025-07-15,2025-09-19,Medical,Settled,,1300.45,9991.13,5678.48,0
CLM101114,POL10777,CUS20692,Health,North,PRV-06,42,2024-06-07,2025-02-12,2025-02-20,,Hospitalization,Approved,,4575.89,38821.34,23044.32,3
CLM101115,POL11960,CUS20530,Home,East,PRV-04,50,2024-06-03,2024-10-13,2024-10-21,,Theft,Approved,,16597.06,179330.74,156438.11,0
CLM101116,POL13982,CUS22953,Health,Central,PRV-06,58,2024-05-05,2024-10-18,2024-10-25,,Emergency,Rejected,Coverage Limit,3368.09,50115.42,0.0,3
CLM101117,POL12345,CUS20754,Motor,Central,PRV-26,42,2024-02-04,2024-10-20,2024-10-27,2024-12-04,Theft,Settled,,12627.26,103468.37,101414.9,0
CLM101118,POL12892,CUS21765,Home,East,PRV-07,50,2025-02-22,2025-10-31,2025-11-07,2025-12-23,Fire,Settled,,1599.73,30140.38,25821.67,0
CLM101119,POL11973,CUS20944,Motor,Central,PRV-29,41,2025-08-19,2026-04-22,2026-04-25,,Third Party,Rejected,,17205.35,113576.37,0.0,0
CLM101120,POL10055,CUS20806,Motor,North,PRV-27,64,2025-01-15,2025-03-15,2025-03-15,2025-04-11,Theft,Settled,,4437.14,72223.45,48989.56,1
CLM101121,POL10336,CUS22092,Motor,West,PRV-12,23,2024-02-07,2024-09-17,2024-09-28,2024-10-10,Theft,Settled,,1679.28,34923.48,28361.97,1
CLM101122,POL11075,CUS22808,Health,Central,PRV-03,58,2024-08-14,2025-06-08,2025-06-10,2025-07-21,Emergency,Settled,,2502.58,61331.2,49149.99,0
CLM101123,POL10974,CUS21546,Motor,North,PRV-08,50,2025-07-13,2025-07-16,2025-07-25,2025-08-23,Glass Damage,Settled,,5844.73,38392.43,30162.07,1
CLM101124,POL13362,CUS20485,Motor,West,PRV-19,45,2024-02-02,2024-10-19,2024-10-25,2024-12-18,Theft,Settled,,10017.84,100008.51,95391.67,0
CLM101125,POL13374,CUS20855,Motor,Central,PRV-14,40,2025-01-14,2025-09-30,2025-10-06,2025-12-14,Third Party,Settled,,1970.22,21940.27,17277.27,0
CLM101126,POL13416,CUS20576,Motor,South,PRV-26,31,2024-09-30,2025-06-09,2025-06-09,2025-08-11,Third Party,Settled,,4144.87,38315.15,25618.93,0
CLM101127,POL12550,CUS23089,Motor,East,PRV-11,32,2025-07-23,2025-11-19,2025-11-30,2026-01-12,Glass Damage,Settled,,4774.96,40432.63,35009.97,2
CLM101128,POL12224,CUS21118,Health,South,PRV-06,55,2024-11-14,2025-01-13,2025-01-19,,Emergency,Approved,,3664.83,22607.27,15128.37,0
CLM101129,POL12596,CUS21308,Motor,South,PRV-21,26,2024-12-16,2025-07-23,2025-08-01,2025-09-02,Theft,Settled,,2302.21,28223.85,16581.82,0
CLM101130,POL11627,CUS20248,Motor,West,PRV-28,31,2025-03-23,2025-09-26,2025-10-05,2025-11-22,Collision,Settled,,1198.36,20638.23,16817.84,1
CLM101131,POL12680,CUS21561,Health,North,PRV-17,43,2025-05-24,2025-12-28,2025-12-29,2026-01-11,Hospitalization,Settled,,6427.55,40082.49,24525.05,0
CLM101132,POL13177,CUS23198,Home,Central,PRV-22,55,2024-11-15,2025-01-31,2025-02-11,,Fire,Approved,,9287.68,90978.37,79278.31,3
CLM101133,POL13051,CUS21433,Motor,East,PRV-18,41,2025-03-23,2025-05-16,2025-05-23,,Glass Damage,Approved,,1287.82,11013.99,8229.53,1
CLM101134,POL12455,CUS22279,Motor,South,PRV-07,26,2025-05-14,2026-02-08,2026-02-10,,Third Party,Pending,,6453.26,120119.43,0.0,1
CLM101135,POL10232,CUS20636,Motor,Central,PRV-17,64,2024-11-21,2025-04-25,2025-05-01,2025-06-16,Glass Damage,Settled,,10569.57,66341.43,48570.58,0
CLM101136,POL12899,CUS20500,Travel,Central,PRV-30,30,2025-03-19,2025-11-29,2025-12-06,2026-01-12,Medical,Settled,,1550.08,9077.74,6611.2,1
CLM101137,POL11466,CUS22560,Motor,West,PRV-30,72,2024-08-13,2025-05-17,2025-05-24,,Collision,Rejected,Late Notification,6225.89,64094.14,0.0,3
CLM101138,POL12974,CUS20230,Motor,West,PRV-25,42,2024-08-08,2024-12-24,2024-12-27,2025-01-03,Collision,Settled,,1866.21,56513.63,49233.33,1
CLM101139,POL12158,CUS21569,Health,Central,PRV-16,64,2024-01-02,2024-03-21,2024-04-01,2024-05-06,Diagnostic,Settled,,2421.61,71101.79,44071.12,2
CLM101140,POL13524,CUS21108,Motor,North,PRV-02,48,2025-02-19,2025-11-14,2025-11-16,2025-12-17,Collision,Settled,,2424.56,32179.39,22641.01,0
CLM101141,POL11353,CUS20056,Motor,North,PRV-14,32,2024-06-04,2025-01-04,2025-01-09,,Third Party,Pending,,5257.07,50658.85,0.0,1
CLM101142,POL13725,CUS21859,Motor,North,PRV-25,73,2025-05-19,2025-12-05,2025-12-15,2026-01-25,Glass Damage,Settled,,2405.93,25346.57,18365.65,0
CLM101143,POL13377,CUS23374,Health,North,PRV-29,36,2025-08-13,2026-05-27,2026-05-27,,Hospitalization,Approved,,9757.19,84601.43,81238.53,0
CLM101144,POL11324,CUS20242,Health,South,PRV-18,53,2025-06-27,2025-09-09,2025-09-13,,Diagnostic,Approved,,2793.36,40714.85,33960.07,3
CLM101145,POL11930,CUS22855,Health,North,PRV-01,64,2024-06-19,2024-10-05,2024-10-10,2024-11-18,Diagnostic,Settled,,1175.85,19131.48,14855.06,0
CLM101146,POL12125,CUS21887,Home,West,PRV-27,42,2025-02-08,2025-02-20,2025-03-01,,Storm,Approved,,7978.96,45304.29,27547.45,1
CLM101147,POL13074,CUS22532,Motor,North,PRV-26,64,2025-04-11,2025-08-05,2025-08-14,,Collision,Rejected,Late Notification,1187.26,16469.48,0.0,1
CLM101148,POL12756,CUS20337,Travel,South,PRV-18,66,2024-11-09,2025-03-23,2025-04-01,,Medical,Pending,,6247.17,36325.24,0.0,0
CLM101149,POL13408,CUS23041,Home,Central,PRV-13,33,2024-11-11,2025-03-27,2025-03-31,2025-05-05,Fire,Settled,,13961.1,120637.94,85945.53,1
CLM101150,POL11479,CUS20039,Home,North,PRV-24,26,2024-09-28,2024-11-13,2024-11-18,2024-12-03,Theft,Settled,,800.0,16587.37,15862.4,2
CLM101151,POL12019,CUS23173,Home,South,PRV-10,21,2024-07-10,2025-03-09,2025-03-09,2025-05-17,Storm,Settled,,2778.43,23298.83,16499.31,3
CLM101152,POL11723,CUS22302,Motor,North,PRV-25,18,2024-12-21,2025-05-17,2025-05-26,,Collision,Rejected,Coverage Limit,8717.43,49020.61,0.0,1
CLM101153,POL13638,CUS21181,Motor,South,PRV-10,48,2025-09-06,2026-01-16,2026-01-19,,Theft,Approved,,3754.94,24077.68,22211.09,0
CLM101154,POL11219,CUS20024,Health,West,PRV-24,32,2024-05-15,2025-01-29,2025-02-03,2025-03-24,Diagnostic,Settled,,13358.53,176859.78,142286.37,0
CLM101155,POL12348,CUS22138,Motor,North,PRV-21,42,2024-01-30,2024-06-24,2024-07-02,,Glass Damage,Approved,,2607.62,58828.38,46036.64,1
CLM101156,POL10480,CUS20306,Health,East,PRV-02,48,2024-02-04,2024-10-28,2024-11-06,2024-11-19,Emergency,Settled,,4564.07,46070.99,44530.41,0
CLM101157,POL13401,CUS22130,Motor,West,PRV-02,34,2024-12-26,2025-03-03,2025-03-04,,Third Party,Approved,,1604.43,35809.6,32986.1,3
CLM101158,POL11536,CUS22706,Motor,South,PRV-20,54,2024-06-16,2025-02-26,2025-03-07,2025-05-16,Glass Damage,Settled,,3457.01,46309.16,46157.79,2
CLM101159,POL11362,CUS20935,Travel,East,PRV-14,40,2024-10-13,2025-08-05,2025-08-09,2025-09-20,Delay,Settled,,3276.58,19536.38,16825.65,0
CLM101160,POL12331,CUS20835,Health,West,PRV-27,64,2025-08-12,2026-03-25,2026-03-30,2026-04-12,Emergency,Settled,,3178.7,24827.22,20130.5,1
CLM101161,POL11995,CUS20776,Health,South,PRV-24,27,2024-02-17,2024-11-10,2024-11-11,2025-01-10,Surgery,Settled,,2660.71,18036.79,14293.75,2
CLM101162,POL13391,CUS20786,Motor,Central,PRV-29,52,2024-04-18,2024-11-26,2024-12-04,,Theft,Approved,,6320.47,56896.15,40407.43,2
CLM101163,POL12125,CUS20398,Health,North,PRV-06,36,2024-05-12,2024-11-08,2024-11-13,,Surgery,Approved,,800.0,12849.71,8113.55,0
CLM101164,POL12067,CUS20873,Home,North,PRV-24,24,2024-10-10,2025-05-27,2025-05-28,2025-07-10,Storm,Settled,,2115.55,40250.71,37083.28,2
CLM101165,POL10419,CUS22307,Health,North,PRV-14,26,2025-03-06,2025-12-19,2025-12-20,2026-02-18,Surgery,Settled,,1383.47,9550.11,5281.07,1
CLM101166,POL10087,CUS21058,Health,South,PRV-10,63,2024-04-23,2024-10-21,2024-10-29,2024-12-01,Emergency,Settled,,2147.88,22753.88,21605.62,2
CLM101167,POL11594,CUS22733,Health,North,PRV-12,68,2024-03-08,2024-09-30,2024-10-01,2024-10-09,Diagnostic,Settled,,3299.62,31425.01,20995.51,0
CLM101168,POL13992,CUS22867,Motor,East,PRV-26,18,2024-02-23,2024-03-18,2024-03-24,2024-05-19,Collision,Settled,,1833.8,32264.13,21221.09,1
CLM101169,POL13669,CUS22663,Health,North,PRV-17,31,2025-05-11,2026-02-22,2026-03-02,,Surgery,Pending,,3163.85,37552.74,0.0,0
CLM101170,POL12515,CUS21888,Travel,West,PRV-01,58,2024-01-19,2024-09-08,2024-09-18,,Medical,Pending,,881.55,17689.63,0.0,0
CLM101171,POL12523,CUS21106,Health,South,PRV-15,62,2025-01-22,2025-03-12,2025-03-13,,Diagnostic,Approved,,3370.33,55544.02,32768.95,1
CLM101172,POL11566,CUS23254,Health,East,PRV-24,48,2024-12-24,2025-03-21,2025-03-24,2025-04-20,Surgery,Settled,,5197.11,31819.12,20142.9,0
CLM101173,POL10710,CUS20718,Health,South,PRV-23,19,2024-03-03,2024-05-10,2024-05-11,,Surgery,Approved,,37172.43,270338.7,232420.79,0
CLM101174,POL10034,CUS21625,Health,East,PRV-15,46,2024-12-08,2025-03-14,2025-03-24,,Hospitalization,Approved,,4492.92,28474.02,20982.48,1
CLM101175,POL11355,CUS21587,Travel,Central,PRV-24,42,2024-06-26,2025-03-18,2025-03-25,,Medical,Approved,,1194.4,7412.81,4113.55,0
CLM101176,POL11265,CUS22609,Health,South,PRV-27,61,2024-11-15,2025-04-03,2025-04-14,,Emergency,Approved,,9764.3,82441.3,57098.58,1
CLM101177,POL10766,CUS21913,Motor,East,PRV-02,65,2024-03-26,2024-07-30,2024-07-30,,Glass Damage,Pending,,1847.48,24427.49,0.0,0
CLM101178,POL11036,CUS22798,Motor,Central,PRV-16,20,2025-02-18,2025-10-09,2025-10-17,,Theft,Approved,,11867.81,114242.88,109882.54,0
CLM101179,POL10099,CUS23216,Health,North,PRV-27,72,2025-05-09,2025-08-28,2025-08-28,,Emergency,Pending,,1000.17,30465.98,0.0,2
CLM101180,POL12431,CUS21367,Motor,South,PRV-13,41,2024-01-02,2024-09-23,2024-09-24,2024-10-16,Third Party,Settled,,2246.66,14722.43,10437.84,1
CLM101181,POL13709,CUS23061,Health,East,PRV-30,53,2024-11-26,2025-07-10,2025-07-15,,Surgery,Approved,,7195.43,47843.62,31490.75,0
CLM101182,POL12763,CUS20593,Home,East,PRV-26,72,2025-02-05,2025-04-23,2025-04-27,,Water Damage,Approved,,3042.11,28631.7,17125.0,3
CLM101183,POL11792,CUS23206,Health,Central,PRV-06,52,2024-01-02,2024-07-09,2024-07-13,,Diagnostic,Rejected,Suspected Misrepresentation,1615.25,18644.89,0.0,1
CLM101184,POL11681,CUS20622,Motor,North,PRV-10,18,2025-03-24,2025-08-16,2025-08-16,2025-10-25,Glass Damage,Settled,,2470.22,44197.77,26704.14,1
CLM101185,POL11230,CUS22975,Home,South,PRV-12,31,2024-12-02,2025-03-15,2025-03-21,2025-05-14,Water Damage,Settled,,1457.36,35254.97,30012.33,2
CLM101186,POL10569,CUS21365,Health,Central,PRV-15,68,2024-07-08,2025-04-05,2025-04-09,,Surgery,Approved,,1061.02,13474.06,8977.21,2
CLM101187,POL12393,CUS23376,Motor,North,PRV-21,25,2024-10-26,2025-02-22,2025-03-05,,Glass Damage,Approved,,4295.33,25174.67,31444.451153968344,0
CLM101188,POL12266,CUS20452,Health,West,PRV-26,55,2025-02-26,2025-04-02,2025-04-11,,Diagnostic,Approved,,800.0,13669.92,9937.45,0
CLM101189,POL10029,CUS21629,Health,Central,PRV-17,42,2025-02-02,2025-06-05,2025-06-10,2025-08-02,Surgery,Settled,,13540.68,78555.53,48042.84,1
CLM101190,POL11662,CUS23156,Home,East,PRV-01,70,2025-04-26,2025-09-28,2025-10-07,2025-12-19,Water Damage,Settled,,8439.32,77211.1,52103.68,0
CLM101191,POL11112,CUS20166,Motor,North,PRV-26,74,2024-01-22,2024-02-29,2024-03-06,2024-04-16,Third Party,Settled,,3853.04,40080.77,34490.56,2
CLM101192,POL10681,CUS20927,Motor,Central,PRV-11,20,2025-05-03,2025-12-12,2025-12-17,2026-01-21,Collision,Settled,,1462.77,30195.3,25916.35,1
CLM101193,POL12812,CUS20292,Health,West,PRV-11,73,2024-01-22,2024-03-31,2024-04-11,,Hospitalization,Approved,,1425.04,35007.83,28663.2,0
CLM101194,POL12103,CUS21124,Motor,West,PRV-25,64,2025-02-07,2025-03-07,2025-03-14,2025-03-28,Third Party,Settled,,5683.97,50900.03,35398.99,1
CLM101195,POL12535,CUS21365,Health,North,PRV-25,73,2024-08-04,2025-01-12,2025-01-17,2025-03-31,Hospitalization,Settled,,11729.66,97916.87,81845.37,1
CLM101196,POL12853,CUS22166,Home,East,PRV-27,48,2024-02-09,2024-03-29,2024-04-04,,Theft,Pending,,6455.38,67869.6,0.0,0
CLM101197,POL13927,CUS20901,Motor,East,PRV-28,73,2025-03-02,2025-10-22,2025-10-31,2025-12-28,Glass Damage,Settled,,2030.18,27772.76,22827.05,0
CLM101198,POL13211,CUS20555,Health,West,PRV-05,32,2024-12-08,2024-12-29,2025-01-06,2025-02-08,Hospitalization,Settled,,1233.88,38577.06,34780.21,2
CLM101199,POL12481,CUS20594,Travel,Central,PRV-06,23,2025-02-17,2025-06-23,2025-06-29,2025-08-29,Trip Cancellation,Settled,,1137.03,16242.96,9943.86,2
CLM101200,POL13516,CUS23284,Health,West,PRV-14,45,2024-08-21,2024-09-06,2024-09-08,,Emergency,Approved,,3507.9,25563.44,23452.34,1
CLM101201,POL11910,CUS23336,Health,South,PRV-30,32,2024-06-21,2024-10-14,2024-10-21,,Hospitalization,Approved,,1545.29,12781.3,12234.93,0
CLM101202,POL13939,CUS20774,Health,North,PRV-11,71,2025-01-22,2025-10-29,2025-11-03,,Emergency,Pending,,907.73,16899.29,0.0,0
CLM101203,POL13045,CUS20683,Motor,South,PRV-11,53,2024-05-13,2024-11-24,2024-12-05,,Collision,Approved,,3553.17,23844.28,13436.67,0
CLM101204,POL12603,CUS20189,Motor,West,PRV-30,43,2025-05-18,2025-10-26,2025-11-05,,Glass Damage,Approved,,970.09,18558.16,17686.52,1
CLM101205,POL13613,CUS23357,Health,Central,PRV-30,20,2025-02-27,2025-04-16,2025-04-16,,Surgery,Approved,,6863.7,45966.61,26594.0,0
CLM101206,POL12060,CUS22471,Health,West,PRV-17,25,2025-09-11,2025-12-14,2025-12-25,,Hospitalization,Pending,,4216.77,39448.4,0.0,3
CLM101207,POL12882,CUS22662,Motor,South,PRV-18,54,2024-01-17,2024-05-10,2024-05-20,2024-06-18,Third Party,Settled,,8066.81,58650.42,46730.93,1
CLM101208,POL11138,CUS21017,Motor,Central,PRV-12,21,2024-12-29,2025-06-21,2025-07-01,2025-07-31,Collision,Settled,,1868.4,44010.87,28597.0,1
CLM101209,POL13852,CUS22243,Home,North,PRV-25,59,2024-12-11,2025-02-12,2025-02-17,,Water Damage,Pending,,1601.54,11346.51,0.0,0
CLM101210,POL12493,CUS20209,Motor,South,PRV-27,18,2025-06-15,2026-04-10,2026-04-13,,Third Party,Approved,,3642.37,26352.18,25262.03,1
CLM101211,POL13128,CUS22366,Home,East,PRV-08,40,2024-09-19,2025-04-02,2025-04-09,2025-04-24,Theft,Settled,,3177.7,56454.24,35497.62,0
CLM101212,POL11842,CUS22028,Health,North,PRV-22,30,2025-08-03,2025-11-05,2025-11-15,,Surgery,Rejected,Coverage Limit,2333.95,46097.22,0.0,0
CLM101213,POL13467,CUS21160,Health,West,PRV-16,33,2024-05-28,2024-07-01,2024-07-06,,Emergency,Rejected,Suspected Misrepresentation,2421.29,17014.85,0.0,0
CLM101214,POL10296,CUS22486,Motor,Central,PRV-22,49,2025-06-13,2025-12-08,2025-12-19,,Theft,Pending,,8113.09,87781.66,0.0,2
CLM101215,POL10456,CUS22262,Motor,Central,PRV-13,40,2024-11-18,2025-04-01,2025-04-04,,Theft,Approved,,15241.6,119868.25,116366.06,0
CLM101216,POL12028,CUS21536,Health,South,PRV-19,38,2025-08-08,2026-02-26,2026-03-08,,Surgery,Rejected,Policy Exclusion,871.46,27791.11,0.0,0
CLM101217,POL12929,CUS20653,Health,Central,PRV-20,30,2024-05-14,2024-11-09,2024-11-09,2024-12-22,Emergency,Settled,,3750.48,65172.03,43648.18,1
CLM101218,POL13236,CUS20082,Motor,Central,PRV-13,68,2024-06-10,2024-12-19,2024-12-29,2025-01-23,Third Party,Settled,,6152.03,43358.14,33075.8,1
CLM101219,POL11760,CUS23281,Health,South,PRV-07,32,2024-12-15,2025-08-22,2025-09-02,2025-09-11,Hospitalization,Settled,,2039.56,34089.27,18921.26,1
CLM101220,POL12598,CUS20984,Health,North,PRV-03,63,2024-12-08,2025-05-15,2025-05-23,2025-05-28,Emergency,Settled,,4476.71,106481.09,104600.84,0
CLM101221,POL12212,CUS21056,Motor,West,PRV-30,73,2024-04-02,2024-11-05,2024-11-12,,Theft,Approved,,3971.7,70589.32,43185.36,0
CLM101222,POL13846,CUS22383,Health,Central,PRV-20,44,2025-02-07,2025-05-26,2025-05-30,2025-05-28,Surgery,Settled,,9982.18,64459.26,47861.82,0
CLM101223,POL12616,CUS20893,Motor,East,PRV-14,35,2024-09-08,2025-06-17,2025-06-27,2025-08-13,Collision,Settled,,5830.71,71123.93,60647.58,2
CLM101224,POL11667,CUS21315,Health,East,PRV-13,31,2024-04-03,2024-08-03,2024-08-04,2024-08-14,Emergency,Settled,,11654.48,106422.56,89687.26,0
CLM101225,POL13879,CUS22489,Motor,Central,PRV-13,32,2024-11-12,2025-06-04,2025-06-07,2025-07-09,Collision,Settled,,1723.54,14778.54,12467.93,0
CLM101226,POL10429,CUS22083,Health,East,PRV-14,42,2025-03-08,2026-01-01,2026-01-02,,Emergency,Approved,,2353.77,27402.65,15282.55,1
CLM101227,POL13938,CUS22297,Motor,East,PRV-14,53,2024-01-20,2024-05-04,2024-05-07,2024-05-17,Collision,Settled,,855.57,19420.54,17097.5,2
CLM101228,POL10616,CUS20016,Health,North,PRV-28,54,2025-07-24,2025-08-24,2025-08-30,,Diagnostic,Approved,,5609.92,81871.94,72514.19,0
CLM101229,POL11152,CUS21579,Health,North,PRV-14,29,2025-01-13,2025-03-24,2025-03-28,,Hospitalization,Approved,,4818.95,89785.69,71416.81,0
CLM101230,POL13285,CUS21663,Travel,East,PRV-22,19,2024-06-10,2024-08-22,2024-08-27,,Trip Cancellation,Approved,,4507.22,27082.08,23808.26,0
CLM101231,POL12935,CUS22213,Health,West,PRV-15,64,2025-04-10,2025-04-27,2025-04-29,,Emergency,Approved,,8997.49,63806.05,35110.46,0
CLM101232,POL13881,CUS20530,Home,West,PRV-24,69,2025-06-07,2025-11-17,2025-11-21,,Theft,Pending,,2588.81,16869.85,0.0,3
CLM101233,POL12999,CUS20558,Motor,West,PRV-01,23,2025-08-15,2025-11-06,2025-11-11,2025-11-27,Third Party,Settled,,6533.96,43032.65,25105.65,0
CLM101234,POL12548,CUS22668,Motor,East,PRV-23,55,2025-05-05,2025-06-04,2025-06-06,2025-08-19,Collision,Settled,,1424.83,46983.57,32456.06,0
CLM101235,POL11385,CUS22356,Motor,South,PRV-07,42,2024-05-05,2024-06-15,2024-06-26,2024-07-12,Glass Damage,Settled,,7835.11,55040.77,35315.4,1
CLM101236,POL10018,CUS22839,Health,North,PRV-13,73,2024-04-11,2024-07-02,2024-07-12,2024-08-26,Surgery,Settled,,29674.57,290050.29,183815.08,3
CLM101237,POL10495,CUS20947,Health,Central,PRV-19,65,2024-05-09,2024-08-28,2024-09-07,,Diagnostic,Rejected,Insufficient Documents,7796.76,53331.09,0.0,1
CLM101238,POL11191,CUS23491,Home,East,PRV-17,56,2025-06-26,2026-04-14,2026-04-14,2026-05-07,Storm,Settled,,2459.73,14138.28,11743.71,1
CLM101239,POL10163,CUS20954,Health,South,PRV-02,37,2024-07-07,2025-02-03,2025-02-08,2025-03-06,Diagnostic,Settled,,2054.12,24553.98,19509.05,0
CLM101240,POL12032,CUS22278,Health,Central,PRV-17,39,2024-07-23,2025-02-22,2025-03-03,,Diagnostic,Rejected,Insufficient Documents,5455.4,45191.34,0.0,1
CLM101241,POL13109,CUS20567,Motor,North,PRV-04,45,2025-07-06,2026-01-29,2026-02-02,,Collision,Pending,,2514.75,33224.14,0.0,1
CLM101242,POL13853,CUS23214,Motor,South,PRV-08,43,2024-05-06,2025-01-02,2025-01-04,2025-02-22,Theft,Settled,,4798.52,29246.61,21452.07,0
CLM101243,POL11958,CUS21163,Home,North,PRV-14,23,2024-09-09,2024-12-14,2024-12-21,2025-01-04,Theft,Settled,,4507.98,66193.14,36725.32,2
CLM101244,POL13500,CUS22808,Motor,North,PRV-19,18,2024-07-02,2024-08-01,2024-08-01,,Collision,Pending,,1596.48,19307.34,0.0,1
CLM101245,POL13942,CUS21159,Motor,Central,PRV-16,57,2024-07-06,2024-12-06,2024-12-13,2025-02-01,Theft,Settled,,3547.41,21737.64,17846.86,0
CLM101246,POL13439,CUS22767,Travel,North,PRV-12,21,2025-01-04,2025-01-05,2025-01-10,2025-02-10,Delay,Settled,,918.23,20347.34,12342.93,0
CLM101247,POL11859,CUS21589,Travel,North,PRV-03,44,2025-04-04,2025-06-08,2025-06-16,2025-07-15,Delay,Settled,,3442.75,33070.83,21041.08,0
CLM101248,POL11301,CUS20218,Health,Central,PRV-02,23,2024-06-13,2025-01-25,2025-02-02,2025-02-17,Emergency,Settled,,2261.04,19293.31,12097.26,0
CLM101249,POL13911,CUS20666,Motor,North,PRV-14,44,2024-01-24,2024-06-23,2024-06-29,,Glass Damage,Approved,,3844.09,32896.92,24126.22,1
CLM101250,POL10967,CUS22392,Home,East,PRV-30,40,2025-01-31,2025-08-26,2025-09-02,2025-11-14,Storm,Settled,,2553.63,53188.32,30163.24,0
CLM101251,POL11646,CUS20675,Motor,South,PRV-25,22,2024-12-06,2025-05-08,2025-05-08,2025-05-14,Collision,Settled,,1563.13,43512.5,39178.6,1
CLM101252,POL10296,CUS20963,Health,South,PRV-13,34,2025-02-12,2025-07-25,2025-08-05,,Emergency,Pending,,8049.08,87020.58,0.0,2
CLM101253,POL13174,CUS21896,Motor,West,PRV-07,21,2024-10-06,2025-01-05,2025-01-05,2025-01-12,Third Party,Settled,,3620.81,36917.32,35566.63,0
CLM101254,POL12599,CUS20885,Travel,South,PRV-11,41,2025-04-26,2025-07-01,2025-07-12,2025-08-18,Delay,Settled,,7474.42,43608.12,29314.58,1
CLM101255,POL10339,CUS20451,Travel,East,PRV-15,23,2025-01-22,2025-04-10,2025-04-21,,Lost Baggage,Pending,,1760.18,12278.95,0.0,0
CLM101256,POL10887,CUS22185,Health,West,PRV-19,41,2025-04-14,2025-12-09,2025-12-17,2026-01-07,Hospitalization,Settled,,2045.65,17076.21,16468.98,2
CLM101257,POL12221,CUS22411,Motor,Central,PRV-17,22,2025-03-29,2026-01-16,2026-01-24,,Third Party,Pending,,5080.91,82593.46,0.0,2
CLM101258,POL12161,,Health,South,PRV-14,38,2024-11-04,2024-11-29,2024-11-29,,Emergency,Rejected,Insufficient Documents,3308.63,20025.94,0.0,2
CLM101259,POL13208,CUS23303,Motor,South,PRV-20,37,2024-07-20,2024-12-28,2025-01-08,2025-03-12,Collision,Settled,,1348.28,22840.98,14119.23,1
CLM101260,POL11064,CUS20435,Home,South,PRV-30,47,2024-12-26,2025-05-16,2025-05-22,2025-06-22,Theft,Settled,,12299.99,71467.43,55240.86,2
CLM101261,POL13698,CUS21493,Motor,East,PRV-13,42,2025-01-29,2025-07-17,2025-07-21,2025-09-01,Third Party,Settled,,21907.16,127448.51,120221.63,0
CLM101262,POL11777,,Motor,Central,PRV-02,72,2024-12-20,2025-02-28,2025-03-08,,Theft,Approved,,7870.02,44542.97,27700.84,1
CLM101263,POL13290,CUS23153,Health,West,PRV-26,70,2024-11-21,2024-11-24,2024-11-30,2024-12-31,Emergency,Settled,,2853.49,39384.08,22324.88,0
CLM101264,POL10953,CUS21889,Health,South,PRV-25,48,2024-07-31,2024-09-30,2024-10-04,,Hospitalization,Approved,,7561.3,149365.41,98240.63,0
CLM101265,POL10147,CUS20344,Home,Central,PRV-18,20,2024-03-24,2024-05-18,2024-05-21,2024-06-15,Water Damage,Settled,,3159.52,25415.09,16976.2,0
CLM101266,POL10220,CUS22422,Motor,West,PRV-01,65,2024-09-22,2024-10-08,2024-10-09,2024-11-10,Glass Damage,Settled,,5404.82,57851.97,42416.57,0
CLM101267,POL11490,CUS20150,Home,South,PRV-27,57,2025-06-30,2025-10-15,2025-10-25,2025-12-20,Theft,Settled,,11898.96,134794.33,119253.07,1
CLM101268,POL13812,CUS20959,Motor,East,PRV-06,63,2025-03-20,2025-10-11,2025-10-18,2025-11-09,Collision,Settled,,2939.45,25910.51,14809.7,0
CLM101269,POL10194,CUS22524,Motor,South,PRV-29,70,2025-04-12,2026-01-26,2026-01-29,,Collision,Approved,,4019.62,30127.66,24323.41,1
CLM101270,POL11475,CUS21771,Health,North,PRV-06,42,2025-04-01,2025-10-15,2025-10-23,2025-11-14,Diagnostic,Settled,,3644.25,45656.55,40012.0,3
CLM101271,POL10437,CUS22663,Motor,East,PRV-01,46,2025-07-25,2025-09-16,2025-09-24,,Glass Damage,Rejected,Late Notification,4499.24,56053.26,0.0,2
CLM101272,POL13726,CUS21999,Health,South,PRV-11,31,2024-05-20,2024-09-06,2024-09-07,,Hospitalization,Approved,,14203.7,116851.0,115093.44,1
CLM101273,POL12701,CUS22950,Motor,Central,PRV-15,22,2025-03-22,2025-06-21,2025-06-23,,Collision,Approved,,1968.37,48367.02,44566.02,1
CLM101274,POL13050,CUS21968,Motor,East,PRV-27,19,2024-02-13,2024-04-17,2024-04-19,2024-06-01,Theft,Settled,,2272.17,16831.89,10039.2,0
CLM101275,POL12853,CUS20198,Home,Central,PRV-02,59,2024-05-31,2025-03-24,2025-03-25,2025-05-17,Fire,Settled,,14689.86,98029.29,61670.16,2
CLM101276,POL12628,CUS20249,Motor,Central,PRV-08,21,2024-01-19,2024-08-03,2024-08-12,2024-10-03,Collision,Settled,,11775.97,72707.87,63565.44,0
CLM101277,POL13094,CUS22719,Health,North,PRV-20,68,2024-09-23,2025-02-14,2025-02-15,2025-03-03,Surgery,Settled,,4001.19,27965.68,18045.79,1
CLM101278,POL10032,CUS20135,Home,Central,PRV-16,30,2024-03-28,2024-08-06,2024-08-15,2024-08-20,Theft,Settled,,11051.99,104252.67,68927.17,0
CLM101279,POL13461,CUS21317,Motor,West,PRV-26,47,2024-08-27,2024-12-01,2024-12-07,2025-02-17,Glass Damage,Settled,,8337.3,51761.26,48248.09,0
CLM101280,POL12959,CUS20056,Home,South,PRV-15,68,2024-03-24,2024-07-27,2024-07-28,2024-09-11,Water Damage,Settled,,5724.73,55232.31,41850.84,0
CLM101281,POL12957,CUS21061,Motor,South,PRV-19,29,2024-01-23,2024-07-31,2024-08-10,,Third Party,Pending,,5557.98,37537.99,0.0,1
CLM101282,POL11573,CUS22082,Health,North,PRV-08,24,2024-10-23,2025-07-28,2025-07-30,2025-09-14,Emergency,Settled,,800.0,18849.69,14348.29,0
CLM101283,POL13203,CUS20605,Motor,Central,PRV-12,40,2024-09-11,2025-02-07,2025-02-18,2025-03-13,Collision,Settled,,1911.16,14016.03,9327.77,0
CLM101284,POL11527,CUS21631,Home,Central,PRV-14,65,2024-09-15,2024-11-10,2024-11-10,2024-12-07,Storm,Settled,,1982.74,46526.63,27422.26,0
CLM101285,POL10195,CUS23486,Health,South,PRV-19,33,2024-08-02,2025-05-16,2025-05-23,2025-07-24,Hospitalization,Settled,,2658.66,77839.96,77041.2,4
CLM101286,POL13631,CUS20246,Health,North,PRV-26,44,2024-09-10,2024-12-14,2024-12-17,2025-01-28,Diagnostic,Settled,,18150.65,172311.3,117408.75,1
CLM101287,POL10938,CUS20222,Travel,Central,PRV-10,55,2024-01-03,2024-01-28,2024-02-03,2024-03-14,Delay,Settled,,800.0,7461.88,5823.43,0
CLM101288,POL10407,CUS20949,Motor,North,PRV-21,55,2024-10-23,2025-04-04,2025-04-14,,Glass Damage,Approved,,2582.81,32790.23,18900.14,2
CLM101289,POL12487,CUS22894,Home,South,PRV-07,66,2025-06-09,2026-02-01,2026-02-10,2026-03-02,Water Damage,Settled,,13941.12,95398.08,58874.0,0
CLM101290,POL10934,CUS21420,Health,East,PRV-12,26,2024-03-27,2024-06-13,2024-06-16,2024-08-14,Diagnostic,Settled,,6347.25,56398.69,33611.69,0
CLM101291,POL13432,CUS22238,Travel,West,PRV-03,74,2024-03-30,2024-06-22,2024-06-22,2024-08-01,Medical,Settled,,3399.72,24282.52,13914.11,0
CLM101292,POL11775,CUS20118,Travel,Central,PRV-09,64,2025-04-28,2025-07-24,2025-07-27,,Trip Cancellation,Pending,,3572.43,24214.49,0.0,1
CLM101293,POL10018,CUS22572,Travel,North,PRV-24,74,2024-11-06,2025-07-06,2025-07-15,,Delay,Approved,,800.0,7367.62,4108.29,1
CLM101294,POL13806,CUS20235,Motor,North,PRV-16,23,2024-06-08,2025-03-22,2025-03-28,,Collision,Rejected,Suspected Misrepresentation,2601.11,14625.61,0.0,2
CLM101295,POL12058,CUS22491,Home,Central,PRV-28,62,2025-05-01,2026-01-10,2026-01-19,,Fire,Rejected,Insufficient Documents,5666.44,93948.48,0.0,0
CLM101296,POL11051,CUS20517,Home,West,PRV-07,48,2024-07-20,2024-09-26,2024-10-01,,Theft,Pending,,5729.15,134057.97,0.0,0
CLM101297,POL12709,CUS23004,Health,West,PRV-13,63,2025-01-09,2025-09-20,2025-09-26,2025-11-04,Diagnostic,Settled,,2180.61,28038.23,17315.97,1
CLM101298,POL12122,CUS21036,Motor,East,PRV-05,23,2024-12-10,2025-03-13,2025-03-13,,Theft,Pending,,3622.57,25091.12,0.0,1
CLM101299,POL10118,CUS20643,Travel,West,PRV-09,46,2024-04-14,2024-12-30,2024-12-30,,Medical,Pending,,800.0,17391.04,0.0,2
CLM101300,,CUS21178,Motor,North,PRV-02,67,2025-04-13,2026-02-04,2026-02-12,,Collision,Rejected,Coverage Limit,3860.97,38605.44,0.0,0
CLM101301,POL11605,CUS20002,Health,South,PRV-07,65,2025-01-18,2025-08-21,2025-08-23,2025-09-23,Diagnostic,Settled,,3239.69,28000.41,19889.15,0
CLM101302,POL12799,CUS20577,Health,West,PRV-01,52,2024-05-09,2025-02-19,2025-02-23,2025-04-17,Surgery,Settled,,2852.45,18866.1,13743.82,0
CLM101303,POL13582,CUS22094,Motor,North,PRV-21,56,2025-04-14,2025-05-27,2025-05-31,,Glass Damage,Pending,,7378.73,47032.97,0.0,0
CLM101304,POL12442,CUS21052,Home,West,PRV-30,49,2025-01-19,2025-08-03,2025-08-10,,Water Damage,Approved,,19138.38,290679.32,190508.59,0
CLM101305,POL12686,CUS21238,Motor,Central,PRV-02,67,2025-06-13,2025-06-29,2025-07-10,,Theft,Rejected,Suspected Misrepresentation,3485.01,49005.85,0.0,2
CLM101306,POL11018,CUS22825,Health,North,PRV-11,33,2025-05-23,2025-12-05,2025-12-14,2026-01-03,Hospitalization,Settled,,3601.05,27158.31,15218.8,1
CLM101307,POL10950,CUS20433,Home,East,PRV-27,72,2024-07-16,2024-10-26,2024-11-02,2024-11-27,Theft,Settled,,12006.65,75529.24,56545.17,0
CLM101308,POL11660,CUS21385,Motor,South,PRV-02,47,2025-08-03,2026-05-21,2026-05-31,2026-06-26,Theft,Settled,,3710.35,67151.12,65011.25,0
CLM101309,,CUS20651,Health,West,PRV-22,75,2024-01-22,2024-06-19,2024-06-25,2024-08-03,Emergency,Settled,,8631.0,62364.56,55669.48,0
CLM101310,POL12096,CUS21689,Motor,Central,PRV-18,19,2024-07-26,2025-03-11,2025-03-12,2025-04-08,Theft,Settled,,3065.8,46698.68,32680.08,1
CLM101311,POL11392,CUS21161,Home,West,PRV-25,48,2025-01-11,2025-04-12,2025-04-17,2025-06-16,Storm,Settled,,1504.13,26341.96,20989.99,1
CLM101312,POL13118,CUS20161,Travel,Central,PRV-15,45,2024-11-27,2024-12-20,2024-12-31,,Trip Cancellation,Rejected,Suspected Misrepresentation,2931.58,36356.92,0.0,0
CLM101313,POL13413,CUS20245,Motor,South,PRV-03,46,2024-05-19,2024-12-27,2025-01-05,,Theft,Pending,,5340.18,35792.5,0.0,0
CLM101314,POL13610,CUS22983,Health,East,PRV-18,30,2024-05-03,2024-07-09,2024-07-13,,Surgery,Rejected,Suspected Misrepresentation,4330.22,30627.63,0.0,1
CLM101315,POL11195,CUS20199,Health,South,PRV-30,39,2025-04-29,2025-12-02,2025-12-05,,Surgery,Approved,,3171.2,31149.7,24971.54,2
CLM101316,POL12838,CUS22739,Health,South,PRV-17,69,2025-06-27,2025-11-13,2025-11-24,,Surgery,Approved,,1991.52,14523.09,13831.99,0
CLM101317,POL12361,CUS23206,Health,North,PRV-02,25,2025-02-25,2025-12-13,2025-12-14,,Emergency,Approved,,1493.79,16437.57,10481.49,1
CLM101318,POL11795,CUS21630,Health,East,PRV-04,33,2024-11-24,2025-03-10,2025-03-21,,Diagnostic,Approved,,2351.77,38192.65,30951.59,1
CLM101319,POL11587,CUS21092,Health,North,PRV-15,53,2025-04-24,2025-08-22,2025-08-30,2025-10-07,Hospitalization,Settled,,3673.85,23482.28,16615.48,2
CLM101320,POL10458,CUS22717,Motor,South,PRV-23,47,2024-05-28,2025-01-05,2025-01-14,2025-02-06,Collision,Settled,,1765.14,46367.32,35270.77,1
CLM101321,POL11099,CUS23437,Motor,East,PRV-07,75,2025-08-22,2026-04-14,2026-04-17,,Collision,Pending,,11335.79,68638.04,0.0,1
CLM101322,POL12198,CUS20421,Home,West,PRV-12,18,2024-03-18,2024-04-25,2024-05-02,,Theft,Rejected,Insufficient Documents,7103.45,47889.0,0.0,0
CLM101323,POL13546,CUS23375,Motor,South,PRV-29,33,2024-12-28,2025-08-07,2025-08-10,2025-10-18,Collision,Settled,,5011.19,36172.16,22894.46,0
CLM101324,POL13465,CUS23303,Health,North,PRV-30,61,2024-07-30,2024-12-24,2024-12-24,2025-03-07,Surgery,Settled,,11058.15,95850.67,76988.87,1
CLM101325,POL10750,CUS20498,Motor,Central,PRV-27,27,2025-07-14,2026-05-06,2026-05-11,,Glass Damage,Rejected,Insufficient Documents,7683.01,50712.27,0.0,2
CLM101326,POL12717,CUS20191,Home,West,PRV-18,27,2024-05-31,2024-12-06,2024-12-17,2025-02-21,Fire,Settled,,6955.89,203192.56,135297.23,0
CLM101327,POL10339,CUS22502,Health,South,PRV-27,32,2025-02-01,2025-09-21,2025-09-23,2025-11-29,Hospitalization,Settled,,6422.92,54132.47,37756.28,3
CLM101328,POL12700,CUS20271,Health,North,PRV-15,75,2024-04-06,2024-07-18,2024-07-19,2024-08-22,Hospitalization,Settled,,3273.13,47329.65,34680.87,1
CLM101329,POL11367,CUS22102,Motor,West,PRV-30,46,2024-04-22,2024-07-16,2024-07-27,2024-08-02,Theft,Settled,,10873.94,86376.32,68651.15,0
CLM101330,POL11799,CUS20226,Health,Central,PRV-11,34,2024-09-15,2025-05-08,2025-05-18,,Hospitalization,Rejected,Suspected Misrepresentation,9765.15,74424.6,0.0,0
CLM101331,POL12870,CUS22417,Travel,South,PRV-28,66,2025-05-10,2025-05-15,2025-05-25,,Lost Baggage,Approved,,924.06,14853.54,13105.21,0
CLM101332,POL11699,CUS20810,Health,North,PRV-17,56,2024-06-21,2024-12-12,2024-12-23,2025-02-21,Diagnostic,Settled,,1668.1,31342.89,26120.12,3
CLM101333,POL13229,CUS20336,Health,West,PRV-28,33,2025-03-06,2025-12-21,2026-01-01,2026-03-02,Hospitalization,Settled,,7773.2,65808.42,38955.5,0
CLM101334,POL12134,CUS20233,Home,Central,PRV-15,73,2024-12-20,2025-10-13,2025-10-24,2025-12-25,Theft,Settled,,11865.62,69354.51,54050.0,2
CLM101335,POL13994,CUS20659,Motor,East,PRV-27,75,2025-08-29,2026-04-01,2026-04-12,,Theft,Approved,,2153.47,16626.96,11836.92,1
CLM101336,POL12552,CUS21892,Health,East,PRV-16,61,2024-07-05,2024-12-01,2024-12-09,,Hospitalization,Approved,,8140.8,79326.62,56145.9,1
CLM101337,POL11185,CUS20268,Motor,East,PRV-25,40,2024-05-30,2025-01-28,2025-01-31,,Theft,Pending,,9121.1,53551.64,0.0,1
CLM101338,POL13101,CUS22807,Motor,South,PRV-30,38,2025-07-13,2025-07-18,2025-07-23,2025-09-10,Third Party,Settled,,2494.94,16324.16,11956.87,2
CLM101339,POL11631,CUS22114,Health,East,PRV-03,34,2024-07-25,2025-03-20,2025-03-24,,Hospitalization,Approved,,4781.76,34175.02,19165.07,2
CLM101340,POL12136,CUS21040,Home,South,PRV-13,71,2024-05-13,2024-07-09,2024-07-15,,Storm,Rejected,Insufficient Documents,10072.71,105353.39,0.0,1
CLM101341,POL10547,CUS23453,Travel,East,PRV-01,22,2025-05-24,2025-12-30,2026-01-07,2026-02-18,Delay,Settled,,800.0,5506.72,4514.45,1
CLM101342,POL10477,CUS22304,Home,South,PRV-09,30,2025-05-18,2025-08-31,2025-09-02,,Fire,Approved,,4591.13,65876.5,51877.84,2
CLM101343,POL12299,CUS22351,Health,South,PRV-02,28,2024-02-08,2024-09-20,2024-09-20,,Hospitalization,Approved,,2619.63,17174.28,10041.6,1
CLM101344,POL10746,CUS20608,Motor,Central,PRV-13,54,2025-06-14,2025-12-12,2025-12-19,,Theft,Approved,,2736.78,37645.02,23553.86,1
CLM101345,POL13990,CUS22487,Health,West,PRV-11,23,2025-01-27,2025-11-01,2025-11-12,2026-01-03,Emergency,Settled,,13604.31,100354.46,89939.12,3
CLM101346,POL13422,CUS21957,Travel,East,PRV-02,61,2024-06-21,2025-02-12,2025-02-22,,Medical,Rejected,Suspected Misrepresentation,800.0,2916.77,0.0,0
CLM101347,POL12803,CUS23446,Home,South,PRV-12,26,2024-11-27,2025-08-28,2025-08-28,,Water Damage,Approved,,8159.04,72316.01,47275.85,0
CLM101348,POL12938,CUS21672,Health,North,PRV-14,38,2024-05-27,2024-07-12,2024-07-19,2024-07-24,Diagnostic,Settled,,1396.24,26109.44,25882.89,0
CLM101349,POL12380,CUS22373,Health,Central,PRV-01,28,2024-04-14,2024-08-06,2024-08-12,2024-08-15,Hospitalization,Settled,,850.05,25200.02,21294.97,2
CLM101350,POL10241,CUS21193,Home,East,PRV-28,66,2024-03-23,2024-08-01,2024-08-06,2024-09-29,Fire,Settled,,2925.19,22332.09,14750.07,2
CLM101351,POL11569,CUS20140,Travel,North,PRV-10,55,2024-04-12,2024-04-22,2024-04-30,2024-07-05,Medical,Settled,,800.0,5443.41,3469.12,0
CLM101352,POL11983,CUS20447,Home,East,PRV-07,45,2024-12-27,2025-01-03,2025-01-08,2025-02-08,Fire,Settled,,2363.54,65910.06,48604.34,0
CLM101353,POL13661,CUS23034,Health,North,PRV-02,72,2025-05-17,2025-05-29,2025-06-08,2025-07-13,Diagnostic,Settled,,800.0,9105.67,7653.37,1
CLM101354,POL10877,CUS22583,Motor,East,PRV-03,67,2024-10-28,2025-06-15,2025-06-25,,Glass Damage,Approved,,4537.74,38678.81,24250.44,0
CLM101355,POL11987,CUS21276,Health,South,PRV-21,51,2024-01-10,2024-05-23,2024-05-30,,Surgery,Approved,,4837.27,42910.31,38043.22,1
CLM101356,POL11376,CUS22442,Motor,South,PRV-01,30,2024-09-22,2025-05-05,2025-05-10,2025-07-12,Theft,Settled,,4920.09,89275.08,50785.84,0
CLM101357,POL10537,CUS20015,Travel,East,PRV-03,24,2025-04-08,2025-12-14,2025-12-21,,Medical,Rejected,Suspected Misrepresentation,2605.5,21604.85,0.0,1
CLM101358,POL10412,CUS20130,Health,North,PRV-20,69,2025-06-01,2025-06-12,2025-06-22,,Emergency,Rejected,Policy Exclusion,4446.0,48528.63,0.0,1
CLM101359,POL11461,CUS21775,Health,North,PRV-11,59,2025-03-30,2025-12-09,2025-12-12,,Emergency,Approved,,7073.17,69587.43,60386.86,0
CLM101360,POL10329,CUS22187,Motor,South,PRV-23,48,2024-08-17,2024-10-24,2024-11-03,2024-11-06,Third Party,Settled,,10777.92,66875.57,57011.18,0
CLM101361,POL10268,CUS23279,Health,North,PRV-21,23,2025-02-06,2025-06-07,2025-06-14,2025-07-12,Surgery,Settled,,808.94,19362.21,12930.4,1
CLM101362,POL11403,CUS22658,Health,North,PRV-21,42,2024-02-12,2024-11-26,2024-11-26,,Hospitalization,Approved,,4494.18,41162.82,29780.23,2
CLM101363,POL10807,CUS20900,Motor,Central,PRV-03,73,2024-09-10,2024-12-10,2024-12-18,,Glass Damage,Rejected,Suspected Misrepresentation,5030.58,89761.83,0.0,2
CLM101364,POL12219,CUS22852,Home,North,PRV-20,31,2024-11-28,2025-09-06,2025-09-08,,Fire,Approved,,2715.01,47286.64,26017.67,0
CLM101365,POL10070,CUS21720,Motor,Central,PRV-28,35,2024-01-18,2024-06-18,2024-06-24,,Collision,Approved,,5897.24,48509.2,35771.54,1
CLM101366,POL11207,CUS22891,Health,Central,PRV-25,23,2024-01-09,2024-01-13,2024-01-24,,Diagnostic,Rejected,Insufficient Documents,3309.6,25369.43,0.0,3
CLM101367,POL11813,CUS20608,Motor,Central,PRV-29,35,2025-05-12,2026-01-16,2026-01-25,,Collision,Rejected,Insufficient Documents,4145.69,34280.66,0.0,0
CLM101368,POL13852,CUS20091,Health,Central,PRV-26,34,2024-05-16,2024-05-30,2024-06-07,2024-08-12,Hospitalization,Settled,,11240.87,66701.88,65581.27,1
CLM101369,POL12538,CUS20201,Health,South,PRV-28,63,2024-03-18,2024-09-25,2024-09-25,2024-10-29,Diagnostic,Settled,,6948.89,46574.54,38173.22,0
CLM101370,POL13522,CUS23468,Home,North,PRV-11,41,2025-01-02,2025-05-20,2025-05-30,,Fire,Approved,,12728.37,212879.24,195305.82,2
CLM101371,POL11373,CUS20281,Motor,North,PRV-08,58,2024-06-23,2024-08-04,2024-08-08,,Theft,Rejected,,2691.14,21463.96,0.0,1
CLM101372,POL11798,CUS23287,Travel,West,PRV-18,52,2025-08-30,2026-01-31,2026-01-31,2026-02-17,Lost Baggage,Settled,,4313.55,35054.99,32162.92,0
CLM101373,POL11681,CUS22544,Health,Central,PRV-06,34,2025-08-10,2025-11-27,2025-12-08,,Hospitalization,Rejected,Policy Exclusion,10998.48,86616.72,0.0,1
CLM101374,POL13549,CUS20511,Motor,South,PRV-20,59,2025-05-25,2025-06-24,2025-06-26,,Glass Damage,Approved,,1272.08,13480.81,9900.17,1
CLM101375,POL13836,CUS23024,Motor,Central,PRV-30,67,2024-07-06,2024-12-20,2024-12-23,,Collision,Approved,,6769.15,39322.78,22004.87,0
CLM101376,POL13849,CUS20504,Motor,South,PRV-11,20,2025-06-26,2025-07-10,2025-07-11,2025-07-21,Third Party,Settled,,2590.22,26016.78,19788.87,0
CLM101377,,CUS20501,Home,North,PRV-11,58,2024-06-07,2024-11-15,2024-11-22,,Fire,Approved,,8884.23,59865.52,50471.62,2
CLM101378,POL12012,CUS22014,Motor,West,PRV-20,73,2024-05-28,2024-08-04,2024-08-14,,Third Party,Approved,,3888.49,38049.22,25242.83,2
CLM101379,POL12163,CUS21009,Health,Central,PRV-19,50,2025-08-26,2026-05-02,2026-05-08,2026-07-07,Emergency,Settled,,26184.08,176783.37,161562.82,3
CLM101380,POL13922,CUS21017,Health,South,PRV-20,32,2025-02-21,2025-12-03,2025-12-13,,Emergency,Rejected,Late Notification,4912.95,54987.88,0.0,0
CLM101381,POL11138,CUS20682,Home,Central,PRV-13,23,2024-02-23,2024-11-28,2024-12-09,2025-02-11,Water Damage,Settled,,800.0,21665.08,17479.51,0
CLM101382,POL11386,CUS22126,Health,North,PRV-01,57,2025-07-03,2026-04-10,2026-04-20,2026-04-24,Hospitalization,Settled,,1581.89,15068.62,9942.67,1
CLM101383,POL13587,CUS20093,Home,North,PRV-08,24,2024-04-09,2024-05-10,2024-05-11,,Storm,Approved,,4561.79,40657.76,35265.44,3
CLM101383,POL11545,CUS20857,Motor,East,PRV-03,64,2025-02-26,2025-07-29,2025-07-31,,Third Party,Approved,,7245.36,153042.69,104462.77,0
CLM101385,POL10940,CUS21937,Home,East,PRV-05,64,2024-09-28,2024-12-05,2024-12-08,2025-02-06,Fire,Settled,,1037.35,7993.27,4981.86,1
CLM101386,POL12241,CUS21702,Motor,South,PRV-23,42,2024-01-11,2024-02-09,2024-02-16,,Collision,Approved,,2986.14,18892.44,12815.42,0
CLM101387,POL11301,CUS22449,Motor,West,PRV-04,53,2025-05-03,2025-08-29,2025-09-08,,Theft,Rejected,Policy Exclusion,10165.35,63433.91,0.0,2
CLM101388,POL13563,CUS20756,Travel,East,PRV-03,43,2025-03-01,2025-07-08,2025-07-11,,Lost Baggage,Rejected,Policy Exclusion,2839.53,32813.92,0.0,1
CLM101389,POL13636,CUS22267,Motor,South,PRV-07,62,2025-07-02,2025-09-29,2025-10-06,2025-11-18,Theft,Settled,,1571.42,17173.72,12051.99,2
CLM101390,POL11224,CUS22659,Motor,South,PRV-16,20,2025-01-14,2025-02-18,2025-02-20,2025-03-14,Glass Damage,Settled,,6933.3,43672.19,31794.65,2
CLM101391,POL12118,CUS21358,Health,East,PRV-02,47,2025-04-13,2025-08-14,2025-08-20,2025-09-10,Diagnostic,Settled,,3233.61,17989.57,15996.97,1
CLM101392,POL13935,CUS20898,Motor,North,PRV-02,41,2025-07-15,2025-08-31,2025-09-09,,Glass Damage,Rejected,Policy Exclusion,2993.7,79008.58,0.0,0
CLM101393,POL12969,CUS21942,Motor,North,PRV-27,44,2025-08-28,2025-09-10,2025-09-14,,Glass Damage,Approved,,800.0,18793.34,17312.53,2
CLM101394,POL10862,CUS22026,Health,East,PRV-25,72,2024-12-13,2025-04-27,2025-04-28,,Surgery,Approved,,800.0,17562.8,11186.62,1
CLM101395,POL12362,CUS20329,Home,South,PRV-07,47,2024-01-11,2024-01-31,2024-02-04,,Storm,Approved,,1843.43,18550.73,16962.59,1
CLM101396,POL12479,CUS21977,Home,West,PRV-17,39,2024-08-02,2025-05-18,2025-05-27,2025-07-24,Water Damage,Settled,,21487.45,145497.55,121961.99,0
CLM101397,POL12613,CUS20540,Motor,Central,PRV-23,58,2025-01-19,2025-09-27,2025-10-08,2025-12-18,Collision,Settled,,800.0,12063.81,7926.03,0
CLM101398,POL10100,CUS21990,Health,East,PRV-07,70,2024-03-08,2024-12-10,2024-12-17,,Surgery,Approved,,6605.78,49540.05,35629.32,1
CLM101399,POL11197,CUS23261,Home,Central,PRV-17,64,2024-03-13,2024-04-13,2024-04-21,2024-05-19,Water Damage,Settled,,4409.42,79200.47,55873.84,0
CLM101400,POL13418,CUS21879,Motor,East,PRV-26,58,2024-09-01,2025-01-19,2025-01-24,,Glass Damage,Approved,,800.0,10990.29,8196.74,1
CLM101401,POL10965,CUS22665,Motor,South,PRV-02,71,2025-07-18,2026-03-22,2026-04-02,2026-05-16,Glass Damage,Settled,,5576.89,46731.92,43469.09,0
CLM101402,POL11198,CUS21083,Motor,South,PRV-04,69,2024-07-18,2025-01-07,2025-01-17,,Collision,Approved,,8765.31,73609.23,54119.21,0
CLM101403,POL11289,CUS23229,Health,North,PRV-26,30,2025-08-02,2025-11-02,2025-11-13,,Hospitalization,Pending,,2131.48,29402.06,0.0,2
CLM101404,POL10709,CUS22844,Motor,West,PRV-28,29,2025-05-12,2026-01-16,2026-01-26,,Third Party,Rejected,Insufficient Documents,2957.57,37755.17,0.0,1
CLM101405,POL10621,CUS23208,Home,East,PRV-21,44,2024-07-06,2024-10-07,2024-10-13,,Theft,Approved,,3896.02,46884.4,42391.06,3
CLM101406,POL11388,CUS22595,Travel,West,PRV-30,56,2024-05-23,2025-03-11,2025-03-22,2025-04-06,Lost Baggage,Settled,,1902.56,11232.17,9070.27,0
CLM101407,POL13497,CUS22272,Motor,South,PRV-23,72,2025-05-28,2025-06-28,2025-07-05,2025-07-25,Theft,Settled,,1963.51,12275.93,9376.45,1
CLM101408,POL10006,CUS21837,Health,South,PRV-20,23,2025-04-13,2025-11-11,2025-11-18,2025-12-11,Emergency,Settled,,4210.23,38581.23,34624.6,0
CLM101409,POL11132,CUS23248,Motor,East,PRV-01,68,2025-01-25,2025-01-29,2025-02-05,2025-03-13,Theft,Settled,,4899.9,28076.7,15721.16,1
CLM101410,POL10242,CUS22968,Motor,East,PRV-26,46,2025-08-29,2026-05-30,2026-06-01,,Theft,Approved,,2433.5,20753.34,16870.17,0
CLM101411,POL12245,CUS21458,Home,North,PRV-10,55,2024-03-03,2024-06-18,2024-06-28,,Water Damage,Pending,,6038.11,133498.37,0.0,0
CLM101412,POL11002,CUS20299,Health,North,PRV-25,60,2024-08-27,2024-09-03,2024-09-07,,Emergency,Rejected,Coverage Limit,6739.11,65381.15,0.0,0
CLM101413,POL13167,CUS20012,Travel,Central,PRV-01,30,2025-01-08,2025-09-15,2025-09-22,,Trip Cancellation,Approved,,6673.32,40646.86,27395.37,0
CLM101414,POL12340,CUS20817,Health,South,PRV-14,27,2024-02-14,2024-11-30,2024-12-10,,Diagnostic,Pending,,12652.23,97777.21,0.0,2
CLM101415,POL13135,CUS20218,Motor,North,PRV-19,37,2025-08-28,2026-05-31,2026-06-01,2026-07-27,Glass Damage,Settled,,13091.43,75716.77,48542.7,0
CLM101416,POL12539,CUS20740,Health,North,PRV-04,73,2024-12-20,2025-05-15,2025-05-18,2025-05-27,Hospitalization,Settled,,40984.83,373838.19,297620.49,1
CLM101417,POL11753,CUS20383,Motor,South,PRV-12,60,2024-07-10,2024-07-29,2024-08-09,,Third Party,Pending,,10534.73,63166.51,0.0,0
CLM101418,POL13443,CUS23433,Home,North,PRV-03,45,2024-05-28,2024-08-05,2024-08-09,,Theft,Pending,,91834.5,633392.83,0.0,1
CLM101419,POL11905,CUS20333,Health,South,PRV-15,61,2024-01-01,2024-01-11,2024-01-18,2024-03-19,Emergency,Settled,,7482.26,48773.83,29618.37,2
CLM101420,POL13799,CUS22194,Motor,East,PRV-04,43,2025-01-02,2025-01-16,2025-01-22,2025-04-02,Collision,Settled,,7297.73,40833.69,32460.95,0
CLM101421,POL13978,CUS21230,Health,Central,PRV-08,23,2025-08-28,2025-10-15,2025-10-25,,Diagnostic,Approved,,3410.62,45271.96,28585.0,0
CLM101422,POL12356,CUS20609,Health,Central,PRV-16,69,2024-01-23,2024-07-10,2024-07-16,,Emergency,Pending,,19331.24,155635.35,0.0,0
CLM101423,POL12698,CUS22454,Home,North,PRV-14,66,2024-09-13,2025-05-01,2025-05-06,2025-06-07,Water Damage,Settled,,23346.35,340982.45,295839.99,0
CLM101424,POL11022,CUS23396,Motor,North,PRV-02,67,2025-02-14,2025-08-08,2025-08-08,2025-09-30,Third Party,Settled,,6713.85,42469.96,35310.11,1
CLM101425,POL13258,CUS22767,Motor,North,PRV-25,53,2024-09-24,2024-11-25,2024-11-30,2025-01-26,Theft,Settled,,9021.26,76528.32,72197.56,1
CLM101426,POL12686,CUS23413,Motor,Central,PRV-15,71,2025-02-07,2025-08-06,2025-08-13,,Third Party,Pending,,1618.04,28701.2,0.0,0
CLM101427,POL13610,CUS22065,Health,East,PRV-09,73,2025-03-17,2025-05-26,2025-06-03,2025-06-28,Surgery,Settled,,18244.68,195786.03,189318.94,1
CLM101428,POL11068,CUS22357,Health,West,PRV-09,56,2025-08-21,2026-01-06,2026-01-15,2026-02-18,Hospitalization,Settled,,1215.17,21221.48,15419.01,1
CLM101429,POL13150,CUS20512,Motor,South,PRV-04,62,2025-01-09,2025-10-02,2025-10-11,,Glass Damage,Pending,,1959.64,19855.93,0.0,0
CLM101430,POL11881,CUS22983,Health,South,PRV-27,56,2025-03-16,2025-04-26,2025-05-01,,Hospitalization,Approved,,1456.01,34968.26,29730.75,0
CLM101431,POL10740,CUS22617,Health,West,PRV-23,39,2024-07-06,2025-03-25,2025-03-25,2025-05-27,Hospitalization,Settled,,3223.51,18441.97,17769.83,0
CLM101432,POL10684,CUS20889,Motor,East,PRV-03,31,2024-04-03,2024-06-24,2024-06-27,,Glass Damage,Approved,,8901.41,74493.43,66758.69,0
CLM101433,POL12248,CUS21241,Travel,North,PRV-27,55,2024-03-02,2024-09-19,2024-09-23,,Delay,Rejected,Suspected Misrepresentation,1960.84,10978.98,0.0,1
CLM101434,POL11277,CUS22138,Health,South,PRV-21,61,2024-03-08,2024-05-26,2024-06-06,,Diagnostic,Pending,,3405.68,60745.1,0.0,1
CLM101435,POL10407,CUS20045,Health,South,PRV-21,62,2025-05-27,2025-07-16,2025-07-25,,Diagnostic,Pending,,1126.02,12844.93,0.0,0
CLM101436,POL11708,CUS22862,Health,East,PRV-03,54,2024-01-26,2024-06-09,2024-06-19,2024-07-21,Surgery,Settled,,8370.12,49327.16,38267.66,0
CLM101437,POL12611,CUS20982,Motor,East,PRV-09,58,2024-10-26,2025-02-17,2025-02-28,,Third Party,Approved,,10977.32,82046.01,52505.04,1
CLM101438,POL11275,CUS20262,Home,West,PRV-16,37,2025-01-15,2025-06-16,2025-06-17,,Theft,Rejected,Late Notification,1134.51,28008.79,0.0,0
CLM101439,POL13821,CUS21157,Health,North,PRV-21,18,2025-02-20,2025-05-02,2025-05-02,2025-06-29,Diagnostic,Settled,,12006.94,73899.0,52216.33,1
CLM101440,POL13118,CUS22925,Health,East,PRV-11,74,2024-02-10,2024-11-29,2024-12-05,2025-02-10,Diagnostic,Settled,,7511.84,128792.24,86336.92,1
CLM101441,POL12050,CUS20959,Travel,East,PRV-25,27,2025-06-17,2026-01-04,2026-01-07,,Lost Baggage,Rejected,,800.0,10311.26,0.0,0
CLM101442,POL13738,CUS21887,Home,North,PRV-17,46,2024-09-28,2025-06-07,2025-06-17,,Storm,Approved,,7145.6,51126.48,39869.47,1
CLM101443,POL11731,CUS22841,Home,West,PRV-26,70,2024-01-11,2024-09-01,2024-09-06,,Theft,Rejected,Suspected Misrepresentation,23630.51,172985.86,0.0,0
CLM101444,POL10558,CUS20117,Motor,South,PRV-03,59,2024-03-23,2024-10-26,2024-10-26,2024-12-10,Theft,Settled,,1884.64,14599.49,13457.93,1
CLM101445,POL10143,CUS22659,Motor,East,PRV-09,71,2025-06-16,2025-07-29,2025-07-31,,Third Party,Rejected,Suspected Misrepresentation,2050.58,66553.83,0.0,2
CLM101446,POL13752,CUS21010,Health,Central,PRV-16,56,2025-08-07,2026-01-30,2026-02-03,2026-02-27,Hospitalization,Settled,,4276.63,63444.73,43720.85,1
CLM101447,POL13839,CUS22434,Health,East,PRV-24,18,2025-04-11,2026-01-05,2026-01-05,2026-01-12,Hospitalization,Settled,,1113.39,13622.01,9526.16,0
CLM101448,POL12957,CUS20658,Health,North,PRV-16,18,2024-07-25,2024-08-23,2024-08-26,,Emergency,Approved,,2980.92,33102.88,22395.29,1
CLM101449,POL10412,CUS20486,Home,Central,PRV-09,64,2025-08-10,2025-12-27,2026-01-02,2026-02-13,Theft,Settled,,1151.56,28025.06,19223.08,1
CLM101450,POL11174,CUS22759,Motor,South,PRV-26,44,2024-06-19,2024-08-14,2024-08-24,2024-09-12,Collision,Settled,,5785.03,44057.36,38674.39,1
CLM101451,POL10164,CUS22827,Motor,Central,PRV-02,48,2024-05-24,2025-01-17,2025-01-24,2025-04-07,Theft,Settled,,3531.95,21577.4,17976.01,2
CLM101452,POL10204,CUS23434,Health,East,PRV-02,53,2025-04-19,2026-01-23,2026-01-24,2026-02-09,Emergency,Settled,,6727.35,37698.64,22054.66,1
CLM101453,POL10984,CUS22370,Motor,South,PRV-11,50,2024-07-18,2024-08-03,2024-08-07,,Third Party,Approved,,2503.29,16722.37,13505.68,2
CLM101454,POL12288,CUS21630,Health,East,PRV-04,75,2024-11-18,2025-07-16,2025-07-25,2025-08-20,Emergency,Settled,,1855.4,30723.57,28618.29,0
CLM101455,POL10262,CUS20681,Home,South,PRV-10,20,2025-02-14,2025-06-02,2025-06-06,,Theft,Approved,,15419.44,144521.72,83401.92,1
CLM101456,POL13938,CUS21033,Health,West,PRV-30,26,2024-04-12,2025-01-26,2025-02-01,,Hospitalization,Pending,,17445.19,104237.33,0.0,1
CLM101457,POL11820,CUS22268,Home,South,PRV-13,23,2025-07-27,2025-08-01,2025-08-12,,Fire,Approved,,5080.98,127058.13,84564.87,1
CLM101458,POL11055,CUS21211,Health,East,PRV-15,57,2024-04-13,2024-06-10,2024-06-11,2024-08-22,Hospitalization,Settled,,24172.22,376224.73,262414.03,1
CLM101459,POL12064,CUS21692,Health,Central,PRV-12,48,2025-09-07,2026-04-10,2026-04-15,,Diagnostic,Approved,,1740.16,24962.79,18217.2,1
CLM101460,POL13160,CUS20588,Motor,North,PRV-22,43,2024-06-20,2025-02-08,2025-02-15,,Glass Damage,Rejected,Late Notification,30623.14,252174.4,0.0,2
CLM101461,POL11250,CUS21537,Home,North,PRV-12,69,2024-09-15,2024-10-09,2024-10-18,,Water Damage,Approved,,5711.81,33068.26,19652.84,0
CLM101462,POL10190,CUS20832,Health,North,PRV-09,45,2024-06-06,2024-07-24,2024-08-03,,Diagnostic,Rejected,Policy Exclusion,8109.46,79202.9,0.0,0
CLM101463,POL10203,CUS20392,Motor,East,PRV-01,66,2024-11-30,2025-03-12,2025-03-15,,Third Party,Approved,,3116.91,27201.81,15026.98,1
CLM101464,POL13407,CUS20461,Health,West,PRV-19,27,2024-01-01,2024-01-12,2024-01-17,2024-02-02,Diagnostic,Settled,,2616.41,20768.58,16817.63,2
CLM101465,POL10446,CUS21814,Home,South,PRV-24,37,2024-04-15,2024-12-05,2024-12-14,2025-02-06,Theft,Settled,,9583.97,60761.89,37095.99,1
CLM101466,POL12542,CUS21282,Motor,Central,PRV-13,48,2024-11-18,2025-06-07,2025-06-17,2025-08-04,Theft,Settled,,8823.9,120958.93,71608.55,1
CLM101467,POL11538,CUS20349,Home,Central,PRV-10,67,2025-03-06,2025-10-16,2025-10-25,2025-12-06,Theft,Settled,,3116.18,25143.16,20201.38,0
CLM101468,POL13110,CUS21800,Travel,North,PRV-25,20,2025-08-19,2026-01-07,2026-01-15,,Trip Cancellation,Approved,,2619.16,15516.79,12672.26,0
CLM101469,POL10242,CUS20574,Home,West,PRV-29,43,2025-06-03,2025-12-12,2025-12-15,,Theft,Approved,,7682.41,44968.42,38086.03,1
CLM101470,POL13591,CUS20054,Health,North,PRV-14,42,2025-07-25,2026-01-13,2026-01-17,2026-01-31,Emergency,Settled,,3755.54,42971.3,33375.76,0
CLM101471,POL12792,CUS20463,Health,North,PRV-07,63,2025-05-10,2025-12-04,2025-12-11,2026-02-03,Hospitalization,Settled,,800.0,12108.37,11478.07,0
CLM101472,POL11797,CUS21569,Travel,West,PRV-21,41,2025-04-26,2025-09-08,2025-09-11,2025-11-03,Lost Baggage,Settled,,1365.65,8097.12,4908.37,0
CLM101473,POL10828,CUS23339,Health,West,PRV-19,36,2024-08-02,2025-02-13,2025-02-21,,Hospitalization,Approved,,7523.47,44743.98,40440.98,0
CLM101474,POL13908,CUS20845,Motor,Central,PRV-10,28,2025-07-15,2026-01-24,2026-01-30,,Theft,Pending,,2415.61,54177.91,0.0,2
CLM101475,POL11208,CUS20997,Motor,West,PRV-25,61,2025-08-20,2026-02-28,2026-03-05,,Third Party,Pending,,2181.03,51681.3,0.0,1
CLM101476,POL11962,CUS20849,Home,East,PRV-07,75,2024-11-14,2025-08-02,2025-08-06,2025-09-22,Water Damage,Settled,,7474.98,129390.31,84820.35,1
CLM101477,POL11576,CUS21243,Health,South,PRV-02,62,2024-03-15,2024-06-28,2024-07-07,2024-09-17,Hospitalization,Settled,,7450.62,58653.69,57274.66,1
CLM101478,POL10922,CUS22510,Motor,South,PRV-07,59,2024-01-27,2024-10-16,2024-10-21,2024-12-23,Theft,Settled,,2315.8,30716.3,28880.33,0
CLM101479,POL11666,CUS21127,Motor,West,PRV-23,50,2024-11-02,2024-11-11,2024-11-14,2024-11-19,Collision,Settled,,1911.45,28948.29,18177.4,0
CLM101480,POL10605,CUS22301,Home,South,PRV-17,73,2025-01-28,2025-06-23,2025-06-27,2025-09-02,Theft,Settled,,6992.09,46631.2,34773.51,0
CLM101481,POL10006,CUS23143,Health,Central,PRV-21,31,2024-12-09,2025-04-21,2025-04-26,2025-05-03,Hospitalization,Settled,,2250.2,33795.36,22284.12,1
CLM101482,POL11159,CUS23311,Home,Central,PRV-15,61,2025-07-09,2026-03-26,2026-04-02,2026-04-19,Water Damage,Settled,,6512.59,37415.2,22969.94,2
CLM101483,POL10448,CUS21970,Home,South,PRV-04,33,2024-11-28,2024-12-12,2024-12-23,,Water Damage,Rejected,Coverage Limit,2520.86,26323.19,0.0,2
CLM101484,POL11659,CUS22496,Travel,North,PRV-22,46,2025-02-13,2025-04-19,2025-04-23,,Delay,Rejected,Suspected Misrepresentation,800.0,4724.46,0.0,1
CLM101485,POL13451,CUS23217,Home,East,PRV-21,25,2025-04-14,2025-09-02,2025-09-04,2025-10-20,Storm,Settled,,11447.23,66730.07,48760.38,0
CLM101486,POL10650,CUS22753,Motor,North,PRV-26,53,2025-07-08,2026-03-09,2026-03-20,2026-04-12,Collision,Settled,,1135.14,23639.23,16530.03,0
CLM101487,POL10004,CUS21049,Health,Central,PRV-04,42,2025-01-12,2025-05-31,2025-06-01,,Hospitalization,Pending,,1917.47,40588.71,0.0,1
CLM101488,POL10444,CUS20462,Motor,Central,PRV-02,27,2024-12-11,2025-06-21,2025-07-01,2025-07-10,Third Party,Settled,,3512.83,36963.21,23008.27,4
CLM101489,POL12032,CUS20401,Travel,South,PRV-10,63,2024-02-17,2024-04-11,2024-04-12,,Trip Cancellation,Rejected,Insufficient Documents,1514.06,12824.49,0.0,2
CLM101490,POL11099,CUS23087,Motor,Central,PRV-24,26,2025-02-02,2025-11-12,2025-11-16,2026-01-18,Third Party,Settled,,2219.86,20900.75,16474.78,3
CLM101491,POL11958,CUS21946,Health,North,PRV-04,60,2024-04-21,2024-12-12,2024-12-23,2025-02-21,Emergency,Settled,,14004.12,80837.99,50247.23,0
CLM101492,POL10116,CUS21037,Home,East,PRV-26,46,2024-08-16,2024-08-29,2024-08-30,2024-09-22,Fire,Settled,,15524.61,86742.07,80086.24,1
CLM101493,POL11332,CUS21209,Motor,North,PRV-29,74,2024-11-25,2025-06-24,2025-06-25,2025-08-04,Glass Damage,Settled,,800.0,15278.59,13464.64,1
CLM101494,POL11640,CUS20985,Home,West,PRV-22,29,2024-02-21,2024-03-31,2024-04-07,,Fire,Rejected,Policy Exclusion,53407.31,974191.92,0.0,0
CLM101495,POL11725,CUS22806,Motor,Central,PRV-29,49,2025-03-06,2025-08-21,2025-08-23,2025-10-04,Collision,Settled,,5302.38,46905.28,32483.47,2
CLM101496,POL12204,CUS22143,Health,South,PRV-21,62,2024-06-22,2025-01-20,2025-01-20,,Diagnostic,Pending,,20072.05,116346.58,0.0,1
CLM101497,POL13122,CUS23077,Health,North,PRV-03,42,2024-11-14,2025-08-18,2025-08-26,2025-09-13,Emergency,Settled,,2382.04,33090.27,19324.14,0
CLM101498,POL11868,CUS21056,Motor,West,PRV-29,35,2024-08-05,2024-08-27,2024-09-07,,Third Party,Rejected,Suspected Misrepresentation,4605.54,54143.9,0.0,3
CLM101499,POL13364,CUS21654,Health,East,PRV-24,36,2024-08-08,2024-11-02,2024-11-11,,Hospitalization,Pending,,1151.23,17804.69,0.0,0
CLM101500,POL12118,CUS20426,Travel,East,PRV-27,23,2024-09-01,2025-03-27,2025-04-07,2025-04-13,Medical,Settled,,5655.17,32294.25,26353.34,1
CLM101501,POL11041,CUS23399,Motor,West,PRV-04,68,2024-02-01,2024-04-20,2024-04-26,2024-05-28,Glass Damage,Settled,,3105.54,58508.42,57416.85,1
CLM101502,POL10916,CUS21791,Health,West,PRV-12,51,2024-05-01,2024-12-01,2024-12-08,2024-12-23,Diagnostic,Settled,,40436.24,352586.74,338944.09,1
CLM101503,POL11289,CUS21935,Home,West,PRV-06,44,2025-05-02,2025-06-26,2025-07-07,2025-07-25,Fire,Settled,,3071.3,91836.63,66203.53,1
CLM101504,POL12389,CUS21447,Home,Central,PRV-20,50,2024-03-16,2024-05-04,2024-05-10,,Theft,Rejected,Insufficient Documents,4198.99,34918.61,0.0,0
CLM101505,POL10969,CUS20948,Motor,South,PRV-19,19,2024-11-04,2025-04-16,2025-04-16,2025-06-18,Theft,Settled,,2493.56,28059.15,19212.39,0
CLM101506,POL13656,CUS23319,Travel,North,PRV-17,33,2024-03-27,2024-10-20,2024-10-22,2024-12-12,Medical,Settled,,1258.44,10957.51,9684.9,0
CLM101507,POL11919,CUS21711,Motor,East,PRV-05,22,2024-11-30,2025-01-31,2025-02-07,2025-02-25,Collision,Settled,,2115.44,50322.09,40570.96,0
CLM101508,POL13453,CUS22361,Health,Central,PRV-04,25,2025-02-03,2025-10-23,2025-11-02,2025-11-11,Emergency,Settled,,1650.02,37792.17,21864.28,0
CLM101509,POL12733,CUS20130,Health,South,PRV-30,69,2024-10-17,2025-07-04,2025-07-11,2025-08-04,Diagnostic,Settled,,2486.35,56718.88,54643.21,1
CLM101510,POL11333,CUS20965,Home,North,PRV-07,54,2025-04-23,2025-05-18,2025-05-22,2025-06-14,Fire,Settled,,8551.47,55072.07,49755.92,0
CLM101511,POL10913,CUS22814,Motor,North,PRV-29,20,2024-06-13,2024-09-12,2024-09-15,2024-09-24,Collision,Settled,,9978.99,71984.73,69813.2,0
CLM101512,POL12975,CUS20307,Motor,North,PRV-16,60,2024-12-11,2025-05-27,2025-06-04,,Theft,Rejected,Policy Exclusion,1563.32,31738.52,0.0,1
CLM101513,POL11322,CUS20355,Home,Central,PRV-01,57,2024-06-20,2024-11-14,2024-11-24,2025-01-14,Water Damage,Settled,,4069.69,52575.24,46731.32,0
CLM101514,POL10987,CUS22834,Motor,South,PRV-14,28,2024-11-11,2025-01-27,2025-01-30,,Theft,Rejected,Suspected Misrepresentation,8684.16,90967.15,0.0,0
CLM101515,POL13721,CUS21080,Health,North,PRV-27,36,2024-02-09,2024-07-17,2024-07-23,,Diagnostic,Pending,,1775.74,39641.13,0.0,0
CLM101516,POL11930,CUS20958,Home,South,PRV-18,61,2024-06-15,2025-03-30,2025-04-04,,Fire,Rejected,Suspected Misrepresentation,8546.63,54787.49,0.0,1
CLM101517,POL10194,CUS21978,Health,Central,PRV-29,36,2025-03-14,2025-06-14,2025-06-16,,Hospitalization,Approved,,14166.14,167764.8,106747.58,0
CLM101518,POL11979,CUS20682,Motor,West,PRV-24,56,2025-04-27,2025-07-02,2025-07-06,2025-08-02,Third Party,Settled,,8513.09,65197.67,40358.7,0
CLM101519,POL11843,CUS20150,Motor,Central,PRV-27,42,2024-06-17,2025-01-24,2025-01-25,2025-03-22,Glass Damage,Settled,,4606.23,36471.64,30717.28,0
CLM101520,POL13455,CUS20015,Travel,South,PRV-25,62,2024-06-09,2024-11-27,2024-12-03,2025-02-04,Medical,Settled,,2274.52,13608.04,12787.81,1
CLM101521,POL12846,CUS20277,Health,East,PRV-21,48,2024-07-04,2025-01-27,2025-01-28,2025-04-05,Surgery,Settled,,12266.29,86816.22,86342.33,0
CLM101522,POL10765,CUS20554,Motor,Central,PRV-09,21,2024-06-22,2025-01-02,2025-01-07,2025-03-20,Third Party,Settled,,2303.43,65504.56,42365.9,1
CLM101523,POL10601,CUS22436,Motor,South,PRV-19,55,2025-09-07,2026-04-23,2026-05-03,,Collision,Approved,,837.15,15718.08,13413.85,0
CLM101524,POL12414,CUS21042,Motor,West,PRV-08,74,2025-02-07,2025-09-14,2025-09-15,2025-11-25,Glass Damage,Settled,,1375.25,14217.08,8320.39,1
CLM101525,POL10189,CUS20251,Travel,West,PRV-20,63,2024-08-27,2025-02-25,2025-02-28,,Medical,Rejected,Policy Exclusion,1196.01,27211.21,0.0,0
CLM101526,POL11276,CUS20050,Motor,Central,PRV-19,56,2024-10-13,2025-02-26,2025-03-06,2025-03-25,Third Party,Settled,,10317.41,116220.4,108238.36,0
CLM101527,POL10552,CUS21669,Motor,Central,PRV-24,24,2024-11-12,2025-03-30,2025-04-09,,Theft,Approved,,4156.77,23536.09,22916.71,1
CLM101528,POL10082,CUS22940,Health,East,PRV-12,33,2024-12-08,2025-02-26,2025-03-09,2025-04-09,Diagnostic,Settled,,2564.37,42163.14,41606.43,1
CLM101529,POL13675,CUS21185,Motor,South,PRV-09,70,2024-08-27,2025-01-09,2025-01-10,,Collision,Approved,,8270.95,60945.92,46258.61,0
CLM101530,POL10359,CUS20223,Motor,East,PRV-29,68,2025-08-27,2026-02-24,2026-02-26,,Collision,Approved,,2360.74,34218.2,30150.17,0
CLM101531,POL10037,CUS20798,Travel,West,PRV-10,20,2024-06-28,2025-01-29,2025-02-09,2025-03-30,Lost Baggage,Settled,,800.0,14237.36,10195.48,0
CLM101532,POL13731,CUS21747,Health,North,PRV-20,51,2024-09-21,2025-05-11,2025-05-17,2025-06-23,Emergency,Settled,,935.61,20902.19,18089.82,1
CLM101533,POL10753,CUS20660,Motor,West,PRV-27,65,2024-01-04,2024-04-26,2024-05-06,,Third Party,Rejected,Suspected Misrepresentation,2317.41,50837.89,0.0,0
CLM101534,POL13266,CUS23424,Health,North,PRV-08,27,2024-10-31,2025-06-08,2025-06-08,2025-07-14,Emergency,Settled,,2417.55,32297.65,19538.55,0
CLM101535,POL10125,CUS22671,Motor,North,PRV-12,73,2025-06-14,2025-10-23,2025-10-24,,Theft,Approved,,2877.29,16528.32,16407.91,1
CLM101536,POL10614,CUS21206,Motor,North,PRV-04,67,2025-09-10,2025-12-27,2025-12-29,,Collision,Approved,,9557.81,77643.2,53588.34,1
CLM101537,POL10442,CUS23330,Health,Central,PRV-06,50,2024-10-20,2024-12-08,2024-12-09,,Surgery,Approved,,3041.35,62773.58,59868.78,1
CLM101538,POL12825,CUS21137,Health,East,PRV-22,59,2024-03-27,2024-06-15,2024-06-25,,Emergency,Rejected,Policy Exclusion,2500.6,61684.71,0.0,0
CLM101539,POL12480,CUS20490,Home,South,PRV-04,20,2025-03-22,2025-10-12,2025-10-21,,Storm,Approved,,6412.26,36512.91,33743.87,1
CLM101540,POL11902,CUS23283,Home,West,PRV-10,34,2025-02-01,2025-04-07,2025-04-11,,Theft,Pending,,1441.47,25877.19,0.0,0
CLM101541,POL10966,CUS23358,Motor,East,PRV-05,24,2025-08-17,2025-09-10,2025-09-10,2025-10-05,Theft,Settled,,3409.4,48313.16,26910.35,0
CLM101542,POL10355,CUS21094,Travel,North,PRV-06,49,2024-11-09,2025-01-30,2025-01-31,,Lost Baggage,Pending,,1600.09,10240.37,0.0,0
CLM101543,POL12276,CUS22081,Health,West,PRV-25,64,2024-01-02,2024-10-25,2024-10-28,,Diagnostic,Pending,,17129.24,151272.81,0.0,1
CLM101544,POL10922,CUS20606,Motor,East,PRV-08,41,2025-07-12,2025-08-26,2025-09-03,,Third Party,Approved,,1352.84,21137.88,11668.44,0
CLM101545,POL12360,CUS22245,Home,North,PRV-15,41,2025-02-22,2025-04-06,2025-04-15,2025-04-19,Storm,Settled,,11836.6,91283.41,62728.97,0
CLM101546,POL12749,CUS22415,Motor,Central,PRV-21,18,2025-05-11,2025-09-09,2025-09-15,,Third Party,Approved,,1694.0,19759.84,13164.04,6
CLM101547,POL13397,CUS22484,Health,North,PRV-28,26,2024-03-14,2024-07-07,2024-07-17,,Hospitalization,Rejected,Policy Exclusion,5864.26,50021.17,0.0,1
CLM101548,POL11975,CUS21990,Home,South,PRV-20,45,2024-10-10,2025-07-13,2025-07-24,2025-09-07,Fire,Settled,,1447.16,32508.84,19166.79,1
CLM101549,POL10018,CUS22464,Motor,East,PRV-13,44,2024-10-10,2024-12-21,2024-12-30,,Third Party,Pending,,6559.98,40486.23,0.0,1
CLM101550,POL11122,CUS21942,Home,East,PRV-04,31,2024-06-14,2024-10-17,2024-10-17,,Storm,Rejected,Late Notification,4004.44,33560.07,0.0,2
CLM101551,POL13413,CUS22869,Motor,West,PRV-14,27,2025-06-09,2025-09-04,2025-09-14,2025-11-07,Glass Damage,Settled,,903.91,29491.09,29151.4,1
CLM101552,POL12133,CUS20628,Home,South,PRV-20,26,2024-04-26,2024-07-10,2024-07-20,,Theft,Approved,,13963.4,122634.99,68668.98,2
CLM101552,POL12476,CUS21692,Motor,Central,PRV-01,57,2024-02-14,2024-05-21,2024-05-27,,Third Party,Rejected,Late Notification,1914.85,22711.75,0.0,1
CLM101554,POL11831,CUS21457,Motor,East,PRV-19,23,2024-05-25,2024-08-10,2024-08-17,2024-09-01,Glass Damage,Settled,,2975.19,17941.32,16384.28,1
CLM101555,POL10650,CUS21866,Health,North,PRV-01,39,2025-09-05,2026-04-08,2026-04-17,2026-06-20,Emergency,Settled,,5827.96,114763.29,102497.57,0
CLM101556,POL13586,CUS20497,Home,West,PRV-25,30,2024-03-11,2024-11-03,2024-11-10,2025-01-16,Fire,Settled,,7210.85,90071.43,68518.58,0
CLM101557,POL13091,CUS21133,Motor,South,PRV-29,36,2024-12-26,2025-02-17,2025-02-21,2025-05-02,Theft,Settled,,5928.08,40973.37,29639.08,0
CLM101558,POL13980,CUS23339,Home,West,PRV-03,62,2024-04-23,2024-09-19,2024-09-27,,Water Damage,Rejected,Coverage Limit,5734.95,89910.51,0.0,0
CLM101559,POL13421,CUS20368,Motor,North,PRV-29,65,2024-09-01,2024-11-19,2024-11-28,2025-01-04,Third Party,Settled,,2611.76,33930.82,33525.92,3
CLM101560,POL11164,CUS22223,Health,Central,PRV-09,38,2024-12-08,2025-08-25,2025-08-26,2025-09-08,Surgery,Settled,,20638.23,141662.16,133184.38,1
CLM101561,POL11017,CUS22326,Motor,North,PRV-03,65,2024-01-13,2024-02-13,2024-02-21,2024-03-02,Theft,Settled,,4932.69,36044.55,24070.28,1
CLM101562,,CUS21660,Motor,South,PRV-25,26,2024-05-29,2024-09-29,2024-10-01,,Collision,Approved,,8824.99,105119.02,79628.72,0
CLM101563,POL13675,CUS20117,Travel,South,PRV-10,62,2024-12-29,2025-04-08,2025-04-14,2025-04-20,Medical,Settled,,881.71,8807.21,7800.36,0
CLM101564,POL12227,CUS20120,Health,North,PRV-14,27,2024-01-09,2024-04-27,2024-04-28,2024-05-12,Surgery,Settled,,2840.9,25173.48,23188.99,1
CLM101565,POL11817,CUS20964,Health,West,PRV-30,35,2024-11-02,2025-08-11,2025-08-22,,Emergency,Approved,,3031.47,18575.92,11236.43,0
CLM101566,POL13873,CUS20358,Health,Central,PRV-28,55,2025-01-09,2025-06-20,2025-06-28,2025-07-04,Surgery,Settled,,5496.44,42533.58,41687.84,3
CLM101567,POL12413,CUS20329,Health,West,PRV-17,36,2024-05-13,2024-09-04,2024-09-09,2024-09-21,Hospitalization,Settled,,9739.94,81934.43,75274.1,1
CLM101568,POL13637,CUS20560,Health,Central,PRV-21,41,2024-04-10,2024-12-08,2024-12-14,,Surgery,Rejected,Policy Exclusion,6326.35,41719.32,0.0,1
CLM101569,POL13938,CUS20667,Home,Central,PRV-09,23,2024-10-31,2025-06-21,2025-06-28,2025-08-06,Storm,Settled,,4309.09,56961.61,44161.05,2
CLM101570,POL10317,CUS22934,Health,North,PRV-02,54,2025-03-21,2025-05-04,2025-05-05,,Diagnostic,Approved,,819.02,8478.79,6598.13,0
CLM101571,POL11446,CUS22235,Health,Central,PRV-22,45,2024-01-08,2024-05-26,2024-06-01,,Diagnostic,Pending,,3580.36,26920.37,0.0,0
CLM101572,POL12936,CUS20106,Health,South,PRV-14,21,2024-07-28,2024-11-29,2024-12-07,2025-01-06,Hospitalization,Settled,,6077.5,67094.25,53400.45,0
CLM101573,POL13252,CUS22199,Health,South,PRV-28,32,2025-09-11,2026-01-24,2026-01-27,2026-02-12,Emergency,Settled,,1651.45,16212.6,14845.02,2
CLM101574,POL10593,CUS20478,Health,East,PRV-09,60,2024-07-27,2024-11-09,2024-11-14,,Hospitalization,Approved,,6274.29,116066.85,108939.38,2
CLM101575,POL11273,CUS21473,Health,East,PRV-07,39,2024-07-24,2025-03-28,2025-03-31,2025-06-01,Emergency,Settled,,3478.86,28631.82,24798.45,1
CLM101576,POL12192,CUS20133,Health,East,PRV-23,73,2025-04-02,2026-01-25,2026-01-26,2026-02-28,Emergency,Settled,,6464.6,51291.99,29292.55,1
CLM101577,POL13196,CUS20315,Home,East,PRV-16,70,2024-10-24,2024-11-02,2024-11-13,2024-12-29,Theft,Settled,,9080.9,57318.86,43076.86,0
CLM101578,POL10451,CUS20464,Travel,Central,PRV-05,63,2024-08-30,2025-05-14,2025-05-21,,Delay,Pending,,800.0,4847.48,0.0,0
CLM101579,POL12402,CUS21516,Travel,East,PRV-20,70,2025-05-01,2026-01-15,2026-01-19,2026-03-08,Delay,Settled,,3345.72,20284.84,11553.53,1
CLM101580,POL11185,CUS21620,Home,East,PRV-27,59,2024-01-20,2024-05-09,2024-05-13,2024-06-22,Theft,Settled,,800.0,8716.92,7338.49,0
CLM101581,POL10865,CUS21234,Health,Central,PRV-19,43,2025-03-17,2025-08-10,2025-08-18,2025-10-09,Emergency,Settled,,3367.25,23747.36,18541.34,3
CLM101582,POL12061,CUS22170,Home,West,PRV-22,29,2024-08-24,2024-09-24,2024-09-25,,Theft,Pending,,3038.58,25673.99,0.0,1
CLM101583,POL11656,CUS22521,Motor,Central,PRV-05,54,2025-07-04,2025-10-17,2025-10-23,,Third Party,Pending,,10218.16,112399.26,0.0,0
CLM101584,POL12542,CUS22550,Health,Central,PRV-18,41,2025-03-25,2025-06-05,2025-06-07,,Surgery,Approved,,7509.47,44560.88,28319.54,1
CLM101585,POL11270,CUS22026,Motor,North,PRV-21,74,2025-08-06,2026-05-05,2026-05-15,,Third Party,Approved,,4399.74,44674.08,43412.71,0
CLM101586,POL13293,CUS21909,Motor,Central,PRV-17,27,2024-03-20,2024-04-22,2024-05-01,2024-07-07,Theft,Settled,,3143.03,93231.37,80524.69,1
CLM101587,POL10312,CUS21720,Travel,Central,PRV-29,47,2024-04-27,2024-08-07,2024-08-16,2024-08-28,Medical,Settled,,0.0,37185.2,20514.64,0
CLM101588,POL13447,CUS20832,Home,East,PRV-29,62,2025-07-13,2025-12-04,2025-12-05,2026-02-16,Water Damage,Settled,,8096.75,73694.76,69430.29,0
CLM101589,POL10119,CUS21704,Health,East,PRV-17,49,2024-08-30,2025-06-19,2025-06-19,,Hospitalization,Rejected,Coverage Limit,2244.65,15845.78,0.0,0
CLM101590,POL12943,CUS20035,Motor,West,PRV-26,61,2025-05-20,2026-01-20,2026-01-25,2026-04-02,Glass Damage,Settled,,2206.72,26352.92,14631.7,0
CLM101591,POL11385,CUS23382,Health,North,PRV-03,19,2025-03-01,2025-12-06,2025-12-10,,Surgery,Pending,,2009.55,48905.69,0.0,0
CLM101592,POL11533,CUS21295,Health,South,PRV-28,25,2024-11-05,2025-02-06,2025-02-14,2025-03-22,Emergency,Settled,,2576.79,31264.08,19385.78,0
CLM101593,POL10076,CUS22647,Home,East,PRV-05,20,2024-01-28,2024-04-18,2024-04-26,,Water Damage,Approved,,5191.51,43121.85,39587.92,0
CLM101594,POL12808,CUS23348,Travel,East,PRV-25,61,2024-02-15,2024-08-04,2024-08-08,,Trip Cancellation,Rejected,Insufficient Documents,4659.34,41708.12,0.0,0
CLM101595,POL10661,CUS21739,Motor,West,PRV-14,57,2025-03-20,2025-06-30,2025-07-01,,Collision,Rejected,Insufficient Documents,5149.26,32787.62,0.0,0
CLM101596,POL12636,CUS23016,Motor,West,PRV-11,51,2024-03-01,2024-03-06,2024-03-09,,Glass Damage,Approved,,4866.72,69001.72,49383.99,2
CLM101597,POL12900,CUS21677,Motor,Central,PRV-26,42,2024-01-04,2024-09-03,2024-09-09,2024-09-30,Third Party,Settled,,4834.74,41899.34,28552.72,1
CLM101598,POL13380,CUS20463,Motor,West,PRV-06,74,2024-05-16,2024-06-14,2024-06-17,2024-08-05,Theft,Settled,,22495.45,127569.87,89832.99,1
CLM101599,POL12832,CUS20092,Health,Central,PRV-18,45,2025-07-20,2025-09-17,2025-09-20,,Diagnostic,Pending,,7710.55,100072.74,0.0,0
CLM101600,POL11206,CUS20474,Motor,East,PRV-09,75,2025-01-23,2025-11-02,2025-11-04,2026-01-14,Glass Damage,Settled,,3570.58,37421.61,35798.26,0
CLM101601,POL12954,CUS23298,Motor,East,PRV-08,26,2025-03-21,2025-10-26,2025-10-26,2026-01-05,Third Party,Settled,,5791.55,32330.91,21332.63,0
CLM101602,POL13303,CUS21662,Motor,Central,PRV-29,22,2025-02-08,2025-08-20,2025-08-27,2025-10-14,Theft,Settled,,1857.45,35954.44,23822.75,1
CLM101603,POL11268,CUS21117,Motor,West,PRV-05,65,2024-12-16,2025-01-24,2025-02-04,2025-02-26,Glass Damage,Settled,,2629.78,22663.06,19765.47,1
CLM101604,POL10496,CUS21561,Home,East,PRV-29,66,2024-06-07,2024-08-21,2024-09-01,,Storm,Pending,,7729.86,90352.35,0.0,1
CLM101605,POL13560,CUS20895,Motor,North,PRV-01,55,2024-09-22,2024-11-23,2024-12-04,2025-01-08,Glass Damage,Settled,,1638.79,44385.94,43564.01,1
CLM101606,POL10591,CUS23046,Home,East,PRV-07,27,2024-12-03,2025-06-13,2025-06-20,,Fire,Rejected,,8618.85,59804.34,0.0,0
CLM101607,POL12375,CUS23497,Motor,East,PRV-12,41,2025-09-04,2026-02-01,2026-02-09,,Glass Damage,Rejected,,1533.26,25629.16,0.0,1
CLM101608,POL10945,CUS20297,Motor,North,PRV-07,49,2025-07-11,2025-10-27,2025-10-27,,Collision,Approved,,5614.99,34277.82,33058.1,1
CLM101609,POL10504,CUS22515,Motor,North,PRV-08,64,2025-04-01,2025-11-11,2025-11-13,2026-01-14,Third Party,Settled,,3481.83,37569.4,36810.9,2
CLM101610,POL13105,CUS21174,Health,North,PRV-20,47,2025-05-19,2026-01-07,2026-01-15,,Diagnostic,Rejected,Coverage Limit,800.0,12564.48,0.0,1
CLM101611,POL10574,CUS20165,Motor,North,PRV-02,54,2025-05-15,2025-12-23,2026-01-03,,Collision,Pending,,7520.35,112408.18,0.0,1
CLM101612,POL12680,CUS23227,Health,East,PRV-17,33,2025-02-17,2025-03-21,2025-03-31,2025-04-26,Hospitalization,Settled,,5068.27,32713.12,26824.65,0
CLM101613,POL12772,CUS20216,Motor,West,PRV-13,19,2025-05-26,2025-11-25,2025-12-02,,Glass Damage,Pending,,12303.32,142925.69,0.0,1
CLM101614,POL10240,CUS20720,Travel,West,PRV-17,59,2024-02-15,2024-04-18,2024-04-19,,Delay,Rejected,Insufficient Documents,853.93,12477.07,0.0,2
CLM101615,POL10691,CUS20089,Motor,West,PRV-11,21,2024-01-14,2024-04-05,2024-04-16,,Collision,Pending,,4070.2,60440.73,0.0,0
CLM101616,POL13177,CUS21649,Health,North,PRV-28,49,2024-10-02,2025-07-22,2025-07-25,2025-08-16,Diagnostic,Settled,,26172.1,222782.03,215277.04,1
CLM101617,POL12029,CUS22098,Home,West,PRV-10,43,2024-02-03,2024-06-07,2024-06-07,,Fire,Rejected,Insufficient Documents,4200.63,61301.88,0.0,0
CLM101618,POL10485,CUS21122,Motor,South,PRV-17,54,2024-07-29,2025-03-22,2025-03-31,2025-05-27,Third Party,Settled,,24944.5,146473.93,112839.22,0
CLM101619,POL13967,CUS20250,Motor,Central,PRV-14,52,2024-05-02,2024-07-15,2024-07-17,,Theft,Approved,,824.48,22041.97,20368.77,1
CLM101620,POL11059,CUS20406,Home,South,PRV-18,58,2025-08-16,2026-06-03,2026-06-06,2026-07-19,Storm,Settled,,1765.15,33068.74,23965.57,1
CLM101621,POL10016,CUS23266,Motor,West,PRV-12,22,2025-02-10,2025-05-04,2025-05-12,2025-06-14,Third Party,Settled,,2162.5,22921.55,13702.49,2
CLM101622,POL13696,CUS22820,Motor,North,PRV-20,41,2024-01-27,2024-03-22,2024-04-02,,Theft,Pending,,800.0,9843.73,0.0,3
CLM101623,POL10066,CUS23279,Health,North,PRV-07,36,2025-01-21,2025-04-28,2025-05-08,2025-07-14,Diagnostic,Settled,,19644.02,133820.98,91101.73,0
CLM101624,POL12213,CUS21857,Motor,South,PRV-16,20,2025-03-30,2025-05-21,2025-05-22,,Theft,Approved,,3480.68,20782.51,19341.43,0
CLM101625,POL13972,CUS21911,Travel,West,PRV-26,74,2024-07-20,2025-01-16,2025-01-18,,Medical,Pending,,2881.34,24005.63,0.0,2
CLM101626,POL12311,CUS22750,Health,East,PRV-18,32,2025-07-01,2025-08-14,2025-08-23,,Diagnostic,Rejected,Suspected Misrepresentation,5584.99,35325.05,0.0,0
CLM101627,POL12338,CUS22158,Health,South,PRV-07,22,2025-08-26,2025-10-28,2025-10-31,2025-12-23,Emergency,Settled,,7899.24,52630.74,44824.86,1
CLM101628,POL11552,CUS21527,Motor,South,PRV-23,28,2025-08-31,2026-03-29,2026-03-29,,Theft,Approved,,800.0,10729.48,5986.22,1
CLM101629,POL10507,CUS21021,Health,East,PRV-10,59,2024-02-27,2024-03-11,2024-03-18,2024-04-02,Hospitalization,Settled,,800.0,12466.46,11310.93,0
CLM101630,POL12290,CUS21699,Health,South,PRV-28,61,2024-10-05,2025-02-14,2025-02-21,,Hospitalization,Pending,,24554.26,197453.11,0.0,0
CLM101631,POL13589,CUS20223,Motor,East,PRV-25,30,2025-04-26,2025-11-20,2025-12-01,2025-12-22,Theft,Settled,,11014.95,62098.54,41541.55,0
CLM101632,POL10364,CUS20673,Home,South,PRV-28,32,2024-10-01,2025-02-12,2025-02-17,2025-02-20,Storm,Settled,,4016.83,25950.82,24494.36,0
CLM101633,POL13521,CUS22581,Health,South,PRV-26,46,2024-10-25,2024-11-01,2024-11-10,,Surgery,Pending,,3230.11,26380.08,0.0,0
CLM101634,POL11660,CUS23038,Home,East,PRV-21,39,2024-07-22,2024-09-08,2024-09-14,2024-10-15,Storm,Settled,,3120.82,66910.79,61593.78,0
CLM101635,POL12144,CUS20356,Motor,South,PRV-20,52,2024-09-16,2025-07-04,2025-07-15,2025-08-05,Theft,Settled,,3945.37,26847.14,19846.85,2
CLM101636,POL10661,CUS20339,Motor,East,PRV-09,43,2025-03-06,2025-10-23,2025-10-28,,Theft,Approved,,6290.08,47491.89,46412.76,0
CLM101637,POL12487,CUS20299,Health,West,PRV-12,48,2024-01-16,2024-04-30,2024-05-08,,Emergency,Rejected,Late Notification,8112.21,47695.83,0.0,0
CLM101638,POL10729,CUS22770,Home,South,PRV-27,66,2025-05-10,2026-01-27,2026-02-07,,Theft,Rejected,Coverage Limit,3831.92,28090.96,0.0,0
CLM101639,POL11092,CUS21089,Health,West,PRV-19,55,2025-03-27,2025-03-29,2025-04-08,,Hospitalization,Pending,,3291.03,72283.77,0.0,2
CLM101640,POL12886,CUS21143,Motor,Central,PRV-21,66,2024-03-26,2024-04-10,2024-04-14,2024-05-14,Collision,Settled,,5127.62,42244.55,37444.78,0
CLM101641,POL10202,CUS20043,Home,Central,PRV-07,31,2025-04-23,2026-01-13,2026-01-19,2026-02-11,Fire,Settled,,5684.99,62772.94,49220.73,0
CLM101642,POL11788,CUS23404,Motor,Central,PRV-12,30,2024-11-19,2025-06-09,2025-06-16,2025-07-27,Glass Damage,Settled,,4418.37,47403.65,41395.72,0
CLM101643,POL12378,CUS21519,Motor,East,,46,2024-07-16,2025-01-12,2025-01-13,,Collision,Approved,,17031.33,136312.78,128182.84,0
CLM101644,POL10528,CUS22791,Health,East,PRV-19,41,2024-10-09,2025-01-21,2025-01-23,2025-02-10,Hospitalization,Settled,,11675.31,70780.77,61326.36,0
CLM101645,POL11179,CUS22476,Motor,East,PRV-16,66,2024-11-16,2025-07-19,2025-07-27,,Glass Damage,Pending,,4125.37,28654.95,0.0,0
CLM101646,POL11374,CUS20496,Motor,North,PRV-13,32,2024-05-10,2024-11-08,2024-11-08,2025-01-01,Third Party,Settled,,909.12,27263.76,25448.7,0
CLM101647,POL12654,CUS22804,Motor,North,PRV-24,43,2025-01-10,2025-05-21,2025-05-28,2025-06-24,Glass Damage,Settled,,2434.6,46774.45,41263.17,0
CLM101648,POL13906,CUS21926,Travel,South,PRV-26,74,2025-01-25,2025-05-19,2025-05-24,2025-07-24,Medical,Settled,,1158.7,13715.99,12264.01,1
CLM101649,POL13344,CUS22115,Motor,West,PRV-28,37,2024-08-15,2024-11-29,2024-12-04,2024-12-13,Third Party,Settled,,4414.15,33263.3,31938.86,3
CLM101650,POL10759,CUS20701,Health,East,PRV-11,48,2024-10-12,2025-04-03,2025-04-13,,Hospitalization,Approved,,3911.66,31260.96,19136.47,1
CLM101651,POL10072,CUS22964,Travel,South,PRV-15,44,2025-01-16,2025-07-31,2025-08-03,2025-09-15,Lost Baggage,Settled,,2138.09,20256.04,15689.58,0
CLM101652,POL10207,CUS23260,Health,South,PRV-14,18,2024-11-08,2025-07-07,2025-07-16,2025-09-18,Hospitalization,Settled,,3489.73,36920.58,22365.09,0
CLM101653,POL12382,CUS21422,Health,South,PRV-29,30,2024-09-26,2025-01-26,2025-02-04,,Emergency,Rejected,Policy Exclusion,2574.76,17346.11,0.0,1
CLM101654,POL10625,CUS20323,Health,West,PRV-24,23,2025-08-15,2025-10-30,2025-11-10,2025-12-04,Surgery,Settled,,13610.15,306849.09,228417.52,0
CLM101655,POL10925,CUS22970,Motor,North,PRV-28,72,2025-06-28,2025-12-12,2025-12-21,,Theft,Approved,,1010.32,8471.84,7405.67,0
CLM101656,POL13389,CUS23105,Health,Central,PRV-07,67,2024-08-23,2025-02-14,2025-02-20,2025-02-25,Emergency,Settled,,6237.3,41231.79,24936.59,0
CLM101657,POL13495,CUS21772,Travel,South,PRV-17,32,2025-03-21,2025-06-13,2025-06-17,,Medical,Rejected,Policy Exclusion,3959.94,55883.17,0.0,2
CLM101658,POL13356,CUS22027,Home,Central,PRV-17,41,2025-05-17,2025-06-08,2025-06-17,,Storm,Rejected,Insufficient Documents,7495.55,124226.68,0.0,3
CLM101659,POL11014,CUS20780,Health,North,PRV-13,68,2024-03-09,2024-06-17,2024-06-28,2024-07-28,Diagnostic,Settled,,2624.68,20032.79,14201.65,2
CLM101660,POL12478,CUS20236,Motor,East,PRV-14,70,2025-01-01,2025-01-23,2025-01-26,,Third Party,Pending,,1689.62,29987.19,0.0,1
CLM101661,POL12443,CUS23304,Home,South,PRV-26,50,2025-05-10,2025-06-04,2025-06-08,,Water Damage,Approved,,29579.75,286532.95,246768.54,2
CLM101662,POL10740,CUS21690,Motor,North,PRV-12,56,2024-02-05,2024-11-20,2024-11-25,2025-01-06,Glass Damage,Settled,,3009.0,17865.64,13854.57,1
CLM101663,POL12214,CUS20962,Home,East,PRV-14,75,2024-07-28,2025-03-19,2025-03-20,2025-05-30,Water Damage,Settled,,2805.26,71740.13,63047.58,1
CLM101664,POL12101,CUS22426,Motor,East,PRV-04,48,2025-05-09,2025-05-20,2025-05-23,,Theft,Approved,,6958.31,41823.68,26275.34,0
CLM101665,POL11584,CUS20091,Health,West,PRV-20,35,2025-08-03,2025-11-16,2025-11-17,2025-11-24,Surgery,Settled,,3804.72,64977.38,54508.04,4
CLM101666,POL13006,CUS20279,Home,East,PRV-01,65,2025-09-07,2025-11-23,2025-12-02,2025-12-13,Water Damage,Settled,,14903.09,145606.17,105360.0,0
CLM101667,POL12710,CUS20849,Health,South,PRV-23,68,2025-01-09,2025-10-28,2025-11-02,,Surgery,Rejected,Late Notification,2720.12,54583.09,0.0,0
CLM101668,POL12130,CUS21577,Motor,South,PRV-19,60,2024-01-27,2024-06-06,2024-06-13,2024-07-28,Collision,Settled,,5232.08,38335.81,35806.72,0
CLM101669,POL12903,CUS21283,Home,West,PRV-29,64,2024-01-18,2024-04-05,2024-04-05,2024-06-13,Water Damage,Settled,,8944.09,49781.73,49241.74,0
CLM101670,POL13052,CUS20655,Motor,East,PRV-17,51,2025-05-17,2025-11-23,2025-11-29,,Theft,Pending,,4796.27,63682.9,0.0,1
CLM101671,POL12267,CUS21229,Motor,East,PRV-22,52,2025-03-31,2025-08-21,2025-08-29,2025-11-09,Theft,Settled,,9801.81,58100.57,36074.21,1
CLM101672,POL11070,CUS21168,Health,Central,PRV-29,22,2024-04-30,2024-06-26,2024-07-04,2024-08-03,Emergency,Settled,,11494.01,82397.52,73664.33,0
CLM101673,POL13033,CUS21836,Health,West,PRV-07,25,2024-03-22,2024-06-22,2024-07-01,2024-09-04,Hospitalization,Settled,,4893.99,27995.52,27877.42,0
CLM101674,POL12870,CUS21969,Health,East,PRV-10,64,2024-03-31,2024-05-09,2024-05-10,,Emergency,Approved,,9855.96,75369.09,55649.48,0
CLM101675,POL13933,CUS23090,Motor,South,PRV-16,73,2025-06-27,2026-01-21,2026-01-27,2026-03-29,Glass Damage,Settled,,10147.84,76702.72,69485.97,0
CLM101676,POL10599,CUS22823,Health,Central,PRV-02,66,2025-04-19,2026-02-04,2026-02-09,,Hospitalization,Rejected,Late Notification,2138.28,12463.63,0.0,4
CLM101677,POL11677,CUS21023,Home,East,PRV-08,59,2025-08-10,2026-04-09,2026-04-19,2026-05-09,Theft,Settled,,28439.12,204433.03,133418.49,0
CLM101678,POL13696,CUS23159,Motor,Central,PRV-14,69,2024-03-11,2024-07-02,2024-07-10,,Collision,Rejected,Late Notification,3793.0,24141.13,0.0,0
CLM101679,POL12058,CUS21822,Health,South,PRV-08,48,2025-03-07,2025-07-31,2025-08-11,2025-08-26,Hospitalization,Settled,,4820.37,66317.78,56354.08,0
CLM101680,POL13770,CUS20656,Health,West,PRV-02,23,2025-07-26,2025-08-14,2025-08-14,2025-09-22,Emergency,Settled,,3649.83,65962.12,53717.93,0
CLM101681,POL10049,CUS21190,Home,South,PRV-23,33,2024-11-26,2025-03-16,2025-03-21,2025-05-06,Fire,Settled,,11540.1,91582.08,77648.06,1
CLM101682,POL10140,CUS22596,Health,North,PRV-08,74,2025-04-24,2025-05-04,2025-05-12,,Surgery,Pending,,2235.94,32934.23,0.0,1
CLM101683,POL13184,CUS22876,Home,South,PRV-01,67,2025-01-08,2025-08-19,2025-08-20,,Fire,Approved,,4242.55,44906.11,26339.97,1
CLM101684,POL11433,CUS21309,Motor,East,PRV-21,43,2024-01-05,2024-10-03,2024-10-10,,Collision,Rejected,Suspected Misrepresentation,7188.96,45402.86,0.0,1
CLM101685,,CUS20551,Motor,West,PRV-07,23,2024-09-22,2024-11-19,2024-11-21,2025-01-14,Collision,Settled,,4359.59,34971.26,27571.75,0
CLM101686,POL11712,CUS20671,Travel,South,PRV-14,30,2024-06-11,2024-12-30,2024-12-30,2025-02-05,Delay,Settled,,3539.36,20627.86,15258.75,0
CLM101687,POL11631,CUS20362,Home,Central,PRV-23,63,2024-02-21,2024-08-19,2024-08-26,2024-09-06,Fire,Settled,,10761.56,129334.78,110882.92,0
CLM101688,POL13757,CUS22445,Health,East,PRV-10,59,2025-01-04,2025-05-09,2025-05-14,2025-07-27,Emergency,Settled,,3043.21,42212.1,31171.36,0
CLM101689,POL10376,CUS21760,Health,West,PRV-18,67,2025-07-29,2026-03-06,2026-03-10,2026-04-02,Hospitalization,Settled,,2274.19,36646.8,34280.02,0
CLM101690,POL13088,CUS21579,Health,South,PRV-24,62,2024-02-03,2024-08-25,2024-08-28,,Emergency,Pending,,4603.46,26088.54,0.0,2
CLM101691,POL13558,CUS22351,Motor,Central,PRV-23,63,2024-07-23,2024-10-12,2024-10-20,,Glass Damage,Rejected,Coverage Limit,6052.8,64087.65,0.0,0
CLM101692,POL12629,CUS22900,Home,South,PRV-11,18,2025-02-19,2025-10-16,2025-10-23,,Theft,Approved,,21352.68,127090.38,121040.5,0
CLM101693,POL11580,CUS22784,Home,South,PRV-12,33,2024-07-12,2025-01-25,2025-02-02,2025-03-21,Storm,Settled,,5718.97,69968.35,53974.95,0
CLM101694,POL10640,CUS20480,Health,West,PRV-05,36,2024-03-13,2024-06-15,2024-06-24,2024-08-13,Surgery,Settled,,4438.06,60663.19,46042.24,0
CLM101695,POL12730,CUS22063,Motor,East,PRV-05,54,2024-04-28,2024-12-04,2024-12-11,,Glass Damage,Rejected,Suspected Misrepresentation,2718.3,18666.38,0.0,1
CLM101696,POL11875,CUS23088,Motor,South,PRV-09,45,2024-01-16,2024-07-26,2024-07-26,2024-08-21,Collision,Settled,,2904.06,23666.15,23200.64,0
CLM101697,POL10597,CUS22708,Motor,South,PRV-29,26,2025-09-07,2025-10-13,2025-10-14,2025-10-27,Third Party,Settled,,1748.14,16082.35,9086.29,2
CLM101698,POL11438,CUS21152,Home,North,PRV-29,67,2024-10-31,2024-12-20,2024-12-31,2025-03-14,Storm,Settled,,5320.71,55405.02,34841.75,0
CLM101699,POL13846,CUS21374,Health,North,PRV-26,39,2025-08-07,2025-11-12,2025-11-15,2026-01-18,Diagnostic,Settled,,9082.94,90861.06,82899.76,3
CLM101700,POL11061,CUS23115,Motor,West,PRV-08,19,2025-03-01,2025-03-15,2025-03-20,,Theft,Approved,,8919.56,57483.46,43043.38,1
CLM101701,POL10713,CUS20115,Health,North,PRV-18,65,2024-08-04,2024-12-04,2024-12-08,2025-02-08,Diagnostic,Settled,,3483.05,65758.84,61576.91,0
CLM101702,POL12727,CUS21838,Travel,West,PRV-11,61,2025-08-07,2025-12-24,2026-01-04,2026-02-24,Delay,Settled,,800.0,8878.95,6287.71,0
CLM101703,POL10798,CUS20406,Motor,North,PRV-09,72,2024-06-10,2025-01-29,2025-02-07,,Glass Damage,Approved,,800.0,16190.78,16012.44,0
CLM101704,POL13679,CUS23131,Health,East,PRV-06,72,2024-04-21,2024-06-12,2024-06-17,2024-07-07,Diagnostic,Settled,,2409.86,23116.09,14960.33,0
CLM101705,POL13435,CUS20135,Health,South,PRV-29,40,2025-05-14,2025-10-31,2025-11-08,,Diagnostic,Pending,,11754.82,76979.51,0.0,1
CLM101706,POL13934,CUS20081,Motor,West,PRV-20,72,2024-12-09,2025-06-26,2025-07-02,2025-09-13,Glass Damage,Settled,,7657.92,58616.05,53069.73,3
CLM101707,POL13650,CUS21151,Health,South,PRV-22,63,2024-09-19,2025-02-01,2025-02-08,2025-02-21,Diagnostic,Settled,,4420.8,24757.04,24468.54,1
CLM101708,POL10975,CUS20700,Health,North,PRV-09,31,2024-12-30,2025-09-28,2025-10-09,2025-12-18,Hospitalization,Settled,,2517.74,20723.03,12906.21,1
CLM101709,POL10848,CUS21734,Motor,Central,PRV-30,57,2025-08-23,2025-11-27,2025-12-05,,Glass Damage,Pending,,5146.41,48384.9,0.0,1
CLM101710,POL11370,CUS21048,Motor,West,PRV-07,53,2024-06-22,2024-10-22,2024-10-23,2024-12-30,Collision,Settled,,7525.47,64186.69,41010.19,2
CLM101711,POL11879,CUS21247,Home,West,PRV-06,33,2025-07-12,2025-07-14,2025-07-20,,Theft,Rejected,Coverage Limit,13401.28,82557.87,0.0,1
CLM101712,POL13519,CUS21977,Motor,West,PRV-18,45,2025-07-18,2025-11-18,2025-11-27,2025-12-20,Theft,Settled,,2892.65,89845.51,60263.1,0
CLM101713,POL12933,CUS21962,Health,South,PRV-29,31,2025-04-15,2025-04-22,2025-04-22,,Hospitalization,Pending,,10493.91,104965.3,0.0,1
CLM101714,POL12577,CUS23272,Health,East,PRV-23,53,2024-04-07,2025-01-27,2025-01-31,,Surgery,Approved,,2134.44,23282.56,14830.2,1
CLM101715,POL13513,CUS21682,Home,South,PRV-29,46,2024-02-25,2024-05-07,2024-05-09,2024-06-05,Fire,Settled,,5934.92,34306.34,29789.35,0
CLM101716,POL12583,CUS21974,Home,Central,PRV-18,49,2024-03-15,2024-11-13,2024-11-21,,Water Damage,Rejected,Insufficient Documents,1311.86,22583.72,0.0,2
CLM101717,POL11516,CUS22372,Home,South,PRV-08,56,2025-03-11,2025-04-15,2025-04-16,2025-05-22,Water Damage,Settled,,2259.2,66777.22,40186.97,0
CLM101718,POL11652,CUS20609,Health,East,PRV-15,70,2024-09-04,2024-11-25,2024-12-02,2024-12-26,Surgery,Settled,,9827.83,78778.77,67643.2,3
CLM101719,POL12068,CUS22334,Health,North,PRV-15,42,2025-09-04,2025-10-10,2025-10-10,2025-12-03,Hospitalization,Settled,,14001.88,113143.92,70654.68,1
CLM101720,POL10355,CUS23016,Health,North,PRV-30,60,2024-01-04,2024-04-24,2024-05-05,,Diagnostic,Approved,,1342.05,17227.63,16872.69,1
CLM101721,POL12966,CUS21113,Motor,West,PRV-09,46,2024-08-19,2025-02-16,2025-02-19,,Collision,Pending,,3924.78,35370.33,0.0,0
CLM101722,POL12611,CUS20624,Health,North,PRV-09,49,2024-06-12,2024-10-16,2024-10-20,2024-12-19,Emergency,Settled,,32729.97,273888.0,175481.3,1
CLM101723,POL12924,CUS21211,Motor,South,PRV-13,30,2025-06-30,2025-12-29,2026-01-07,,Collision,Pending,,4617.8,55665.67,0.0,0
CLM101724,POL12135,CUS20962,Health,Central,PRV-15,75,2024-03-16,2024-11-13,2024-11-17,,Hospitalization,Approved,,2705.69,29069.46,23781.71,2
CLM101725,POL13131,CUS22048,Health,West,PRV-18,49,2024-09-10,2024-09-24,2024-09-25,2024-10-23,Surgery,Settled,,2238.55,43662.4,39866.9,3
CLM101726,POL13799,CUS23023,Motor,West,PRV-06,72,2025-06-21,2025-10-26,2025-11-05,2026-01-03,Theft,Settled,,1443.81,9912.6,9659.62,1
CLM101727,POL12279,CUS22087,Motor,West,PRV-25,56,2025-08-25,2026-02-19,2026-02-20,2026-05-03,Glass Damage,Settled,,979.25,11080.34,8183.51,0
CLM101728,POL11777,CUS20439,Home,North,PRV-16,26,2025-07-22,2025-12-26,2025-12-31,,Theft,Pending,,5321.81,41961.82,0.0,0
CLM101729,POL10418,CUS21101,Health,North,PRV-15,55,2025-02-09,2025-03-25,2025-03-26,,Surgery,Rejected,Late Notification,2688.41,28601.76,0.0,0
CLM101730,POL13114,CUS22412,Home,South,PRV-15,54,2024-04-11,2024-06-12,2024-06-20,,Storm,Rejected,,2956.02,54400.25,0.0,0
CLM101731,POL13615,CUS21156,Health,West,PRV-28,64,2024-02-29,2024-06-21,2024-06-24,2024-08-27,Hospitalization,Settled,,3465.68,25653.49,25560.7,0
CLM101732,POL12797,CUS22052,Home,West,PRV-24,72,2024-09-11,2025-03-25,2025-04-05,2025-05-06,Storm,Settled,,4741.75,51206.5,49765.09,0
CLM101733,POL13462,CUS22429,Home,East,PRV-17,20,2024-10-24,2025-08-16,2025-08-18,2025-09-21,Water Damage,Settled,,954.06,16505.32,12151.36,1
CLM101734,POL13444,CUS21152,Motor,East,PRV-14,67,2024-11-14,2025-03-05,2025-03-13,2025-04-07,Theft,Settled,,26804.9,157653.09,102551.88,1
CLM101735,POL13192,CUS22265,Travel,East,PRV-07,52,2024-01-31,2024-07-06,2024-07-06,2024-07-27,Trip Cancellation,Settled,,2723.31,16605.74,13414.57,1
CLM101736,POL12011,CUS21393,Motor,West,PRV-05,69,2025-02-22,2025-05-25,2025-05-26,2025-07-25,Collision,Settled,,9053.89,65101.33,48206.04,0
CLM101737,POL10399,CUS20472,Health,South,PRV-29,40,2024-09-01,2024-09-12,2024-09-15,2024-09-23,Diagnostic,Settled,,4860.88,41756.8,37107.78,1
CLM101738,POL10012,CUS21302,Home,South,PRV-29,53,2024-03-08,2024-07-06,2024-07-16,2024-08-19,Theft,Settled,,5895.2,47627.09,39695.2,1
CLM101739,POL10817,CUS21543,Motor,Central,PRV-09,28,2025-07-21,2025-11-02,2025-11-13,2026-01-13,Third Party,Settled,,4805.28,57184.6,48455.2,1
CLM101740,POL11724,CUS20008,Health,North,PRV-09,22,2024-08-09,2024-09-24,2024-10-01,,Diagnostic,Rejected,Coverage Limit,7239.15,104246.66,0.0,0
CLM101741,POL12974,CUS23124,Motor,North,PRV-26,20,2024-05-23,2024-12-10,2024-12-14,2025-02-05,Collision,Settled,,3859.41,32483.96,26887.42,0
CLM101742,POL11823,CUS21847,Motor,Central,PRV-08,18,2024-11-01,2025-01-18,2025-01-21,,Glass Damage,Rejected,Insufficient Documents,10741.2,76178.08,0.0,2
CLM101743,POL10092,CUS20127,Motor,East,PRV-21,44,2025-08-12,2025-10-19,2025-10-21,2025-12-22,Third Party,Settled,,3991.21,38277.08,32214.04,2
CLM101744,POL10841,CUS23037,Motor,South,,35,2025-05-26,2025-09-20,2025-09-24,2025-10-23,Third Party,Settled,,12219.12,74356.23,64167.71,1
CLM101745,POL13916,CUS22993,Motor,Central,PRV-28,35,2024-03-02,2024-12-16,2024-12-21,2025-02-10,Collision,Settled,,7458.16,84501.22,80325.77,0
CLM101746,POL13952,CUS20042,Health,North,PRV-20,53,2025-03-01,2025-09-08,2025-09-16,,Emergency,Rejected,Insufficient Documents,1510.19,17464.69,0.0,0
CLM101747,POL11508,CUS20571,Health,West,PRV-04,70,2025-02-16,2025-06-24,2025-06-26,2025-07-01,Diagnostic,Settled,,8950.89,95396.62,59176.4,2
CLM101748,POL13219,,Health,South,PRV-27,71,2025-07-03,2026-03-06,2026-03-06,,Surgery,Approved,,3489.2,25725.9,14550.43,0
CLM101749,POL12877,CUS21775,Health,Central,PRV-06,52,2025-08-21,2025-08-28,2025-09-03,2025-10-06,Emergency,Settled,,2902.88,85082.41,73598.68,0
CLM101750,POL13725,CUS22540,Motor,West,PRV-09,40,2025-04-07,2025-07-17,2025-07-19,,Third Party,Rejected,,3564.33,42906.84,0.0,1
CLM101751,POL13550,CUS21485,Motor,North,PRV-06,42,2025-02-09,2025-07-21,2025-07-25,2025-08-20,Glass Damage,Settled,,6627.91,46860.97,36441.59,0
CLM101752,POL12514,CUS22141,Home,East,PRV-02,54,2024-08-07,2025-01-01,2025-01-09,2025-01-18,Storm,Settled,,8530.25,75345.67,90245.92152055816,0
CLM101753,POL11578,CUS20035,Travel,West,PRV-06,70,2025-07-11,2026-01-30,2026-02-09,,Medical,Approved,,1689.21,22086.44,21360.22,1
CLM101754,POL12506,CUS22304,Health,South,PRV-13,48,2025-08-07,2026-03-05,2026-03-11,2026-03-20,Emergency,Settled,,8927.0,69466.61,56602.9,3
CLM101755,POL11276,CUS23203,Motor,North,PRV-01,41,2025-09-06,2026-01-21,2026-02-01,2026-03-24,Third Party,Settled,,11164.8,67595.9,40970.59,0
CLM101756,POL11392,CUS21841,Home,East,PRV-08,31,2025-08-14,2026-05-19,2026-05-22,2026-07-20,Fire,Settled,,17633.67,166718.79,122179.79,0
CLM101757,POL12434,CUS21592,Home,West,PRV-05,23,2025-02-01,2025-11-06,2025-11-14,2025-12-27,Storm,Settled,,2330.43,16541.3,11426.61,0
CLM101758,POL12285,CUS21039,Health,East,PRV-22,36,2025-08-15,2026-01-05,2026-01-16,2026-02-11,Surgery,Settled,,3181.54,53236.55,50042.67,1
CLM101759,POL12323,CUS23339,Motor,South,PRV-21,64,2025-04-30,2026-01-25,2026-01-27,,Glass Damage,Approved,,2096.92,20772.07,19614.92,3
CLM101760,POL11538,CUS20116,Motor,Central,PRV-07,39,2024-05-28,2024-12-06,2024-12-14,2025-02-16,Collision,Settled,,1651.14,22405.42,20292.86,1
CLM101761,POL11636,CUS21003,Health,East,PRV-26,66,2024-01-20,2024-03-02,2024-03-07,2024-03-25,Surgery,Settled,,14373.9,80337.76,58218.11,1
CLM101762,POL10040,CUS20485,Travel,West,PRV-03,62,2025-08-31,2025-10-06,2025-10-16,2025-11-02,Trip Cancellation,Settled,,1104.91,17591.33,17141.49,0
CLM101763,POL12407,CUS23031,Health,Central,PRV-05,63,2024-09-21,2024-10-15,2024-10-18,2024-11-25,Surgery,Settled,,3860.38,22429.52,15114.79,2
CLM101764,POL12303,,Motor,Central,PRV-15,56,2025-06-25,2025-08-28,2025-09-08,2025-10-11,Third Party,Settled,,4833.63,52937.62,44874.36,1
CLM101765,POL13741,CUS23228,Health,South,PRV-28,19,2024-06-27,2024-09-29,2024-10-08,,Hospitalization,Pending,,1472.04,14052.61,0.0,1
CLM101766,POL12017,CUS22328,Home,South,PRV-09,45,2024-08-11,2024-09-01,2024-09-09,2024-10-05,Theft,Settled,,7980.2,73493.49,54896.33,2
CLM101767,POL11870,CUS21948,Health,Central,PRV-29,59,2025-05-25,2025-11-23,2025-11-23,2026-01-01,Hospitalization,Settled,,1511.87,22813.31,14482.22,1
CLM101768,POL10270,CUS21811,Home,West,PRV-08,75,2024-11-21,2025-03-24,2025-03-24,,Water Damage,Pending,,3803.08,57762.04,0.0,2
CLM101769,POL10786,CUS20709,Health,Central,PRV-19,62,2025-02-24,2025-08-23,2025-08-30,2025-09-23,Diagnostic,Settled,,1529.25,17698.65,16279.12,0
CLM101770,POL11352,CUS21967,Motor,Central,PRV-10,35,2024-07-17,2024-12-15,2024-12-20,2025-01-02,Theft,Settled,,3613.61,25487.43,21687.8,1
CLM101771,POL11508,CUS22398,Health,West,PRV-18,51,2025-01-15,2025-04-07,2025-04-10,,Surgery,Approved,,5339.32,39516.67,38293.02,0
CLM101772,POL11450,CUS23378,Health,East,PRV-10,60,2024-10-28,2025-04-30,2025-05-10,2025-06-24,Diagnostic,Settled,,3403.41,18945.63,16228.43,1
CLM101773,POL11576,CUS21921,Travel,North,PRV-08,67,2025-07-31,2026-05-12,2026-05-17,,Medical,Approved,,800.0,16157.87,9328.73,1
CLM101774,POL13075,CUS23285,Health,South,PRV-14,24,2024-11-01,2025-02-04,2025-02-09,2025-04-18,Emergency,Settled,,2363.57,16425.75,9893.74,0
CLM101775,POL10524,CUS23305,Health,Central,PRV-10,71,2024-02-25,2024-05-27,2024-05-30,2024-06-21,Emergency,Settled,,6074.39,102538.5,89780.55,1
CLM101776,POL11329,CUS21828,Health,East,PRV-18,44,2025-04-01,2025-09-03,2025-09-14,,Emergency,Approved,,872.29,8178.74,5421.82,1
CLM101777,POL10651,CUS21537,Health,West,PRV-15,70,2025-08-14,2026-04-12,2026-04-16,2026-06-03,Surgery,Settled,,2370.43,39867.83,26388.55,1
CLM101778,POL11231,CUS20499,Motor,South,PRV-17,63,2025-07-01,2025-12-07,2025-12-10,2025-12-29,Theft,Settled,,3615.61,21216.48,15548.42,1
CLM101779,POL12738,CUS20939,Home,East,PRV-05,48,2024-03-03,2024-11-07,2024-11-15,,Storm,Approved,,12739.23,120091.87,106324.65,1
CLM101780,POL10187,CUS23076,Health,South,PRV-18,45,2025-09-11,2025-10-04,2025-10-04,,Diagnostic,Approved,,17314.23,-172407.45,144385.46,0
CLM101781,POL11357,CUS20484,Health,West,PRV-22,34,2024-08-03,2024-09-02,2024-09-09,2024-10-23,Emergency,Settled,,2602.43,34192.93,21795.23,0
CLM101782,POL10094,CUS21389,Health,East,PRV-04,51,2025-06-01,2025-10-01,2025-10-07,2025-12-02,Hospitalization,Settled,,1885.74,19372.09,18467.86,0
CLM101783,POL13819,CUS22445,Motor,West,PRV-07,35,2025-01-25,2025-04-05,2025-04-07,,Glass Damage,Approved,,1142.24,24509.18,24203.11,0
CLM101784,POL12909,CUS20842,Health,South,PRV-02,45,2025-08-26,2025-09-02,2025-09-11,2025-09-26,Diagnostic,Settled,,4505.19,33968.53,30788.49,0
CLM101785,POL10974,CUS23409,Health,Central,PRV-07,31,2024-07-30,2024-10-03,2024-10-03,2024-11-18,Emergency,Settled,,5741.16,49663.96,31629.95,1
CLM101786,POL10792,CUS22273,Health,East,PRV-28,31,2025-01-11,2025-04-03,2025-04-14,2025-05-04,Emergency,Settled,,1003.86,22340.56,20266.65,0
CLM101787,POL10395,CUS20099,Health,North,PRV-03,70,2025-02-27,2025-11-29,2025-12-09,2026-02-11,Hospitalization,Settled,,1051.41,23180.99,18190.7,0
CLM101788,POL11891,CUS20865,Home,West,PRV-07,68,2024-04-05,2024-11-25,2024-11-27,,Fire,Approved,,1267.42,17140.2,9647.36,0
CLM101789,POL13014,CUS22591,Home,South,PRV-05,51,2025-04-25,2025-08-08,2025-08-13,2025-08-17,Fire,Settled,,7190.56,71217.53,60562.54,1
CLM101790,POL12336,CUS23021,Motor,South,PRV-25,56,2024-03-29,2025-01-10,2025-01-12,2025-02-04,Third Party,Settled,,1289.97,20346.42,20135.34,0
CLM101791,POL13524,CUS23244,Motor,Central,PRV-18,18,2025-05-28,2026-02-03,2026-02-10,,Glass Damage,Pending,,1399.85,28165.93,0.0,0
CLM101792,,CUS22979,Health,West,PRV-02,61,2024-03-19,2024-06-02,2024-06-06,,Hospitalization,Approved,,2226.09,50079.38,28970.32,1
CLM101793,POL11112,CUS20261,Health,West,PRV-08,73,2024-04-21,2024-09-11,2024-09-16,2024-10-28,Hospitalization,Settled,,3567.09,47080.29,30779.81,2
CLM101794,POL11912,CUS22553,Health,West,PRV-21,73,2024-11-02,2025-08-05,2025-08-16,2025-10-26,Surgery,Settled,,8486.95,68200.15,54649.47,0
CLM101795,POL10808,CUS20385,Health,South,PRV-23,21,2024-04-22,2024-09-06,2024-09-13,,Surgery,Approved,,4071.78,30904.25,27999.02,0
CLM101796,POL13902,CUS20267,Home,North,PRV-19,58,2024-02-17,2024-06-07,2024-06-17,,Fire,Approved,,4500.91,62141.44,39365.57,2
CLM101797,POL10743,CUS22421,Motor,East,PRV-17,45,2024-02-02,2024-10-30,2024-11-06,2024-11-24,Third Party,Settled,,12329.48,128315.54,83240.99,3
CLM101798,POL11915,CUS21673,Health,Central,PRV-14,21,2024-06-26,2025-01-10,2025-01-15,2025-03-01,Emergency,Settled,,2585.51,20805.76,20078.65,1
CLM101799,POL12088,CUS22267,Motor,East,PRV-26,63,2024-10-31,2025-03-12,2025-03-12,2025-04-09,Collision,Settled,,9060.58,107855.47,102113.92,1
CLM101800,POL10228,CUS22980,Health,Central,PRV-12,54,2024-01-28,2024-10-15,2024-10-16,,Hospitalization,Rejected,Coverage Limit,7939.04,44906.27,0.0,2
CLM101801,POL11873,CUS20240,Health,East,PRV-29,33,2024-03-26,2024-11-04,2024-11-10,2024-12-29,Hospitalization,Settled,,2600.99,19423.53,12219.36,1
CLM101802,POL11818,CUS21846,Health,North,PRV-26,47,2025-01-14,2025-04-28,2025-05-04,2025-05-15,Hospitalization,Settled,,2255.39,19315.89,18730.87,0
CLM101803,POL11037,CUS22920,Motor,West,PRV-28,38,2024-07-16,2024-11-20,2024-11-26,2025-01-29,Theft,Settled,,3041.43,29052.98,20423.45,1
CLM101804,POL10511,CUS21541,Home,South,PRV-22,30,2025-04-14,2025-04-29,2025-05-09,,Fire,Approved,,5208.13,50178.53,39269.03,2
CLM101805,POL10180,CUS21831,Home,North,PRV-11,42,2025-06-05,2025-07-06,2025-07-07,,Water Damage,Approved,,2779.46,37682.82,28464.95,1
CLM101806,POL10034,CUS21742,Health,West,PRV-20,52,2024-01-19,2024-10-31,2024-11-07,2024-12-26,Hospitalization,Settled,,1487.64,35772.55,35415.91,2
CLM101807,POL11925,CUS23175,Travel,North,PRV-14,20,2025-08-11,2025-08-27,2025-09-04,2025-09-28,Lost Baggage,Settled,,3944.57,25336.52,16929.89,1
CLM101808,POL10359,CUS20174,Health,Central,PRV-28,57,2025-02-27,2025-11-05,2025-11-12,2025-12-21,Surgery,Settled,,3891.82,23471.31,23025.38,1
CLM101809,POL13837,CUS23072,Home,West,PRV-28,46,2025-05-24,2025-07-26,2025-07-28,2025-08-10,Fire,Settled,,5414.66,30734.28,30169.34,1
CLM101810,POL10978,CUS22857,Motor,West,PRV-03,50,2024-10-23,2025-04-03,2025-04-07,2025-06-07,Collision,Settled,,4464.05,49274.21,47443.74,2
CLM101811,,CUS22843,Motor,East,PRV-23,26,2024-01-01,2024-08-04,2024-08-04,2024-10-17,Theft,Settled,,3831.79,22282.89,15837.56,0
CLM101812,POL12693,CUS21443,Motor,South,PRV-23,26,2025-07-02,2026-04-25,2026-04-27,2026-05-25,Third Party,Settled,,5806.18,42896.13,30832.24,1
CLM101813,POL11982,CUS21805,Motor,South,PRV-19,49,2024-12-18,2025-04-09,2025-04-18,,Collision,Pending,,3183.19,34111.07,0.0,0
CLM101814,POL13534,CUS21291,Health,South,PRV-30,54,2024-01-24,2024-10-27,2024-11-03,,Surgery,Approved,,7337.95,43735.79,33412.99,1
CLM101815,POL10442,CUS20880,Motor,East,PRV-03,54,2024-04-13,2024-08-27,2024-09-06,2024-09-20,Third Party,Settled,,4093.31,23353.06,15457.02,0
CLM101816,POL10936,CUS23064,Health,South,PRV-30,19,2024-05-07,2025-01-22,2025-01-30,,Surgery,Approved,,1756.09,15951.44,13274.88,1
CLM101817,POL11009,CUS21770,Motor,Central,PRV-01,45,2024-08-20,2024-09-20,2024-09-22,2024-10-22,Collision,Settled,,6679.98,45458.48,42751.92,0
CLM101818,POL10541,CUS22531,Motor,Central,PRV-06,27,2024-10-01,2024-12-21,2024-12-30,2025-01-10,Theft,Settled,,6236.39,42572.17,41607.91,0
CLM101819,POL11179,CUS20352,Travel,Central,PRV-20,49,2024-09-22,2025-03-28,2025-04-05,,Medical,Approved,,3226.12,26590.72,19861.25,1
CLM101820,POL11250,CUS22761,Health,West,PRV-25,64,2025-06-22,2026-01-20,2026-01-22,,Emergency,Approved,,5046.19,54018.24,40199.97,1
CLM101821,POL13059,CUS22305,Travel,South,PRV-28,73,2025-08-07,2026-04-05,2026-04-05,2026-05-26,Delay,Settled,,942.69,18796.94,14690.94,2
CLM101821,POL11206,CUS23491,Health,North,PRV-02,46,2025-02-24,2025-06-12,2025-06-21,2025-07-15,Surgery,Settled,,5709.5,31773.66,30510.44,1
CLM101823,POL13506,CUS20468,Motor,North,PRV-25,46,2025-01-27,2025-08-02,2025-08-10,2025-08-14,Collision,Settled,,1176.31,28866.69,16899.13,3
CLM101824,POL13090,CUS21890,Health,West,PRV-21,52,2025-06-19,2025-12-22,2025-12-23,,Hospitalization,Rejected,Late Notification,2458.21,48940.16,0.0,3
CLM101825,POL13606,CUS21789,Health,South,PRV-13,21,2024-06-14,2025-04-05,2025-04-10,2025-05-20,Diagnostic,Settled,,4931.23,57194.82,36530.52,1
CLM101826,POL10420,CUS21884,Motor,Central,PRV-20,37,2024-12-12,2025-01-17,2025-01-27,2025-03-23,Glass Damage,Settled,,800.0,6430.01,5779.54,2
CLM101827,POL13938,CUS20190,Home,South,PRV-12,36,2025-02-02,2025-02-07,2025-02-16,2025-03-05,Water Damage,Settled,,7111.62,101488.69,73094.18,0
CLM101828,POL12455,CUS21655,Health,Central,PRV-14,50,2024-06-26,2024-12-15,2024-12-24,2025-02-15,Diagnostic,Settled,,1179.71,28282.37,27828.13,2
CLM101829,POL13929,CUS21048,Home,Central,PRV-07,27,2025-08-13,2025-08-18,2025-08-22,2025-10-09,Fire,Settled,,35066.16,212635.41,210645.09,0
CLM101830,POL11419,CUS22160,Health,East,PRV-11,20,2024-05-26,2024-07-24,2024-07-25,2024-08-01,Emergency,Settled,,838.81,7840.14,7419.79,1
CLM101831,POL13811,CUS20812,Health,Central,PRV-20,37,2024-02-06,2024-07-05,2024-07-09,2024-07-20,Surgery,Settled,,6263.8,35695.97,27808.39,1
CLM101832,POL12354,CUS21522,Motor,Central,PRV-08,19,2024-07-19,2024-10-08,2024-10-16,2024-10-30,Collision,Settled,,14452.15,89379.12,86601.16,0
CLM101833,POL10287,CUS22170,Travel,North,PRV-24,58,2025-05-20,2025-08-08,2025-08-18,2025-09-04,Delay,Settled,,1237.16,11884.1,8551.96,0
CLM101834,POL11640,CUS20224,Health,South,PRV-11,70,2024-08-20,2024-12-02,2024-12-09,2024-12-13,Emergency,Settled,,4176.91,47339.38,34404.71,0
CLM101835,,CUS22753,Motor,South,PRV-28,57,2024-05-14,2024-12-06,2024-12-06,,Theft,Approved,,3531.78,51742.24,39469.89,0
CLM101836,POL13765,CUS22505,Motor,South,PRV-03,34,2025-06-24,2025-10-12,2025-10-19,2025-12-22,Glass Damage,Settled,,6984.05,39026.32,33707.75,1
CLM101837,POL11217,CUS20200,Health,Central,PRV-11,58,2024-04-04,2024-11-28,2024-11-30,2025-02-05,Hospitalization,Settled,,13709.63,113529.21,65684.14,0
CLM101838,POL10889,CUS20226,Travel,East,PRV-10,64,2024-04-08,2024-05-26,2024-06-02,2024-08-07,Trip Cancellation,Settled,,2687.49,17215.6,13619.96,2
CLM101839,POL12211,CUS22975,Home,East,PRV-18,69,2025-07-11,2025-08-11,2025-08-15,2025-09-13,Theft,Settled,,12799.35,72027.66,70920.6,0
CLM101840,POL11700,CUS20991,Health,West,PRV-16,47,2024-07-18,2024-09-06,2024-09-12,2024-10-12,Diagnostic,Settled,,853.05,13414.47,7784.32,1
CLM101841,POL10387,CUS23012,Travel,North,PRV-02,41,2024-01-02,2024-10-03,2024-10-10,2024-11-24,Trip Cancellation,Settled,,1278.34,7576.4,4461.25,1
CLM101842,POL13265,CUS21747,Home,Central,PRV-16,22,2024-09-25,2024-12-17,2024-12-24,,Storm,Approved,,8346.74,55953.89,69544.03873488025,1
CLM101843,POL13383,CUS21197,Motor,South,PRV-16,44,2025-04-04,2025-04-13,2025-04-13,2025-06-03,Glass Damage,Settled,,6206.2,63201.42,58400.75,2
CLM101844,POL12971,CUS20957,Health,East,PRV-18,21,2025-04-14,2025-07-18,2025-07-29,,Hospitalization,Pending,,4924.71,28579.05,0.0,0
CLM101845,POL12467,CUS22306,Motor,South,PRV-17,40,2024-02-24,2024-09-17,2024-09-23,2024-11-19,Glass Damage,Settled,,5586.09,47146.21,35506.27,1
CLM101846,POL11610,CUS20384,Motor,North,PRV-22,21,2024-06-23,2024-10-10,2024-10-16,2024-12-19,Collision,Settled,,3567.81,40063.98,27615.38,1
CLM101847,POL12169,CUS21409,Health,West,PRV-22,39,2025-01-18,2025-05-13,2025-05-17,,Diagnostic,Approved,,3431.79,63568.44,39755.89,1
CLM101848,POL12083,CUS21210,Motor,South,PRV-04,47,2025-02-13,2025-03-11,2025-03-12,2025-05-09,Theft,Settled,,3787.08,27209.09,15604.98,2
CLM101849,POL10661,CUS20539,Travel,West,PRV-20,37,2025-01-19,2025-08-07,2025-08-14,2025-09-27,Trip Cancellation,Settled,,1721.73,11784.24,7806.58,0
CLM101850,POL10327,CUS21234,Travel,South,PRV-26,37,2024-07-28,2024-10-02,2024-10-06,2024-12-01,Medical,Settled,,800.0,6730.69,5678.89,0
CLM101851,POL11013,CUS21850,Motor,East,PRV-14,60,2025-06-18,2025-07-18,2025-07-28,,Theft,Approved,,8284.9,96587.38,66331.8,2
CLM101852,POL11817,CUS22371,Health,West,PRV-11,74,2024-02-18,2024-09-19,2024-09-26,,Hospitalization,Approved,,800.0,15487.76,10662.31,1
CLM101853,POL10641,CUS20302,Health,North,PRV-16,33,2025-05-25,2026-03-02,2026-03-07,2026-04-18,Emergency,Settled,,16352.34,143961.66,96185.05,1
CLM101854,POL10426,CUS23053,Motor,South,PRV-06,24,2025-08-05,2026-02-04,2026-02-04,2026-04-11,Collision,Settled,,3255.34,27125.63,35210.833185673604,1
CLM101855,POL13407,CUS23074,Motor,Central,PRV-14,20,2025-02-28,2025-12-06,2025-12-12,2026-01-22,Theft,Settled,,10139.6,64485.53,52675.11,0
CLM101856,POL11499,CUS22421,Motor,West,PRV-06,41,2024-09-23,2025-01-22,2025-02-01,2025-03-01,Collision,Settled,,1446.13,42630.27,37476.75,0
CLM101857,POL12336,CUS23235,Motor,Central,PRV-11,46,2024-08-23,2025-01-26,2025-01-31,2025-02-23,Collision,Settled,,15141.58,315797.66,312958.39,3
CLM101858,POL12096,CUS21497,Motor,Central,PRV-25,18,2024-09-27,2025-01-12,2025-01-19,2025-02-14,Theft,Settled,,1036.98,29853.82,19463.77,0
CLM101859,POL12940,CUS22875,Motor,West,PRV-28,46,2024-04-13,2024-09-13,2024-09-14,,Glass Damage,Rejected,Late Notification,16933.4,98640.78,0.0,0
CLM101860,POL12959,CUS22545,Motor,East,PRV-15,53,2024-05-17,2025-02-08,2025-02-12,,Theft,Rejected,Suspected Misrepresentation,11236.9,105083.43,0.0,0
CLM101861,POL11184,CUS21968,Travel,West,PRV-29,44,2025-01-29,2025-08-07,2025-08-16,2025-09-19,Delay,Settled,,974.22,14562.28,10127.06,1
CLM101862,POL13391,CUS20628,Motor,South,PRV-08,23,2024-12-07,2024-12-15,2024-12-20,,Glass Damage,Pending,,1222.64,37201.49,0.0,1
CLM101863,POL11485,CUS21951,Motor,South,,44,2024-11-04,2025-04-27,2025-05-07,2025-06-18,Theft,Settled,,1717.94,38624.59,33558.43,0
CLM101864,POL13340,CUS23154,Health,South,PRV-28,57,2024-10-21,2025-02-11,2025-02-15,2025-03-17,Emergency,Settled,,3207.35,23237.68,17168.04,0
CLM101865,POL11619,CUS23446,Motor,South,PRV-19,46,2024-02-18,2024-07-30,2024-08-08,,Theft,Rejected,Suspected Misrepresentation,7740.95,75860.0,0.0,0
CLM101865,POL10443,CUS21568,Health,East,PRV-18,59,2025-06-21,2025-12-05,2025-12-12,,Diagnostic,Pending,,3888.15,27740.09,0.0,3
CLM101867,POL13040,CUS20867,Motor,North,PRV-11,73,2025-08-15,2026-02-08,2026-02-19,,Third Party,Approved,,2282.29,32707.52,24714.71,1
CLM101868,POL10120,CUS22616,Health,Central,PRV-20,75,2024-06-01,2025-02-16,2025-02-22,,Diagnostic,Rejected,Insufficient Documents,1024.86,10683.18,0.0,0
CLM101869,POL13089,CUS20265,Health,West,PRV-29,32,2024-07-13,2025-03-27,2025-04-01,,Emergency,Rejected,Suspected Misrepresentation,16100.39,130283.77,0.0,1
CLM101870,POL10172,CUS20528,Health,Central,PRV-08,30,2025-01-25,2025-11-12,2025-11-16,,Hospitalization,Approved,,4093.95,66194.15,54557.09,0
CLM101871,POL10827,CUS21966,Health,East,PRV-23,28,2024-01-02,2024-07-03,2024-07-10,2024-08-16,Surgery,Settled,,5048.86,69041.0,38514.55,3
CLM101872,POL12413,CUS23465,Health,Central,PRV-12,56,2024-03-04,2024-05-29,2024-06-09,2024-08-19,Diagnostic,Settled,,800.0,7536.51,5082.61,0
CLM101873,POL13766,CUS21150,Motor,South,PRV-11,52,2025-07-13,2025-09-10,2025-09-12,,Theft,Approved,,9702.38,70939.74,53076.6,0
CLM101874,POL11633,CUS21551,Motor,South,PRV-10,35,2024-04-16,2024-12-26,2025-01-06,2025-02-06,Glass Damage,Settled,,1522.3,12972.96,9714.45,0
CLM101875,POL10482,CUS21128,Health,South,PRV-26,27,2024-12-23,2025-09-23,2025-10-04,,Surgery,Pending,,3754.88,38829.89,0.0,2
CLM101876,POL10931,CUS21541,Motor,Central,PRV-08,35,2025-07-01,2025-07-13,2025-07-22,,Theft,Approved,,3850.59,33454.18,31577.77,2
CLM101877,POL13584,CUS20024,Motor,West,PRV-13,26,2025-03-30,2025-06-03,2025-06-09,,Theft,Approved,,2132.59,38447.03,22711.25,1
CLM101878,POL12906,CUS22081,Health,East,PRV-27,67,2024-06-17,2025-01-07,2025-01-17,2025-03-04,Diagnostic,Settled,,11215.5,73818.79,69690.73,0
CLM101879,POL10401,CUS22086,Motor,Central,PRV-15,46,2024-04-04,2024-05-24,2024-05-27,,Collision,Approved,,4950.53,34541.71,34398.9,1
CLM101880,POL11539,CUS21104,Motor,East,PRV-04,69,2025-03-21,2025-04-05,2025-04-12,2025-06-20,Collision,Settled,,1617.28,28224.55,17792.38,1
CLM101881,POL11058,CUS20924,Health,South,PRV-30,69,2024-09-07,2025-07-03,2025-07-12,2025-09-22,Emergency,Settled,,16929.09,103950.77,60474.29,0
CLM101882,POL10711,CUS22665,Health,West,PRV-03,33,2025-08-22,2025-09-20,2025-09-29,2025-10-31,Hospitalization,Settled,,2334.27,26199.38,15837.51,1
CLM101883,,CUS20657,Home,Central,PRV-27,24,2025-02-03,2025-04-08,2025-04-15,2025-06-20,Fire,Settled,,4135.17,41540.43,38783.89,0
CLM101884,POL12470,CUS20164,Travel,Central,PRV-12,52,2024-01-07,2024-10-29,2024-11-02,,Trip Cancellation,Approved,,1613.61,14710.74,14527.75,0
CLM101885,POL10717,CUS20141,Travel,North,PRV-20,25,2024-06-04,2024-07-04,2024-07-15,2024-07-23,Trip Cancellation,Settled,,2110.76,14172.43,11566.97,2
CLM101886,POL12602,CUS23086,Health,North,PRV-20,60,2025-04-06,2025-12-02,2025-12-10,,Hospitalization,Approved,,1822.67,33381.34,32589.1,1
CLM101887,POL11654,CUS21275,Motor,North,PRV-09,57,2025-03-10,2025-08-26,2025-09-04,2025-09-08,Glass Damage,Settled,,3671.98,52642.77,47186.8,3
CLM101888,POL10245,CUS20356,Health,North,PRV-10,37,2025-04-04,2025-09-13,2025-09-20,,Hospitalization,Pending,,7746.14,45441.91,0.0,1
CLM101889,POL11799,CUS23076,Health,Central,PRV-05,47,2024-05-24,2025-01-27,2025-02-06,,Surgery,Approved,,6078.03,35612.76,34239.33,0
CLM101890,POL10740,CUS20520,Health,West,PRV-07,26,2024-06-03,2024-06-10,2024-06-15,2024-07-02,Hospitalization,Settled,,11633.15,76864.73,58472.04,0
CLM101891,POL10981,CUS21178,Motor,Central,PRV-02,31,2024-05-09,2024-05-28,2024-06-03,,Theft,Rejected,,1756.71,31787.02,0.0,2
CLM101892,POL13515,CUS20072,Motor,South,PRV-02,65,2025-03-07,2025-05-05,2025-05-14,,Collision,Approved,,10559.28,88549.95,77388.91,1
CLM101893,POL12840,CUS22376,Motor,Central,PRV-13,38,2024-01-08,2024-06-03,2024-06-09,2024-08-18,Glass Damage,Settled,,1818.58,18768.41,16645.7,0
CLM101894,POL10536,CUS22447,Motor,South,PRV-25,48,2025-05-19,2026-03-03,2026-03-05,,Glass Damage,Approved,,1058.91,25145.54,17841.5,0
CLM101895,POL13405,CUS22647,Motor,Central,PRV-12,65,2024-06-23,2024-07-14,2024-07-23,,Collision,Approved,,2163.66,52348.09,39995.04,0
CLM101896,POL12297,CUS20920,Travel,North,PRV-23,34,2024-10-29,2025-03-04,2025-03-08,,Medical,Approved,,4990.24,31479.1,20370.8,2
CLM101897,POL13498,CUS21148,Motor,North,PRV-10,46,2024-06-01,2024-10-08,2024-10-09,2024-12-12,Glass Damage,Settled,,1951.65,44788.39,27048.09,1
CLM101898,POL12988,CUS23283,Health,West,PRV-20,19,2024-09-20,2024-11-18,2024-11-22,2024-12-14,Surgery,Settled,,1815.44,25675.04,18186.04,2
CLM101899,POL11357,CUS22875,Travel,West,PRV-16,24,2025-04-18,2025-07-30,2025-07-30,2025-10-12,Medical,Settled,,800.0,13207.94,10193.31,1
CLM101900,POL12139,CUS20130,Motor,East,PRV-22,67,2024-05-03,2024-07-03,2024-07-13,2024-08-10,Collision,Settled,,8809.03,75766.43,47034.23,0
CLM101901,POL12123,CUS22421,Health,West,PRV-21,65,2024-12-19,2025-01-30,2025-02-10,2025-04-21,Surgery,Settled,,6174.78,42879.46,26729.17,0
CLM101902,POL12879,CUS22844,Health,Central,PRV-26,43,2024-02-05,2024-07-10,2024-07-13,2024-08-04,Diagnostic,Settled,,7516.59,107722.43,65257.05,0
CLM101903,POL10993,CUS21957,Motor,Central,PRV-17,42,2024-04-20,2025-01-24,2025-02-03,2025-02-13,Third Party,Settled,,2922.89,19842.14,18732.78,0
CLM101904,POL11332,CUS22239,Health,South,PRV-08,50,2025-02-28,2025-06-29,2025-07-07,2025-08-20,Hospitalization,Settled,,1856.44,33006.23,28462.75,0
CLM101905,POL10979,CUS20003,Home,West,PRV-03,47,2024-12-18,2025-06-26,2025-07-07,,Water Damage,Rejected,Insufficient Documents,14497.17,173597.13,0.0,1
CLM101906,POL11184,CUS20105,Home,North,PRV-24,25,2025-01-14,2025-08-03,2025-08-04,2025-09-27,Water Damage,Settled,,8067.14,121434.26,102924.41,0
CLM101907,POL10645,CUS20122,Home,South,PRV-07,27,2024-05-19,2025-01-27,2025-01-27,,Theft,Approved,,1622.2,16527.57,12703.45,0
CLM101908,POL10146,CUS20556,Travel,East,PRV-04,22,2024-05-07,2025-01-09,2025-01-20,2025-03-22,Trip Cancellation,Settled,,4675.67,26393.64,21233.39,0
CLM101909,POL13760,CUS23468,Motor,Central,PRV-13,52,2024-09-20,2025-06-18,2025-06-21,2025-08-19,Collision,Settled,,3118.55,22193.01,20481.36,0
CLM101910,POL10297,CUS22220,Home,Central,PRV-28,38,2024-03-20,2024-11-19,2024-11-26,2025-02-05,Storm,Settled,,3535.29,58084.96,44388.9,0
CLM101911,POL13551,CUS22737,Health,Central,PRV-10,52,2025-07-04,2026-04-09,2026-04-19,2026-06-14,Diagnostic,Settled,,14474.86,82729.95,56227.11,1
CLM101912,POL10012,CUS21034,Health,East,PRV-17,31,2024-06-15,2025-03-31,2025-04-04,,Surgery,Rejected,,9266.12,70091.13,0.0,1
CLM101913,POL13109,CUS23281,Home,Central,PRV-14,39,2025-03-21,2025-10-31,2025-11-01,,Fire,Pending,,7183.24,73204.09,0.0,1
CLM101914,POL11313,CUS20696,Home,South,PRV-23,19,2024-04-07,2024-09-02,2024-09-11,2024-11-21,Fire,Settled,,7288.78,43531.27,42056.83,0
CLM101915,POL12070,CUS23158,Home,North,PRV-25,41,2025-02-07,2025-05-10,2025-05-15,,Storm,Rejected,,8050.2,55739.83,0.0,0
CLM101916,POL11128,CUS20107,Motor,East,PRV-15,28,2024-05-06,2024-10-24,2024-10-24,,Glass Damage,Approved,,7349.7,52731.77,37187.2,1
CLM101917,POL11962,CUS20071,Health,North,PRV-14,73,2024-06-23,2025-02-26,2025-03-02,,Diagnostic,Pending,,6915.69,114993.37,0.0,0
CLM101918,POL11806,CUS20276,Motor,West,PRV-13,55,2024-09-12,2025-04-26,2025-05-02,2025-07-15,Collision,Settled,,1558.17,31673.65,30561.94,1
CLM101919,POL12118,CUS22771,Health,Central,PRV-22,49,2024-03-18,2024-08-21,2024-08-31,2024-10-08,Surgery,Settled,,4443.91,27801.73,26791.18,0
CLM101920,POL11573,CUS20901,Home,West,PRV-22,32,2024-03-18,2024-04-10,2024-04-12,,Water Damage,Approved,,9492.58,71900.76,43246.09,3
CLM101920,POL12146,CUS21579,Home,West,PRV-08,35,2025-04-11,2025-07-02,2025-07-08,2025-08-30,Fire,Settled,,16901.63,110767.64,69284.97,0
CLM101922,POL13301,CUS21649,Health,Central,PRV-10,74,2024-08-02,2025-01-22,2025-01-24,2025-02-10,Hospitalization,Settled,,8547.91,59006.84,45475.57,0
CLM101923,POL11738,CUS22763,Health,East,PRV-22,29,2024-12-18,2025-04-13,2025-04-16,2025-04-28,Surgery,Settled,,1485.07,8975.08,7166.04,4
CLM101924,POL11445,CUS21220,Motor,Central,PRV-18,70,2025-02-04,2025-06-21,2025-06-24,,Theft,Approved,,1335.82,15473.73,10906.59,0
CLM101925,POL10527,CUS20023,Motor,Central,PRV-22,69,2025-01-21,2025-04-22,2025-04-28,,Third Party,Approved,,6906.2,83681.72,48910.34,0
CLM101926,POL11438,CUS21352,Motor,West,PRV-01,38,2025-01-24,2025-02-16,2025-02-23,,Third Party,Pending,,2636.11,40227.89,0.0,0
CLM101927,POL10502,CUS21008,Travel,South,PRV-27,28,2025-08-27,2026-01-14,2026-01-15,,Trip Cancellation,Pending,,2819.22,61535.75,0.0,2
CLM101928,POL10730,CUS22558,Motor,South,PRV-26,63,2025-01-26,2025-06-09,2025-06-09,,Theft,Approved,,1874.4,18298.49,13750.33,0
CLM101929,POL13808,CUS22629,Travel,North,PRV-27,70,2024-08-03,2025-03-25,2025-04-02,2025-04-05,Lost Baggage,Settled,,5957.55,56883.16,38281.64,0
CLM101930,POL10357,CUS20321,Motor,South,PRV-06,28,2024-06-25,2024-07-29,2024-08-01,2024-07-28,Collision,Settled,,800.0,13157.47,9817.62,1
CLM101931,POL11928,CUS22775,Home,East,PRV-17,71,2025-05-11,2025-10-03,2025-10-10,,Fire,Approved,,7767.24,64443.09,52498.36,2
CLM101932,POL13337,CUS20246,Health,North,PRV-19,44,2024-09-18,2025-06-01,2025-06-01,2025-08-12,Emergency,Settled,,1775.14,21006.31,14959.92,0
CLM101933,POL13812,CUS22169,Health,North,PRV-09,62,2024-12-12,2025-03-03,2025-03-10,,Hospitalization,Pending,,8764.92,89041.67,0.0,0
CLM101934,POL10586,CUS21362,Health,North,PRV-26,42,2025-05-20,2025-08-23,2025-09-02,,Hospitalization,Pending,,6577.21,61755.67,0.0,0
CLM101935,POL10654,CUS21054,Health,Central,PRV-02,58,2024-05-25,2024-06-21,2024-06-26,2024-09-03,Diagnostic,Settled,,16221.25,211818.68,141330.41,0
CLM101936,POL11490,CUS21691,Travel,Central,PRV-21,68,2024-05-17,2024-11-05,2024-11-11,,Lost Baggage,Pending,,2816.46,21214.98,0.0,0
CLM101937,POL12217,CUS21086,Health,South,PRV-18,30,2024-02-02,2024-10-15,2024-10-18,,Hospitalization,Pending,,3505.64,32923.69,0.0,0
CLM101938,POL13839,CUS22778,Motor,North,PRV-15,41,2024-02-14,2024-07-07,2024-07-10,,Glass Damage,Approved,,8602.42,89408.57,74677.38,0
CLM101939,POL10830,CUS23383,Motor,North,PRV-24,49,2025-01-16,2025-05-21,2025-05-21,2025-07-12,Collision,Settled,,3927.5,42952.06,29770.63,0
CLM101940,POL10657,CUS22855,Health,East,PRV-16,27,2024-11-08,2025-06-20,2025-06-25,2025-08-10,Diagnostic,Settled,,3560.68,106108.64,104162.48,0
CLM101941,POL11012,CUS21537,Health,North,PRV-03,25,2024-07-03,2024-11-13,2024-11-24,,Diagnostic,Approved,,17415.05,119539.54,108190.87,0
CLM101942,POL13497,CUS21761,Health,West,PRV-14,58,2024-05-11,2024-09-08,2024-09-09,,Emergency,Pending,,6873.29,39281.88,0.0,1
CLM101943,POL10120,CUS21564,Health,Central,PRV-29,65,2025-03-07,2025-10-22,2025-10-26,,Diagnostic,Approved,,884.94,17825.03,13569.1,0
CLM101944,POL11520,CUS22777,Health,South,PRV-02,55,2024-02-22,2024-05-17,2024-05-27,,Diagnostic,Pending,,810.79,11043.76,0.0,2
CLM101945,POL10475,CUS21933,Home,Central,PRV-02,51,2025-03-10,2025-11-20,2025-11-25,,Fire,Approved,,5700.61,36300.85,31259.9,1
CLM101946,POL10628,CUS21638,Home,Central,PRV-24,36,2025-07-15,2025-10-04,2025-10-13,2025-10-28,Storm,Settled,,14367.92,105411.67,85872.57,1
CLM101947,POL13667,CUS21433,Health,North,PRV-04,68,2024-10-09,2025-03-11,2025-03-15,2025-05-13,Hospitalization,Settled,,10535.18,137070.62,116606.29,2
CLM101948,POL10006,CUS21312,Health,North,PRV-29,61,2024-11-02,2025-01-16,2025-01-23,2025-03-13,Surgery,Settled,,17666.78,138639.06,103230.11,1
CLM101949,POL11286,CUS21934,Home,South,PRV-17,46,2024-11-28,2025-06-06,2025-06-17,,Water Damage,Pending,,9516.88,56788.08,0.0,1
CLM101950,POL13661,CUS22411,Health,North,PRV-22,55,2024-02-29,2024-07-08,2024-07-15,2024-07-18,Surgery,Settled,,7026.2,111613.71,102173.34,0
CLM101951,POL12432,CUS21513,Travel,West,PRV-21,63,2025-01-23,2025-04-05,2025-04-14,2025-05-04,Lost Baggage,Settled,,2747.93,20826.21,15084.53,0
CLM101952,POL10287,CUS22823,Motor,South,PRV-27,26,2024-08-14,2025-03-25,2025-04-02,,Collision,Pending,,2677.41,17638.14,0.0,1
CLM101953,POL11860,CUS22893,Health,North,PRV-30,50,2024-10-17,2025-07-24,2025-07-25,,Surgery,Pending,,923.56,20849.88,0.0,1
CLM101954,POL13883,CUS21501,Health,Central,PRV-27,29,2024-01-15,2024-01-24,2024-01-25,2024-03-20,Surgery,Settled,,1640.84,9642.02,7395.24,2
CLM101955,POL11601,CUS23181,Health,West,PRV-21,38,2025-06-27,2025-12-14,2025-12-21,2026-01-16,Diagnostic,Settled,,3345.12,19235.9,16110.72,1
CLM101956,POL12114,CUS20605,Motor,North,PRV-11,56,2024-07-25,2025-02-25,2025-03-01,2025-03-09,Third Party,Settled,,3156.17,22550.53,18273.36,0
CLM101957,POL12127,CUS23262,Health,North,PRV-10,64,2024-02-17,2024-09-20,2024-09-25,2024-11-25,Emergency,Settled,,5395.29,50263.16,30832.29,0
CLM101958,POL12641,CUS21029,Motor,Central,PRV-11,52,2025-04-29,2025-07-04,2025-07-09,,Collision,Rejected,Policy Exclusion,1476.49,12243.46,0.0,1
CLM101959,POL10748,CUS21975,Travel,North,PRV-30,70,2025-08-30,2025-10-04,2025-10-13,,Delay,Approved,,800.0,5907.31,3711.23,0
CLM101960,POL13358,CUS20992,Motor,East,PRV-14,20,2024-11-18,2025-04-21,2025-05-02,2025-06-28,Theft,Settled,,3096.44,58291.6,47166.75,0
CLM101961,POL13954,CUS21547,Motor,West,PRV-02,30,2024-01-21,2024-07-30,2024-08-10,2024-09-10,Theft,Settled,,7234.87,97462.1,70909.39,0
CLM101962,POL10570,CUS21190,Health,Central,PRV-03,32,2025-09-06,2025-12-02,2025-12-02,,Diagnostic,Pending,,2017.0,44691.27,0.0,2
CLM101963,POL13273,CUS22468,Health,West,PRV-17,60,2024-05-09,2024-08-28,2024-09-05,,Hospitalization,Approved,,1650.91,19293.3,10994.03,0
CLM101964,POL13267,CUS20284,Motor,West,PRV-02,23,2024-05-29,2024-11-05,2024-11-13,2025-01-18,Glass Damage,Settled,,4763.38,33600.36,30085.45,0
CLM101965,POL12966,CUS22934,Health,East,PRV-21,29,2025-03-15,2025-07-28,2025-08-07,2025-09-17,Surgery,Settled,,7336.07,45054.4,25875.6,0
CLM101966,POL11483,CUS23163,Health,South,PRV-01,74,2024-07-24,2024-12-16,2024-12-21,,Emergency,Pending,,6324.06,73800.35,0.0,1
CLM101967,POL11875,CUS21970,Motor,East,PRV-21,40,2024-02-22,2024-09-13,2024-09-19,,Collision,Approved,,5664.6,46273.27,34940.98,1
CLM101968,POL13356,CUS21915,Health,West,PRV-16,46,2025-02-27,2025-12-19,2025-12-24,2026-01-27,Emergency,Settled,,6027.45,50555.05,38112.09,0
CLM101969,POL10611,CUS22449,Health,South,PRV-21,71,2024-06-11,2025-02-05,2025-02-09,,Surgery,Approved,,6873.56,68135.27,41720.87,5
CLM101970,POL13314,CUS20696,Home,Central,PRV-17,47,2025-06-18,2025-06-21,2025-06-23,,Theft,Pending,,23478.98,175044.74,0.0,2
CLM101971,POL13682,CUS22624,Motor,West,PRV-12,30,2024-04-05,2024-07-19,2024-07-26,2024-09-25,Glass Damage,Settled,,1791.45,34044.03,22204.3,0
CLM101972,POL12727,CUS20765,Motor,West,PRV-03,26,2025-07-15,2025-07-18,2025-07-18,2025-08-15,Collision,Settled,,1257.99,30513.52,25420.19,1
CLM101973,POL11365,CUS22367,Travel,East,PRV-18,36,2025-03-24,2025-12-11,2025-12-19,2026-02-13,Trip Cancellation,Settled,,800.0,9701.35,6986.09,1
CLM101974,POL12236,CUS21069,Health,North,,45,2024-05-28,2024-12-07,2024-12-17,,Emergency,Pending,,29734.82,169528.64,0.0,0
CLM101975,POL10200,CUS22611,Motor,Central,PRV-27,53,2024-12-24,2025-02-28,2025-03-02,,Collision,Approved,,3327.19,19235.88,14494.23,1
CLM101976,POL13727,CUS22768,Home,West,PRV-23,73,2025-08-04,2026-04-12,2026-04-14,2026-05-23,Fire,Settled,,2717.92,21750.1,21312.21,4
CLM101977,POL11369,CUS20730,Motor,West,PRV-29,43,2024-02-09,2024-07-27,2024-08-02,2024-09-14,Third Party,Settled,,2383.96,20409.52,14407.33,1
CLM101978,POL10228,CUS22161,Home,West,PRV-16,68,2025-05-23,2025-06-08,2025-06-18,2025-08-13,Fire,Settled,,2650.79,21209.39,13125.42,0
CLM101979,POL13177,CUS21744,Health,Central,PRV-28,18,2024-10-12,2024-11-27,2024-11-28,,Emergency,Rejected,Coverage Limit,2269.4,24038.66,0.0,1
CLM101980,POL12630,CUS21029,Travel,North,PRV-24,45,2025-08-11,2026-04-10,2026-04-15,2026-06-09,Delay,Settled,,800.0,9909.15,7675.33,2
CLM101981,POL12490,CUS22058,Travel,South,PRV-25,40,2024-05-09,2024-08-04,2024-08-06,,Medical,Approved,,800.0,14556.48,8439.96,0
CLM101982,POL10216,CUS23474,Motor,South,PRV-07,69,2025-03-22,2025-08-26,2025-09-05,2025-10-01,Collision,Settled,,2254.95,68579.18,66062.46,3
CLM101983,POL13003,CUS20008,Home,South,PRV-24,72,2025-08-22,2026-05-17,2026-05-27,2026-07-31,Storm,Settled,,6648.17,37811.31,24177.56,2
CLM101984,POL12549,CUS23349,Motor,North,PRV-18,42,2024-08-01,2024-10-27,2024-10-28,,Third Party,Approved,,4631.48,32688.12,31667.38,2
CLM101985,POL13174,CUS22995,Health,North,PRV-24,72,2024-03-07,2024-03-11,2024-03-12,,Emergency,Approved,,3712.34,27803.04,20348.5,0
CLM101986,POL13309,CUS21852,Health,North,PRV-08,53,2024-08-31,2024-09-26,2024-09-27,,Emergency,Approved,,6890.2,43980.31,35181.52,1
CLM101987,POL10847,CUS22135,Motor,East,PRV-08,42,2025-01-05,2025-10-06,2025-10-15,2025-12-20,Theft,Settled,,7023.06,58022.61,49746.24,1
CLM101988,POL10842,CUS21292,Motor,North,PRV-29,40,2025-01-25,2025-07-24,2025-08-03,,Theft,Approved,,9080.62,69772.63,40414.18,1
CLM101989,POL13695,CUS20451,Motor,Central,PRV-13,18,2024-10-25,2025-02-01,2025-02-05,2025-03-08,Third Party,Settled,,6597.04,44419.49,32704.58,0
CLM101990,POL12124,CUS22000,Motor,East,PRV-28,57,2025-08-01,2025-08-25,2025-08-26,,Third Party,Pending,,1640.99,33644.5,0.0,0
CLM101991,POL11751,CUS22857,Motor,Central,PRV-07,39,2024-12-24,2025-07-21,2025-07-28,2025-09-27,Theft,Settled,,8407.64,144597.26,90494.56,0
CLM101992,POL11148,CUS20808,Travel,North,PRV-10,58,2025-02-01,2025-02-13,2025-02-23,2025-04-17,Trip Cancellation,Settled,,3690.85,32548.7,27700.52,0
CLM101993,POL12556,CUS22509,Health,West,PRV-13,40,2025-08-16,2025-09-13,2025-09-23,,Surgery,Approved,,5499.66,123497.15,77127.48,0
CLM101994,POL13015,CUS22618,Home,East,PRV-05,24,2025-08-05,2026-01-30,2026-02-04,,Theft,Approved,,7309.36,56699.74,46057.06,1
CLM101995,POL10009,CUS22654,Home,South,PRV-13,70,2024-07-30,2025-02-07,2025-02-16,,Water Damage,Rejected,Insufficient Documents,6050.56,39078.72,0.0,1
CLM101996,POL12210,CUS21190,Home,East,PRV-05,70,2024-06-26,2024-12-14,2024-12-25,2025-02-11,Water Damage,Settled,,18653.13,119848.92,118567.16,1
CLM101997,POL13973,CUS21372,Health,North,PRV-05,36,2025-04-09,2026-01-06,2026-01-15,,Hospitalization,Pending,,1594.71,20315.48,0.0,4
CLM101998,POL11122,CUS21456,Home,East,PRV-06,32,2024-11-21,2025-02-10,2025-02-15,,Storm,Rejected,Coverage Limit,1908.62,31597.95,0.0,0
CLM101999,POL11123,CUS22989,Home,Central,PRV-11,52,2024-10-04,2025-03-20,2025-03-23,2025-05-07,Theft,Settled,,28697.63,165111.18,151057.28,0
CLM102000,POL13512,CUS23151,Home,East,PRV-19,62,2025-03-08,2025-06-08,2025-06-12,,Storm,Approved,,13089.76,78448.4,49100.51,1
CLM102001,POL10248,CUS21449,Travel,Central,PRV-12,46,2025-02-13,2025-06-02,2025-06-06,2025-08-02,Delay,Settled,,2666.09,34612.7,26365.23,1
CLM102002,POL11590,CUS23394,Health,North,PRV-06,72,2025-07-20,2025-09-04,2025-09-15,,Diagnostic,Rejected,Policy Exclusion,4103.61,25003.17,0.0,1
CLM102003,POL11833,CUS21996,Health,East,PRV-29,47,2024-08-14,2025-04-09,2025-04-17,2025-06-19,Surgery,Settled,,7412.78,45715.17,31057.08,2
CLM102004,POL13191,CUS21347,Home,South,PRV-06,35,2025-04-12,2025-11-09,2025-11-19,2026-01-08,Theft,Settled,,1643.81,20368.2,17928.75,2
CLM102005,POL10516,CUS20002,Health,Central,PRV-20,58,2024-05-20,2024-12-20,2024-12-29,2025-03-06,Diagnostic,Settled,,9435.13,111687.0,73536.61,2
CLM102006,POL11736,CUS22138,Home,West,PRV-13,74,2025-08-03,2025-09-15,2025-09-20,,Storm,Rejected,Policy Exclusion,10027.62,59060.89,0.0,1
CLM102007,POL10609,CUS22257,Motor,Central,PRV-02,56,2024-02-21,2024-03-28,2024-04-06,,Collision,Approved,,1957.67,13856.59,10358.63,2
CLM102008,POL13150,CUS23389,Motor,South,PRV-24,62,2025-04-10,2025-11-30,2025-12-07,,Collision,Approved,,9171.29,74788.78,47840.87,2
CLM102009,POL12529,CUS22513,Health,South,PRV-04,75,2024-03-04,2024-09-20,2024-09-28,2024-11-15,Hospitalization,Settled,,8148.15,47117.0,27046.14,2
CLM102010,POL11986,CUS20103,Motor,West,PRV-05,60,2025-06-29,2025-07-08,2025-07-11,2025-08-25,Collision,Settled,,11837.29,74106.15,60984.56,1
CLM102011,POL11571,CUS21984,Travel,East,PRV-02,67,2025-08-17,2026-03-04,2026-03-06,,Lost Baggage,Approved,,800.0,9090.43,7793.22,0
CLM102012,POL10612,CUS22599,Motor,North,PRV-05,24,2025-05-22,2026-03-12,2026-03-14,2026-04-02,Collision,Settled,,3344.98,31911.96,27324.25,0
CLM102013,POL13687,CUS21737,Health,Central,PRV-10,28,2025-05-03,2025-12-14,2025-12-17,2025-12-28,Hospitalization,Settled,,5491.12,33409.73,25855.19,2
CLM102014,POL12590,CUS21502,Motor,North,PRV-03,44,2024-10-23,2025-01-15,2025-01-26,2025-02-19,Theft,Settled,,2083.84,44646.3,32647.26,0
CLM102015,POL11276,CUS22834,Travel,South,PRV-06,63,2024-05-31,2024-09-03,2024-09-14,2024-09-27,Delay,Settled,,800.0,18983.46,15728.9,0
CLM102016,POL11655,CUS22139,Health,South,PRV-02,45,2025-09-03,2026-04-16,2026-04-17,2026-06-03,Surgery,Settled,,3341.19,21032.5,11883.33,0
CLM102017,POL12904,CUS22384,Motor,West,PRV-07,66,2024-11-24,2025-03-24,2025-03-30,2025-04-20,Theft,Settled,,8563.57,58411.56,38420.29,0
CLM102018,POL12878,CUS21624,Motor,East,PRV-05,69,2025-05-21,2025-12-28,2026-01-08,2026-01-28,Theft,Settled,,1082.47,19652.43,13068.55,3
CLM102019,POL11844,CUS20973,Health,Central,PRV-09,36,2025-03-18,2025-12-31,2026-01-09,2026-03-17,Emergency,Settled,,1077.61,18851.06,16971.43,0
CLM102020,POL11211,CUS21816,Travel,South,PRV-24,46,2025-03-10,2025-07-10,2025-07-17,,Trip Cancellation,Approved,,3737.38,24129.07,18063.02,2
CLM102021,POL12639,CUS23356,Travel,North,PRV-04,61,2024-08-06,2025-01-25,2025-02-01,,Trip Cancellation,Pending,,855.83,13944.44,0.0,2
CLM102022,POL12632,CUS22109,Motor,North,PRV-30,40,2024-09-21,2025-02-15,2025-02-18,2025-02-25,Glass Damage,Settled,,2704.45,52414.7,49939.52,1
CLM102023,POL12398,CUS22475,Health,Central,PRV-16,20,2024-09-29,2025-03-01,2025-03-12,,Surgery,Approved,,3150.83,18965.66,13720.13,3
CLM102024,POL10291,CUS20434,Motor,South,PRV-07,42,2025-01-08,2025-01-31,2025-01-31,,Theft,Pending,,3143.79,20853.25,0.0,0
CLM102025,POL11891,CUS23457,Health,South,PRV-05,60,2025-03-21,2026-01-11,2026-01-21,,Emergency,Rejected,Coverage Limit,2247.91,24820.17,0.0,1
CLM102026,POL12455,CUS20856,Health,South,PRV-06,73,2024-05-03,2024-10-12,2024-10-22,2024-11-06,Surgery,Settled,,16668.86,134528.16,131473.12,2
CLM102027,POL13800,CUS23399,Motor,West,PRV-23,30,2024-05-21,2024-07-29,2024-08-01,,Third Party,Approved,,1806.02,19099.26,17392.9,0
CLM102028,POL12102,CUS21560,Health,South,PRV-05,53,2024-01-31,2024-07-21,2024-07-27,2024-09-12,Diagnostic,Settled,,3410.64,47922.84,39156.52,2
CLM102029,POL11370,CUS23216,Home,Central,PRV-17,52,2024-11-22,2025-03-21,2025-03-31,2025-05-25,Fire,Settled,,7187.15,40372.61,35996.24,2
CLM102030,POL12223,CUS23121,Motor,West,PRV-02,46,2025-02-18,2025-10-22,2025-10-27,,Collision,Approved,,6565.49,58701.18,45927.48,0
CLM102031,POL10708,CUS22643,Motor,North,PRV-14,68,2024-05-10,2024-12-24,2024-12-27,,Glass Damage,Rejected,Coverage Limit,3466.84,27594.6,0.0,1
CLM102032,POL10362,CUS23207,Motor,South,PRV-26,62,2025-03-17,2025-07-10,2025-07-10,,Theft,Approved,,6222.63,68200.49,63295.83,0
CLM102033,POL12712,CUS22133,Motor,North,PRV-25,21,2024-01-02,2024-08-03,2024-08-08,,Theft,Approved,,2881.43,27413.13,19239.17,0
CLM102034,POL13944,CUS22970,Motor,Central,PRV-16,34,2025-06-21,2025-07-01,2025-07-04,,Third Party,Pending,,3346.24,45740.09,0.0,3
CLM102035,POL13384,CUS20602,Health,North,PRV-08,19,2025-03-03,2025-12-18,2025-12-28,,Hospitalization,Rejected,Policy Exclusion,2150.93,22787.19,0.0,0
CLM102036,POL12334,CUS20245,Motor,West,PRV-10,67,2025-02-27,2025-07-30,2025-08-09,2025-09-21,Collision,Settled,,4641.53,37379.97,32081.89,1
CLM102037,POL10161,CUS21901,Home,East,PRV-10,47,2025-03-14,2025-09-26,2025-09-29,,Water Damage,Rejected,Insufficient Documents,6846.67,45097.68,0.0,1
CLM102038,POL13951,CUS22834,Home,Central,PRV-07,54,2024-08-10,2025-02-19,2025-02-21,,Storm,Rejected,Coverage Limit,7278.29,48409.08,0.0,0
CLM102039,POL11798,CUS22678,Travel,South,PRV-20,30,2025-09-09,2025-12-12,2025-12-15,2026-01-28,Lost Baggage,Settled,,800.0,12686.14,12495.17,0
CLM102040,POL11158,CUS21847,Health,North,PRV-06,33,2025-04-07,2025-10-31,2025-11-04,2025-11-09,Diagnostic,Settled,,2877.1,26099.85,19827.56,1
CLM102041,POL13569,CUS21823,Motor,North,PRV-29,33,2024-04-22,2024-08-19,2024-08-27,,Third Party,Approved,,8798.78,102314.37,59417.2,2
CLM102042,POL12985,CUS22134,Motor,North,PRV-04,23,2025-07-25,2026-02-14,2026-02-15,2026-04-01,Glass Damage,Settled,,12925.96,106776.17,59608.06,0
CLM102043,POL12998,CUS23038,Motor,Central,PRV-19,41,2025-04-03,2025-04-30,2025-05-11,,Glass Damage,Approved,,4112.41,25345.96,24777.26,2
CLM102044,POL11111,CUS22946,Travel,South,PRV-20,47,2024-07-11,2024-08-24,2024-09-01,2024-10-03,Medical,Settled,,3230.05,22084.96,19174.65,1
CLM102045,POL13967,CUS20383,Travel,Central,PRV-20,60,2025-08-10,2026-05-14,2026-05-15,2026-05-31,Lost Baggage,Settled,,1326.7,16664.99,14487.28,1
CLM102046,POL11811,CUS22085,Health,Central,PRV-20,62,2024-06-02,2025-01-09,2025-01-12,2025-01-15,Diagnostic,Settled,,3701.87,26277.83,18827.02,0
CLM102047,POL12125,CUS21333,Motor,South,PRV-14,39,2025-02-03,2025-03-14,2025-03-22,2025-05-02,Collision,Settled,,1586.67,35098.03,27218.95,1
CLM102048,POL13003,CUS22797,Health,North,PRV-04,36,2025-02-19,2025-04-24,2025-04-30,2025-05-04,Emergency,Settled,,1535.11,31186.43,24989.06,3
CLM102049,POL12639,CUS21770,Motor,West,PRV-19,18,2025-08-20,2026-01-31,2026-02-06,,Theft,Approved,,885.98,13879.55,12424.48,1
CLM102050,POL10689,CUS23469,Travel,South,PRV-07,73,2024-12-19,2024-12-21,2024-12-21,2025-01-28,Delay,Settled,,3951.68,43926.18,34228.4,0
CLM102051,POL11209,CUS21513,Motor,South,PRV-07,28,2025-09-08,2026-01-07,2026-01-11,,Collision,Approved,,800.0,3660.06,2518.22,2
CLM102052,POL11444,CUS22376,Motor,North,PRV-25,49,2024-06-25,2024-10-01,2024-10-08,,Third Party,Approved,,3050.41,34015.55,26860.69,0
CLM102053,POL13790,CUS20380,Health,East,PRV-05,52,2025-05-12,2025-06-22,2025-06-30,2025-07-08,Diagnostic,Settled,,4791.02,38584.51,33049.53,1
CLM102054,POL12858,CUS23263,Motor,Central,PRV-17,67,2024-06-01,2024-08-30,2024-09-04,,Third Party,Rejected,Suspected Misrepresentation,2932.21,60300.79,0.0,0
CLM102055,POL11465,CUS20537,Health,Central,PRV-11,25,2025-09-11,2025-12-08,2025-12-14,,Hospitalization,Approved,,5825.56,53829.75,41079.15,0
CLM102056,POL12938,CUS21324,Home,West,PRV-06,25,2025-04-18,2025-05-09,2025-05-11,,Fire,Approved,,5874.92,82907.87,58455.37,1
CLM102057,POL12954,CUS22931,Motor,North,PRV-29,75,2025-01-23,2025-08-01,2025-08-10,2025-09-21,Third Party,Settled,,2455.63,28992.99,27637.91,0
CLM102058,POL11576,CUS23385,Health,East,PRV-20,49,2024-02-11,2024-05-03,2024-05-11,,Emergency,Rejected,Suspected Misrepresentation,7170.29,67432.61,0.0,0
CLM102059,POL11612,CUS21695,Health,Central,PRV-15,28,2024-11-04,2024-11-14,2024-11-22,,Diagnostic,Pending,,800.0,13388.8,0.0,1
CLM102060,POL13577,CUS21696,Motor,West,PRV-26,74,2024-03-30,2024-04-06,2024-04-14,,Collision,Rejected,Late Notification,3862.99,43780.64,0.0,0
CLM102061,POL12247,CUS20170,Motor,West,PRV-11,58,2025-07-22,2026-05-07,2026-05-18,2026-06-16,Glass Damage,Settled,,1795.45,12458.87,11411.91,1
CLM102062,POL10598,CUS23426,Motor,North,PRV-10,43,2024-08-23,2024-09-28,2024-10-08,,Theft,Approved,,0.0,89841.94,87002.39,0
CLM102063,POL12879,CUS20057,Motor,West,PRV-02,29,2025-05-30,2026-02-26,2026-03-07,2026-03-14,Collision,Settled,,4238.21,29292.61,17213.0,1
CLM102064,POL12358,CUS20091,Motor,South,PRV-23,63,2025-07-15,2025-09-03,2025-09-07,2025-08-29,Theft,Settled,,3249.1,50267.44,28091.97,1
CLM102065,POL12035,CUS21657,Home,Central,PRV-30,62,2024-03-09,2024-04-04,2024-04-04,2024-05-02,Fire,Settled,,5466.36,38192.69,33116.27,0
CLM102066,POL12900,CUS20012,Health,Central,PRV-26,58,2025-04-15,2025-09-26,2025-09-26,2025-12-06,Emergency,Settled,,3996.74,67558.17,56355.0,1
CLM102067,POL13628,CUS20575,Travel,North,PRV-01,61,2024-07-06,2025-03-23,2025-04-01,,Delay,Approved,,3117.06,18050.88,14431.61,1
CLM102068,POL11321,CUS22197,Health,East,PRV-11,37,2024-03-08,2024-03-30,2024-04-09,,Hospitalization,Approved,,2553.4,48118.45,35792.67,1
CLM102069,POL11677,CUS22467,Health,Central,PRV-29,65,2024-06-10,2024-09-17,2024-09-24,,Diagnostic,Pending,,6295.37,34978.79,0.0,1
CLM102070,POL10757,CUS21043,Health,West,PRV-28,66,2024-12-06,2025-07-20,2025-07-28,,Hospitalization,Pending,,3252.74,50548.79,0.0,1
CLM102071,POL12588,CUS22783,Motor,Central,PRV-07,23,2025-06-14,2025-07-05,2025-07-06,2025-08-11,Theft,Settled,,5166.81,37843.67,27909.0,0
CLM102072,POL11610,CUS22127,Motor,West,PRV-13,43,2025-03-04,2025-04-24,2025-04-30,,Collision,Rejected,Late Notification,3730.91,49242.32,0.0,0
CLM102073,POL11369,CUS20799,Health,North,PRV-17,66,2024-05-24,2024-08-24,2024-08-31,2024-11-05,Diagnostic,Settled,,1447.05,34186.52,33600.06,2
CLM102074,POL12786,CUS22493,Home,North,PRV-04,40,2024-07-02,2025-03-01,2025-03-02,,Fire,Approved,,2461.04,72954.74,53446.11,0
CLM102075,POL11632,CUS22072,Health,North,PRV-12,37,2024-07-07,2025-03-06,2025-03-15,,Emergency,Approved,,4306.46,82668.8,53243.1,1
CLM102076,POL11857,CUS22842,Motor,East,PRV-23,56,2025-04-01,2025-10-31,2025-11-04,2025-12-02,Collision,Settled,,4311.68,47271.39,46423.42,0
CLM102077,POL11760,CUS20540,Travel,North,PRV-23,23,2024-11-17,2025-06-05,2025-06-07,2025-07-30,Trip Cancellation,Settled,,1131.27,9666.3,8388.48,0
CLM102078,POL11034,CUS20807,Motor,North,PRV-06,30,2024-01-15,2024-01-23,2024-01-31,,Glass Damage,Approved,,22982.09,225806.56,180931.29,0
CLM102079,POL10503,CUS21062,Travel,Central,PRV-16,29,2024-02-17,2024-04-29,2024-05-04,2024-07-06,Delay,Settled,,2721.0,21843.33,19560.24,2
CLM102080,POL13308,CUS21194,Home,North,PRV-07,70,2024-02-16,2024-11-18,2024-11-24,,Fire,Approved,,5842.93,131675.14,85573.18,2
CLM102081,POL10366,CUS23110,Home,Central,PRV-23,31,2025-08-18,2026-03-22,2026-03-28,2026-05-08,Fire,Settled,,5994.63,45599.01,36529.36,0
CLM102082,POL11299,CUS22563,Home,West,PRV-20,21,2024-11-08,2025-01-20,2025-01-27,,Storm,Approved,,10523.69,71213.07,47933.48,0
CLM102083,POL12669,CUS21904,Motor,West,PRV-21,48,2024-10-31,2025-05-31,2025-06-04,,Glass Damage,Approved,,5391.14,83456.83,78310.21,0
CLM102084,POL10525,CUS21891,Health,East,PRV-16,70,2025-04-16,2025-11-19,2025-11-28,2026-01-05,Surgery,Settled,,3629.58,24394.4,14917.81,0
CLM102085,POL12622,CUS23100,Home,South,PRV-12,21,2024-04-28,2024-12-07,2024-12-17,,Fire,Approved,,4373.78,64795.99,41979.86,0
CLM102086,POL12932,CUS21563,Home,East,PRV-03,49,2024-01-20,2024-11-09,2024-11-14,2024-11-17,Fire,Settled,,7264.65,75194.64,49606.09,0
CLM102087,POL12651,CUS20788,Motor,West,PRV-23,74,2024-06-16,2024-11-25,2024-11-27,2025-01-16,Theft,Settled,,2048.43,13577.37,10141.37,1
CLM102088,POL11220,CUS20479,Motor,Central,PRV-25,56,2024-05-09,2024-05-27,2024-05-30,,Third Party,Approved,,18830.05,141490.88,86289.47,1
CLM102089,POL10079,CUS21155,Motor,South,PRV-13,51,2025-05-09,2026-01-09,2026-01-18,2026-02-06,Collision,Settled,,3960.72,37521.11,29829.17,1
CLM102090,POL13549,CUS22286,Health,North,PRV-01,73,2025-05-22,2025-05-27,2025-05-30,2025-07-30,Diagnostic,Settled,,1957.94,22913.26,20158.21,0
CLM102091,POL11306,CUS21648,Health,Central,PRV-17,21,2025-01-28,2025-08-08,2025-08-17,,Emergency,Rejected,Insufficient Documents,4479.34,39103.95,0.0,0
CLM102092,POL13220,CUS21476,Home,South,PRV-06,73,2025-07-18,2026-03-14,2026-03-21,,Fire,Approved,,7367.7,68241.03,64777.9,0
CLM102093,POL10791,CUS21680,Home,Central,PRV-28,28,2024-10-15,2024-11-22,2024-11-27,,Storm,Rejected,Policy Exclusion,8008.79,45577.94,0.0,0
CLM102094,POL10649,CUS23412,Health,South,PRV-19,67,2024-05-29,2025-01-23,2025-01-24,,Emergency,Pending,,6578.64,42739.86,0.0,0
CLM102095,POL13112,CUS23491,Motor,North,PRV-30,61,2024-07-24,2025-03-24,2025-03-30,,Theft,Pending,,1032.32,21749.18,0.0,2
CLM102096,POL13758,CUS20564,Health,East,PRV-24,62,2024-03-28,2024-10-10,2024-10-18,2024-11-09,Hospitalization,Settled,,5162.25,56198.53,45422.84,1
CLM102097,POL13442,CUS20400,Motor,West,PRV-27,41,2025-07-12,2025-10-17,2025-10-18,,Theft,Pending,,8885.69,75241.22,0.0,1
CLM102098,POL13004,CUS20855,Motor,South,PRV-14,51,2025-01-09,2025-03-11,2025-03-20,,Theft,Pending,,6668.1,49100.77,0.0,0
CLM102099,POL10986,CUS22981,Motor,West,PRV-29,49,2025-04-23,2025-11-20,2025-11-22,2025-12-21,Theft,Settled,,3113.09,54997.37,44292.5,1
CLM102100,POL13652,CUS21608,Motor,South,PRV-14,31,2024-06-23,2024-08-09,2024-08-13,,Glass Damage,Pending,,5521.61,35712.16,0.0,0
CLM102101,POL12671,CUS23022,Motor,East,PRV-12,74,2025-03-21,2025-10-09,2025-10-15,2025-12-11,Collision,Settled,,7718.66,61997.66,54510.25,0
CLM102102,POL10688,CUS22263,Health,East,PRV-29,43,2024-07-23,2024-09-12,2024-09-20,2024-10-07,Surgery,Settled,,2277.15,56764.88,53113.33,0
CLM102103,POL10517,CUS21936,Motor,West,PRV-11,61,2024-10-03,2025-01-12,2025-01-14,2025-03-26,Glass Damage,Settled,,876.62,22555.66,18563.27,1
CLM102104,POL13484,CUS20985,Motor,West,PRV-10,51,2025-02-08,2025-07-10,2025-07-14,2025-08-11,Collision,Settled,,6291.64,47331.64,28269.88,1
CLM102105,POL11100,CUS21204,Motor,Central,PRV-16,21,2025-08-31,2025-10-19,2025-10-28,,Collision,Pending,,4341.46,30289.43,0.0,0
CLM102106,POL13063,CUS20517,Health,West,PRV-17,32,2024-12-12,2025-08-07,2025-08-10,2025-09-12,Surgery,Settled,,4262.35,55671.71,45994.53,0
CLM102106,,CUS21817,Health,North,PRV-17,75,2025-03-16,2025-10-10,2025-10-17,,Emergency,Approved,,939.61,17306.15,15038.27,0
CLM102108,POL11122,CUS20981,Motor,North,PRV-20,52,2025-01-03,2025-01-08,2025-01-12,2025-02-22,Glass Damage,Settled,,5165.37,82022.0,72945.13,1
CLM102109,POL11134,CUS21023,Motor,West,PRV-14,38,2024-09-19,2025-05-31,2025-05-31,,Glass Damage,Pending,,7537.31,84847.38,0.0,1
CLM102110,POL11124,CUS20138,Travel,Central,PRV-28,50,2025-08-01,2026-03-04,2026-03-10,2026-05-10,Delay,Settled,,1184.32,9491.19,7784.44,0
CLM102111,POL12698,CUS22796,Health,South,PRV-27,48,2025-08-18,2026-04-26,2026-04-30,,Hospitalization,Approved,,3323.05,57138.3,56483.94,0
CLM102112,POL13657,CUS23287,Health,East,PRV-23,59,2024-07-11,2025-01-07,2025-01-10,2025-02-04,Surgery,Settled,,7803.25,52477.32,37086.03,1
CLM102113,POL13641,CUS21743,Health,West,PRV-11,71,2025-07-09,2026-01-13,2026-01-23,,Diagnostic,Approved,,2511.03,37293.87,24105.88,0
CLM102114,POL12966,CUS21876,Home,East,PRV-04,54,2024-10-06,2025-01-29,2025-02-07,2025-02-28,Fire,Settled,,6588.91,43509.87,42902.71,1
CLM102115,POL10810,CUS23240,Home,West,PRV-01,26,2025-04-03,2025-06-10,2025-06-13,2025-08-14,Storm,Settled,,9006.77,53419.23,51466.4,1
CLM102116,POL13842,CUS21790,Health,South,PRV-23,68,2024-11-16,2025-01-26,2025-02-01,,Diagnostic,Approved,,5862.81,107330.18,59373.84,0
CLM102117,POL12168,CUS22179,Health,Central,PRV-05,25,2025-04-20,2025-07-24,2025-08-01,,Emergency,Pending,,5874.85,35040.33,0.0,1
CLM102118,POL12183,CUS21498,Motor,North,PRV-19,42,2025-06-24,2025-09-19,2025-09-19,2025-10-01,Theft,Settled,,1885.81,13886.09,12229.19,0
CLM102119,POL12805,CUS21800,Health,East,PRV-14,31,2024-09-19,2025-05-03,2025-05-04,2025-05-09,Diagnostic,Settled,,7033.14,43127.33,27164.14,2
CLM102120,POL13076,CUS21826,Health,East,PRV-24,51,2025-03-10,2025-08-14,2025-08-20,2025-09-23,Hospitalization,Settled,,9614.54,117219.2,66153.22,1
CLM102121,POL13811,CUS22488,Motor,North,PRV-26,72,2024-11-10,2025-03-13,2025-03-24,,Collision,Pending,,9677.18,60653.29,0.0,0
CLM102122,POL12329,CUS22114,Travel,West,PRV-03,53,2025-05-10,2025-12-13,2025-12-24,2026-01-24,Lost Baggage,Settled,,2223.66,21904.25,17614.46,0
CLM102123,POL12440,CUS21763,Home,North,PRV-15,18,2024-04-28,2024-12-04,2024-12-09,,Fire,Rejected,Coverage Limit,3454.09,59094.93,0.0,1
CLM102124,POL12982,CUS20265,Motor,East,PRV-28,38,2025-03-28,2026-01-02,2026-01-10,,Theft,Rejected,Coverage Limit,2392.39,13329.02,0.0,1
CLM102125,POL11020,CUS23165,Travel,West,PRV-12,31,2025-01-04,2025-04-07,2025-04-12,2025-06-25,Delay,Settled,,2178.67,12651.1,7044.36,1
CLM102126,POL11230,CUS23108,Motor,North,PRV-24,56,2024-10-06,2024-12-18,2024-12-28,2025-03-11,Theft,Settled,,3278.6,67291.1,58991.17,0
CLM102127,POL12501,CUS20645,Health,West,PRV-23,40,2024-08-17,2024-08-19,2024-08-25,,Surgery,Approved,,2271.45,23076.97,21453.1,0
CLM102128,POL10256,CUS21026,Home,West,PRV-26,37,2025-03-11,2025-04-28,2025-05-08,2025-07-10,Water Damage,Settled,,14302.3,80381.9,70743.01,0
CLM102129,POL11281,CUS23406,Motor,West,PRV-03,72,2024-08-03,2025-01-31,2025-02-04,,Third Party,Approved,,6893.43,61401.73,37536.58,1
CLM102130,POL12871,CUS21123,Health,East,PRV-27,63,2024-01-21,2024-09-19,2024-09-30,,Emergency,Rejected,Policy Exclusion,11286.7,107941.42,0.0,0
CLM102131,POL13904,CUS22842,Health,West,PRV-01,49,2025-08-10,2026-02-06,2026-02-14,2026-04-24,Diagnostic,Settled,,4551.45,76748.11,75440.32,0
CLM102132,POL12077,CUS22750,Motor,West,PRV-03,70,2024-10-04,2025-07-28,2025-08-06,2025-08-16,Theft,Settled,,3334.59,35883.41,23920.2,1
CLM102133,POL11598,CUS23012,Health,Central,PRV-06,58,2024-04-12,2024-10-17,2024-10-17,,Surgery,Pending,,4374.12,41766.0,0.0,1
CLM102134,POL11761,CUS20056,Motor,Central,PRV-24,32,2024-05-19,2025-02-07,2025-02-16,2025-04-14,Collision,Settled,,12077.32,88086.46,66054.84,0
CLM102135,POL12741,CUS21690,Health,North,PRV-05,38,2025-05-29,2025-08-18,2025-08-19,,Hospitalization,Pending,,19554.64,200549.91,0.0,0
CLM102136,POL12177,CUS21979,Motor,West,PRV-22,51,2024-07-24,2024-10-29,2024-11-09,,Theft,Approved,,11554.0,92248.73,74622.92,0
CLM102137,POL10092,CUS22930,Motor,North,PRV-09,38,2024-06-23,2025-02-21,2025-02-23,2025-03-10,Theft,Settled,,1083.95,23966.65,18862.18,0
CLM102138,POL12156,CUS20785,Health,South,PRV-21,67,2024-10-29,2025-05-15,2025-05-24,2025-06-20,Emergency,Settled,,14705.08,101717.53,95231.27,0
CLM102139,POL11600,CUS21073,Motor,West,PRV-21,41,2024-01-18,2024-06-12,2024-06-19,,Glass Damage,Rejected,Suspected Misrepresentation,1238.15,40606.49,0.0,1
CLM102140,POL12803,CUS20629,Health,South,PRV-12,51,2024-12-13,2025-09-25,2025-09-29,,Hospitalization,Approved,,2267.9,17953.12,16067.78,2
CLM102141,POL13500,CUS22666,Health,Central,PRV-29,21,2024-01-26,2024-09-10,2024-09-20,2024-10-30,Surgery,Settled,,6628.37,43056.17,38923.91,0
CLM102142,POL13849,CUS23496,Home,North,PRV-08,42,2025-06-02,2025-08-30,2025-09-03,,Fire,Pending,,9314.77,64231.43,0.0,1
CLM102143,POL12440,,Motor,East,PRV-03,35,2024-09-23,2025-03-25,2025-03-25,,Collision,Rejected,Policy Exclusion,978.38,18779.75,0.0,1
CLM102144,POL11450,CUS20815,Home,East,PRV-19,58,2024-05-15,2024-09-11,2024-09-11,2024-09-24,Water Damage,Settled,,7063.36,45093.77,34531.12,1
CLM102145,POL11775,CUS21074,Home,Central,PRV-02,69,2024-10-08,2025-02-10,2025-02-20,2025-04-17,Storm,Settled,,3271.96,78128.11,50087.35,1
CLM102146,POL10705,CUS23111,Motor,North,PRV-09,41,2024-04-18,2024-12-15,2024-12-19,,Collision,Rejected,Coverage Limit,3081.83,77135.25,0.0,1
CLM102147,POL13743,CUS21560,Home,West,PRV-16,19,2024-07-17,2025-02-06,2025-02-15,,Theft,Approved,,2175.2,14180.76,13269.62,2
CLM102148,POL13389,CUS20986,Home,South,PRV-28,45,2024-03-22,2024-03-26,2024-03-26,2024-03-29,Water Damage,Settled,,4535.88,79052.43,68016.53,0
CLM102149,POL13415,CUS21128,Health,Central,PRV-22,43,2025-02-18,2025-08-09,2025-08-09,,Diagnostic,Pending,,6460.32,66560.84,0.0,2
CLM102150,POL11312,CUS22093,Health,North,PRV-19,75,2025-08-28,2026-03-10,2026-03-21,,Emergency,Approved,,11973.52,70227.97,41201.43,0
CLM102151,POL11288,CUS21354,Home,West,PRV-16,27,2024-10-27,2025-03-29,2025-03-30,2025-05-20,Storm,Settled,,1577.17,25709.96,21853.52,0
CLM102152,POL13426,CUS20491,Travel,Central,PRV-11,40,2024-03-02,2024-05-31,2024-06-08,2024-08-07,Delay,Settled,,800.0,2647.79,2360.07,2
CLM102153,POL12178,CUS22870,Health,East,PRV-25,20,2024-02-15,2024-08-27,2024-08-31,2024-11-05,Surgery,Settled,,3721.11,31624.32,30912.56,1
CLM102154,POL12818,CUS21477,Home,Central,PRV-01,70,2025-05-30,2026-03-10,2026-03-16,,Fire,Pending,,14138.33,155615.28,0.0,0
CLM102155,POL11959,CUS20898,Home,North,PRV-05,63,2024-08-03,2024-08-29,2024-08-30,,Storm,Rejected,Coverage Limit,1594.2,16121.78,0.0,0
CLM102156,POL11771,CUS22549,Home,East,PRV-05,61,2024-07-02,2024-12-30,2025-01-02,,Storm,Rejected,Late Notification,2660.18,29058.24,0.0,1
CLM102157,POL12528,CUS22608,Travel,West,PRV-19,53,2024-03-04,2024-12-02,2024-12-11,2024-12-16,Delay,Settled,,1553.27,10079.94,9136.12,3
CLM102158,POL13251,CUS20542,Motor,South,PRV-09,42,2025-02-15,2025-06-15,2025-06-21,2025-07-03,Theft,Settled,,4741.14,31171.65,17191.24,1
CLM102159,POL11336,CUS20257,Motor,South,PRV-02,63,2024-02-09,2024-05-20,2024-05-26,,Theft,Pending,,3467.76,40316.69,0.0,0
CLM102160,POL13236,CUS20158,Health,East,PRV-05,70,2025-07-14,2025-09-27,2025-10-08,2025-11-25,Hospitalization,Settled,,4233.67,31456.65,21604.01,1
CLM102161,POL10976,CUS22680,Health,South,PRV-20,27,2024-05-09,2024-07-16,2024-07-20,,Surgery,Rejected,Policy Exclusion,2782.35,25344.8,0.0,1
CLM102162,,CUS22190,Health,Central,PRV-17,26,2024-02-12,2024-06-08,2024-06-17,2024-08-12,Surgery,Settled,,13650.61,95973.71,64998.6,1
CLM102163,POL13650,CUS22772,Home,South,PRV-17,55,2025-03-10,2025-10-27,2025-11-04,2025-12-10,Water Damage,Settled,,1224.01,32634.24,28669.83,0
CLM102164,POL13817,CUS22192,Travel,South,PRV-22,73,2024-08-07,2024-10-01,2024-10-06,,Delay,Approved,,1360.54,16921.02,10728.39,0
CLM102165,POL13695,CUS21405,Health,East,PRV-16,55,2025-03-07,2025-05-16,2025-05-19,,Diagnostic,Approved,,1527.18,19001.63,17586.77,0
CLM102166,POL11264,CUS22063,Health,South,PRV-27,58,2024-01-25,2024-11-19,2024-11-23,,Hospitalization,Approved,,4067.37,34030.35,19833.08,1
CLM102167,POL13373,CUS22528,Motor,South,PRV-18,37,2025-06-18,2026-04-12,2026-04-22,,Third Party,Approved,,4309.44,70478.43,39527.26,2
CLM102168,POL13744,CUS21395,Health,East,PRV-20,49,2024-07-11,2024-09-17,2024-09-20,2024-10-01,Diagnostic,Settled,,8941.72,81470.49,49645.43,1
CLM102169,POL13912,CUS23202,Motor,West,PRV-10,26,2025-04-13,2025-08-17,2025-08-24,,Third Party,Approved,,7658.76,43274.99,31289.78,0
CLM102170,POL10083,CUS23148,Health,Central,PRV-18,43,2025-08-03,2025-12-02,2025-12-03,2026-01-12,Emergency,Settled,,1081.96,29621.69,25045.35,1
CLM102171,POL12979,CUS22802,Health,Central,PRV-06,69,2024-11-28,2025-02-25,2025-03-01,2025-05-01,Emergency,Settled,,9859.36,93438.98,71599.41,2
CLM102172,POL13986,CUS23472,Home,East,PRV-08,71,2024-07-26,2024-09-10,2024-09-21,,Water Damage,Approved,,800.0,12779.17,9764.17,1
CLM102173,POL13058,CUS21366,Health,South,PRV-29,52,2024-07-12,2024-07-31,2024-08-06,,Surgery,Approved,,10006.51,85263.21,80105.71,0
CLM102174,POL10932,CUS20399,Motor,North,PRV-27,64,2025-03-01,2025-09-01,2025-09-10,,Collision,Approved,,1609.21,24334.25,19508.06,1
CLM102175,POL13050,CUS21694,Motor,North,PRV-13,44,2024-01-04,2024-01-17,2024-01-20,2024-02-29,Glass Damage,Settled,,10214.89,61767.52,48081.27,2
CLM102176,POL10420,CUS22610,Motor,North,PRV-10,49,2024-04-01,2024-10-04,2024-10-13,2024-12-05,Glass Damage,Settled,,3774.14,48574.11,35883.82,3
CLM102177,POL11922,CUS22727,Travel,Central,PRV-19,38,2025-02-05,2025-03-06,2025-03-17,,Lost Baggage,Pending,,2138.24,12306.61,0.0,1
CLM102178,POL12504,CUS21359,Travel,North,PRV-22,65,2024-01-16,2024-03-03,2024-03-14,,Medical,Approved,,1522.32,49716.23,32776.13,0
CLM102179,POL11825,CUS21024,Motor,North,PRV-01,20,2024-06-28,2024-06-30,2024-07-05,2024-08-08,Third Party,Settled,,2782.12,17970.33,11141.69,0
CLM102180,POL12799,CUS21559,Motor,South,PRV-23,50,2025-02-05,2025-06-04,2025-06-12,,Glass Damage,Pending,,3343.83,48284.59,0.0,0
CLM102181,POL10960,CUS22813,Health,North,PRV-02,35,2024-06-04,2024-09-10,2024-09-20,,Hospitalization,Pending,,4477.67,74326.38,0.0,1
CLM102182,POL12424,CUS20212,Health,Central,PRV-02,60,2025-07-31,2025-11-08,2025-11-17,,Diagnostic,Pending,,8871.69,54554.11,0.0,0
CLM102183,POL12579,CUS21148,Motor,West,PRV-15,48,2025-08-27,2025-11-28,2025-12-09,,Third Party,Approved,,1928.15,25485.74,23845.64,1
CLM102184,POL12535,CUS20804,Motor,Central,PRV-20,54,2024-01-21,2024-10-28,2024-10-28,2024-12-17,Third Party,Settled,,11460.62,97469.37,66025.97,1
CLM102185,POL11157,CUS22820,Health,South,PRV-11,59,2024-04-18,2024-08-25,2024-08-31,2024-10-15,Diagnostic,Settled,,17496.71,124516.72,104646.7,3
CLM102186,POL11221,CUS21643,Motor,Central,PRV-28,29,2025-07-16,2026-03-15,2026-03-24,,Glass Damage,Approved,,7656.26,82431.54,51765.26,1
CLM102187,POL11031,CUS20303,Motor,West,PRV-13,63,2024-01-21,2024-03-31,2024-04-08,,Collision,Rejected,Coverage Limit,10777.82,238443.62,0.0,2
CLM102188,POL11847,CUS20916,Motor,North,PRV-21,30,2024-10-28,2025-03-22,2025-03-23,2025-06-02,Third Party,Settled,,6302.59,37437.32,26636.7,2
CLM102189,POL12343,CUS20155,Health,East,PRV-16,54,2025-08-11,2025-08-30,2025-09-05,,Emergency,Pending,,16860.83,132631.79,0.0,2
CLM102190,POL11450,CUS21664,Health,Central,PRV-15,59,2024-12-30,2025-03-18,2025-03-19,2025-04-26,Emergency,Settled,,8770.69,53525.62,29914.67,0
CLM102191,POL11639,CUS23491,Motor,Central,PRV-09,24,2024-07-08,2024-07-30,2024-07-31,2024-09-13,Theft,Settled,,11917.29,82098.15,56561.8,0
CLM102192,POL11145,CUS21985,Health,West,PRV-13,34,2024-01-04,2024-01-11,2024-01-12,2024-02-29,Emergency,Settled,,8627.05,59050.02,42554.04,0
CLM102193,POL10875,CUS23043,Health,East,PRV-12,30,2024-08-31,2024-10-25,2024-11-05,,Surgery,Approved,,5211.78,43987.8,24888.43,0
CLM102194,POL12629,CUS22599,Home,South,PRV-05,69,2024-12-01,2025-01-18,2025-01-21,2025-02-10,Water Damage,Settled,,972.81,31452.85,25159.52,0
CLM102195,POL13264,CUS23089,Travel,South,PRV-23,37,2024-02-20,2024-05-25,2024-05-30,,Delay,Rejected,Policy Exclusion,9553.59,58827.95,0.0,0
CLM102196,POL11162,CUS21088,Motor,North,PRV-07,48,2024-11-23,2025-07-04,2025-07-07,2025-08-23,Theft,Settled,,2455.72,15880.41,12257.74,0
CLM102197,POL13442,CUS23329,Home,East,PRV-01,41,2024-09-07,2024-10-22,2024-11-01,2024-12-01,Water Damage,Settled,,37152.79,267187.55,163001.18,0
CLM102198,POL12283,CUS20835,Health,Central,PRV-27,26,2024-07-21,2025-01-20,2025-01-30,2025-03-10,Diagnostic,Settled,,15419.91,95347.14,68877.29,3
CLM102199,POL10670,CUS21534,Health,North,PRV-21,28,2025-08-25,2025-12-13,2025-12-20,,Diagnostic,Approved,,5216.35,90512.53,89202.72,0
CLM102200,POL11463,CUS22384,Motor,South,PRV-12,62,2025-07-08,2025-11-06,2025-11-15,2026-01-09,Glass Damage,Settled,,1058.38,14643.08,10408.84,2
CLM102201,POL10030,CUS21003,Motor,Central,PRV-23,39,2025-03-06,2025-12-07,2025-12-08,2026-01-01,Third Party,Settled,,1857.65,34678.15,31447.28,0
CLM102202,POL10156,CUS20925,Motor,North,PRV-05,61,2025-01-01,2025-05-20,2025-05-31,,Collision,Rejected,Suspected Misrepresentation,4268.61,33613.01,0.0,0
CLM102203,POL11344,CUS20455,Travel,East,PRV-11,65,2024-10-20,2025-01-07,2025-01-12,2025-02-02,Medical,Settled,,1364.68,14251.19,8625.81,0
CLM102204,POL11817,CUS20014,Health,Central,PRV-12,55,2024-02-13,2024-04-25,2024-04-29,,Emergency,Pending,,6139.2,135234.72,0.0,0
CLM102205,POL13190,CUS21754,Health,South,PRV-15,27,2024-07-09,2024-08-29,2024-08-31,2024-10-14,Surgery,Settled,,3115.9,26781.39,22543.59,2
CLM102206,POL10537,CUS23453,Health,Central,PRV-14,70,2024-01-07,2024-09-03,2024-09-13,,Hospitalization,Pending,,2155.11,26656.36,0.0,0
CLM102207,POL13356,CUS20770,Motor,South,PRV-13,53,2024-08-14,2025-03-01,2025-03-03,2025-03-25,Collision,Settled,,2879.91,27804.73,20621.82,1
CLM102208,POL10938,CUS21540,Motor,Central,PRV-11,61,2024-10-20,2025-01-09,2025-01-19,,Collision,Approved,,4593.57,66374.13,59239.96,1
CLM102209,POL10553,CUS23274,Health,Central,PRV-12,71,2025-01-13,2025-06-09,2025-06-17,2025-06-23,Hospitalization,Settled,,891.87,16463.62,15931.51,0
CLM102210,POL12799,CUS22703,Health,West,PRV-01,62,2024-08-08,2025-01-07,2025-01-16,2025-02-04,Emergency,Settled,,6153.81,63037.05,36996.54,1
CLM102211,POL13097,CUS20014,Home,East,PRV-01,45,2024-06-06,2024-06-21,2024-06-21,,Theft,Rejected,Coverage Limit,10276.16,160760.26,0.0,2
CLM102212,POL12419,CUS21752,Health,East,PRV-12,47,2025-03-16,2025-12-13,2025-12-21,2026-01-11,Diagnostic,Settled,,4841.82,53352.14,50136.74,1
CLM102213,POL10462,CUS20501,Health,South,PRV-21,19,2024-04-04,2024-11-26,2024-12-07,2024-12-30,Hospitalization,Settled,,5051.18,57832.66,33867.6,1
CLM102214,POL10461,CUS20864,Home,West,PRV-27,62,2024-03-18,2024-08-26,2024-08-30,,Theft,Rejected,Late Notification,5391.97,31520.25,0.0,1
CLM102215,POL11560,CUS20862,Motor,North,PRV-28,31,2025-03-07,2025-10-07,2025-10-12,,Glass Damage,Approved,,1050.99,18112.13,10639.84,0
CLM102216,POL11802,CUS22143,Health,South,PRV-09,42,2024-12-29,2025-01-31,2025-02-01,2025-04-13,Emergency,Settled,,2597.08,35592.8,26110.41,1
CLM102217,POL13994,CUS20696,Health,North,PRV-17,46,2025-06-23,2026-04-12,2026-04-17,2026-05-21,Surgery,Settled,,6843.75,45999.21,34555.63,0
CLM102218,POL11145,CUS20881,Motor,East,PRV-11,44,2025-04-03,2025-10-12,2025-10-20,,Third Party,Rejected,Policy Exclusion,800.0,10477.36,0.0,0
CLM102219,POL10770,CUS20790,Motor,West,PRV-02,73,2025-07-12,2026-04-19,2026-04-22,2026-06-21,Theft,Settled,,3520.86,34504.84,20245.38,0
CLM102220,POL13783,CUS21249,Motor,East,PRV-22,52,2025-02-15,2025-11-01,2025-11-09,,Glass Damage,Approved,,8355.66,57907.98,42725.92,2
CLM102221,POL10615,CUS22296,Motor,West,PRV-02,66,2025-06-05,2025-11-27,2025-11-28,,Glass Damage,Pending,,1257.94,41031.04,0.0,0
CLM102222,POL10105,CUS21399,Health,South,PRV-05,61,2024-04-14,2024-07-10,2024-07-18,2024-08-24,Hospitalization,Settled,,9364.98,53981.83,47593.84,0
CLM102223,POL11691,CUS21146,Motor,North,PRV-26,56,2024-11-24,2025-06-18,2025-06-25,,Theft,Rejected,Insufficient Documents,4522.65,45488.03,0.0,3
CLM102224,POL11604,CUS21811,Health,South,PRV-26,23,2025-08-08,2026-01-09,2026-01-11,2026-01-31,Hospitalization,Settled,,5823.53,40464.35,23528.51,2
CLM102225,POL12478,CUS22152,Motor,East,PRV-18,26,2025-05-04,2025-09-04,2025-09-08,,Third Party,Approved,,5692.94,33862.13,25297.85,1
CLM102226,POL13510,CUS20053,Motor,South,PRV-17,46,2024-09-06,2025-04-07,2025-04-09,,Theft,Pending,,1368.63,8473.43,0.0,1
CLM102227,POL13731,CUS23115,Motor,North,PRV-23,66,2025-07-28,2026-04-20,2026-04-27,2026-06-23,Third Party,Settled,,4828.58,76575.03,62687.78,0
CLM102228,POL11158,CUS23207,Motor,West,PRV-17,18,2024-07-12,2024-09-02,2024-09-09,,Glass Damage,Rejected,Insufficient Documents,5336.16,47106.77,0.0,0
CLM102229,POL13923,CUS22108,Travel,South,PRV-23,66,2024-01-15,2024-06-29,2024-07-05,2024-07-10,Delay,Settled,,0.0,51603.84,50462.7,0
CLM102230,POL12530,CUS22011,Motor,East,PRV-04,47,2025-05-08,2025-12-27,2025-12-29,2026-01-28,Collision,Settled,,1101.2,10024.21,7021.2,0
CLM102231,POL10278,CUS22430,Motor,North,PRV-30,49,2024-09-12,2024-12-19,2024-12-21,2024-12-26,Collision,Settled,,4395.78,29914.52,18242.78,0
CLM102232,POL13753,CUS21543,Motor,North,PRV-03,43,2024-01-22,2024-05-04,2024-05-13,2024-05-27,Glass Damage,Settled,,1709.74,20556.65,12082.49,0
CLM102233,POL10551,CUS21279,Motor,East,PRV-23,45,2024-05-06,2024-05-09,2024-05-14,2024-07-06,Collision,Settled,,1673.25,16472.02,9996.68,0
CLM102234,POL12354,CUS21234,Health,Central,PRV-26,21,2024-02-14,2024-05-21,2024-05-26,,Surgery,Approved,,1464.63,12084.72,10358.03,1
CLM102235,POL13162,CUS20559,Home,West,PRV-01,43,2025-09-09,2026-03-04,2026-03-07,2026-04-15,Storm,Settled,,4158.38,58913.46,35572.2,0
CLM102236,POL10997,CUS22944,Motor,East,PRV-07,38,2025-06-09,2026-03-27,2026-04-07,,Theft,Pending,,3236.97,26753.91,0.0,1
CLM102237,POL11082,CUS21122,Health,North,PRV-09,42,2025-07-30,2026-01-04,2026-01-06,2026-01-20,Hospitalization,Settled,,845.27,16150.64,13672.2,0
CLM102238,POL11904,CUS20995,Health,Central,PRV-14,34,2024-04-22,2024-07-18,2024-07-27,2024-09-29,Emergency,Settled,,800.0,4302.31,4216.21,0
CLM102239,POL13539,CUS23374,Home,South,PRV-06,51,2025-05-12,2026-01-10,2026-01-19,,Theft,Rejected,Policy Exclusion,1866.72,36257.78,0.0,2
CLM102240,POL10894,CUS21773,Health,South,PRV-16,69,2024-12-15,2025-02-10,2025-02-12,2025-04-18,Surgery,Settled,,4587.22,31344.39,20093.12,1
CLM102241,POL12653,CUS22176,Motor,Central,PRV-29,23,2024-07-02,2024-08-27,2024-08-27,,Third Party,Pending,,1596.98,27020.25,0.0,2
CLM102242,POL11810,CUS20859,Health,East,PRV-01,43,2025-02-18,2025-07-24,2025-07-26,2025-08-13,Diagnostic,Settled,,9458.92,74527.97,66743.53,2
CLM102243,POL10447,CUS20971,Home,North,PRV-27,32,2025-08-13,2026-04-14,2026-04-17,,Theft,Pending,,2920.61,24924.17,0.0,0
CLM102244,POL12843,CUS22549,Health,West,PRV-22,23,2024-10-12,2024-12-15,2024-12-23,,Emergency,Rejected,Policy Exclusion,4199.45,44770.35,0.0,1
CLM102245,POL13330,CUS21578,Travel,South,PRV-14,62,2024-01-19,2024-01-24,2024-01-30,2024-04-01,Delay,Settled,,2044.3,16119.8,9079.92,2
CLM102246,POL12302,CUS20517,Home,Central,PRV-17,41,2025-06-06,2026-01-09,2026-01-14,2026-02-23,Water Damage,Settled,,8507.68,54196.86,44549.58,2
CLM102247,POL10705,CUS22924,Motor,East,PRV-05,48,2024-04-26,2024-10-19,2024-10-24,2024-11-08,Glass Damage,Settled,,800.0,6126.3,4441.5,3
CLM102248,POL10622,CUS21409,Home,East,PRV-28,55,2024-04-23,2024-11-15,2024-11-26,2025-02-05,Storm,Settled,,3262.13,24813.77,20476.47,1
CLM102249,POL11693,CUS22339,Health,Central,PRV-02,29,2025-01-17,2025-05-16,2025-05-27,2025-07-11,Hospitalization,Settled,,6704.59,73259.33,66078.03,0
CLM102250,POL12025,CUS21194,Health,North,PRV-04,71,2025-05-10,2025-06-15,2025-06-15,2025-08-13,Surgery,Settled,,8751.08,66756.96,40079.5,1
CLM102251,POL12208,CUS21962,Health,West,PRV-22,69,2025-05-06,2025-08-14,2025-08-24,2025-09-22,Diagnostic,Settled,,3369.67,20896.44,20391.44,0
CLM102252,POL10974,CUS22714,Home,East,PRV-06,68,2025-06-22,2025-11-10,2025-11-14,,Storm,Approved,,2540.69,19860.7,16248.05,1
CLM102253,POL12003,CUS23098,Health,West,PRV-03,34,2025-07-01,2025-11-08,2025-11-17,2026-01-23,Diagnostic,Settled,,1451.36,26889.83,19411.29,0
CLM102254,POL11180,CUS20725,Health,East,PRV-08,43,2024-03-20,2024-12-11,2024-12-22,,Diagnostic,Approved,,3316.31,35882.95,35545.17,2
CLM102255,POL12744,CUS22353,Motor,West,PRV-18,33,2024-07-05,2024-09-10,2024-09-16,2024-11-04,Theft,Settled,,1627.26,14475.15,13248.11,1
CLM102256,POL13185,CUS23201,Health,East,PRV-10,54,2025-03-22,2025-06-24,2025-07-01,2025-08-29,Hospitalization,Settled,,3455.75,70480.1,43904.21,0
CLM102257,POL12610,CUS22249,Travel,East,PRV-26,35,2024-08-30,2024-10-24,2024-10-29,2024-11-26,Delay,Settled,,980.76,7750.52,4571.62,1
CLM102258,POL10004,CUS20500,Health,Central,PRV-29,74,2025-03-19,2025-09-06,2025-09-06,2025-10-26,Diagnostic,Settled,,15452.48,112803.1,108888.65,2
CLM102259,POL13968,CUS20664,Motor,South,PRV-13,32,2024-10-08,2025-06-06,2025-06-06,2025-07-14,Theft,Settled,,14154.83,98040.54,79725.62,2
CLM102260,POL10095,CUS20709,Home,Central,PRV-18,26,2024-10-06,2025-06-28,2025-07-02,,Storm,Approved,,800.0,11176.65,8478.04,1
CLM102261,POL13997,CUS20372,Home,West,PRV-18,46,2024-01-17,2024-03-26,2024-04-04,2024-05-14,Fire,Settled,,6364.64,46877.54,27413.36,1
CLM102262,POL10127,CUS22638,Health,West,PRV-09,69,2025-01-12,2025-05-21,2025-05-25,,Surgery,Approved,,3350.1,39446.51,31312.6,0
CLM102263,POL12065,CUS23377,Motor,West,PRV-15,19,2025-06-19,2026-01-26,2026-01-31,,Glass Damage,Approved,,1884.99,30558.71,20540.63,0
CLM102264,POL10423,CUS21809,Health,North,PRV-07,67,2025-05-22,2025-06-05,2025-06-11,,Surgery,Approved,,1451.97,13363.47,8511.1,2
CLM102265,POL10380,CUS22096,Motor,East,PRV-29,65,2024-07-28,2025-02-26,2025-03-01,2025-04-26,Glass Damage,Settled,,9417.48,81249.69,58985.44,2
CLM102266,POL12733,CUS22707,Motor,West,PRV-16,71,2025-02-23,2025-04-05,2025-04-10,,Glass Damage,Pending,,15665.79,159020.02,0.0,0
CLM102267,POL12911,CUS21454,Health,Central,PRV-13,50,2024-05-03,2024-05-13,2024-05-20,2024-07-13,Hospitalization,Settled,,19050.17,122017.34,99936.95,1
CLM102268,POL10472,CUS21653,Travel,West,PRV-07,74,2025-01-27,2025-03-02,2025-03-12,,Trip Cancellation,Pending,,874.33,16382.64,0.0,1
CLM102269,POL13906,CUS22061,Motor,South,PRV-05,41,2024-09-10,2025-06-01,2025-06-10,,Glass Damage,Approved,,2082.36,22864.7,19726.51,3
CLM102270,POL11281,CUS21066,Home,West,PRV-03,27,2025-07-28,2026-02-17,2026-02-26,,Water Damage,Approved,,6504.92,92857.82,52026.38,0
CLM102271,POL11273,CUS20216,Travel,Central,PRV-10,19,2025-03-16,2025-11-08,2025-11-14,,Medical,Approved,,800.0,12068.58,7591.28,0
CLM102272,POL11187,CUS21987,Motor,South,PRV-19,50,2024-02-15,2024-09-09,2024-09-17,2024-11-02,Collision,Settled,,1387.17,17155.25,15397.84,0
CLM102273,POL11844,CUS22877,Motor,Central,PRV-29,21,2025-06-23,2026-02-17,2026-02-18,,Collision,Approved,,7597.59,55170.42,44611.11,1
CLM102274,POL10711,CUS20256,Health,North,PRV-21,27,2025-03-24,2025-08-20,2025-08-21,,Hospitalization,Pending,,2164.18,19948.73,0.0,0
CLM102275,POL11699,CUS20758,Home,Central,PRV-05,73,2024-05-13,2025-01-10,2025-01-21,,Water Damage,Pending,,5145.24,55437.27,0.0,1
CLM102276,POL10839,CUS20920,Health,West,PRV-03,33,2024-06-24,2024-07-11,2024-07-18,2024-08-08,Surgery,Settled,,1148.98,11352.94,8372.46,0
CLM102277,,CUS22815,Health,North,PRV-16,27,2024-04-17,2024-10-09,2024-10-10,2024-12-13,Emergency,Settled,,6857.2,89199.08,59619.14,2
CLM102278,POL11474,CUS21766,Health,East,PRV-16,64,2024-07-11,2025-02-22,2025-02-26,,Diagnostic,Approved,,2484.76,51418.14,45732.0,1
CLM102279,POL12689,CUS21870,Home,East,PRV-03,36,2025-08-08,2026-06-02,2026-06-13,2026-06-30,Fire,Settled,,2465.04,20790.75,14806.43,0
CLM102280,POL13052,CUS22258,Health,South,PRV-18,68,2025-07-13,2025-10-29,2025-10-29,,Hospitalization,Approved,,949.06,6231.17,4699.09,1
CLM102281,POL11413,CUS20968,Motor,West,PRV-04,34,2024-12-07,2025-01-30,2025-02-04,2025-03-09,Collision,Settled,,3453.21,23276.21,21817.95,0
CLM102282,POL11294,CUS22497,Motor,East,PRV-20,44,2024-08-12,2025-03-16,2025-03-26,2025-04-18,Theft,Settled,,6719.49,103374.78,63819.54,0
CLM102283,POL13149,CUS20105,Motor,West,PRV-30,19,2024-08-14,2024-09-05,2024-09-16,,Third Party,Approved,,10862.35,114168.53,91853.83,0
CLM102284,POL12724,CUS20398,Travel,West,PRV-01,61,2025-08-16,2026-04-06,2026-04-10,,Medical,Approved,,1313.55,11643.09,6948.33,0
CLM102285,POL13328,CUS22855,Travel,South,PRV-09,70,2024-05-03,2024-11-30,2024-12-10,,Trip Cancellation,Approved,,1221.37,8122.58,8041.64,2
CLM102286,POL13624,CUS22303,Home,East,PRV-24,29,2025-04-14,2025-11-07,2025-11-15,,Water Damage,Approved,,3855.35,64821.89,44748.82,2
CLM102287,POL13284,CUS20617,Motor,East,PRV-22,56,2025-09-09,2025-12-06,2025-12-10,,Collision,Approved,,1190.0,23878.9,22914.25,0
CLM102288,POL13745,CUS21535,Health,South,PRV-16,44,2025-06-14,2025-07-20,2025-07-29,,Hospitalization,Approved,,6544.6,38555.83,27573.35,0
CLM102289,POL11666,CUS20181,Motor,East,PRV-29,68,2025-03-21,2025-09-19,2025-09-28,,Collision,Approved,,4439.57,85610.2,79684.05,1
CLM102290,POL11578,CUS22351,Motor,North,PRV-13,18,2025-07-11,2025-10-28,2025-10-31,,Collision,Approved,,8607.42,48256.92,43145.19,1
CLM102291,POL11286,CUS22645,Motor,South,,73,2024-05-15,2024-09-10,2024-09-11,,Glass Damage,Pending,,3035.8,25330.81,0.0,1
CLM102292,POL10940,CUS20974,Home,North,PRV-14,63,2025-09-01,2025-10-28,2025-11-06,,Storm,Rejected,Coverage Limit,1824.65,17402.55,0.0,1
CLM102293,POL12995,CUS21225,Motor,East,PRV-30,47,2024-02-26,2024-06-05,2024-06-05,,Third Party,Pending,,1294.37,22186.26,0.0,1
CLM102294,POL12857,CUS20828,Health,South,PRV-14,33,2024-01-09,2024-09-14,2024-09-23,2024-11-04,Emergency,Settled,,18383.18,115562.27,64546.07,2
CLM102295,POL13205,CUS21362,Travel,East,PRV-04,34,2024-05-03,2025-01-26,2025-01-30,,Delay,Pending,,1377.09,24668.02,0.0,1
CLM102296,POL10669,CUS20953,Health,West,PRV-26,19,2025-01-12,2025-04-27,2025-05-05,,Emergency,Rejected,Late Notification,1796.53,19919.31,0.0,0
CLM102297,POL11965,CUS20864,Motor,East,PRV-13,22,2024-06-02,2024-07-15,2024-07-22,2024-08-28,Collision,Settled,,2427.94,65258.18,41135.13,2
CLM102298,POL10887,CUS21505,Travel,North,PRV-21,38,2025-01-27,2025-02-07,2025-02-07,,Delay,Rejected,Insufficient Documents,800.0,13972.82,0.0,0
CLM102299,POL13572,CUS23007,Health,South,PRV-13,54,2024-03-09,2024-05-05,2024-05-05,,Surgery,Approved,,4321.36,30991.58,27712.63,0
CLM102300,POL11069,CUS22669,Health,South,PRV-09,38,2025-03-08,2025-03-11,2025-03-18,2025-04-25,Diagnostic,Settled,,2621.42,42860.73,51284.840534829884,2
CLM102301,POL10575,CUS21040,Health,East,PRV-08,22,2024-05-22,2024-12-08,2024-12-14,,Emergency,Rejected,Late Notification,4771.14,39720.19,0.0,0
CLM102302,POL12279,CUS23299,Home,West,PRV-01,59,2024-11-20,2025-06-01,2025-06-01,2025-07-06,Water Damage,Settled,,10884.28,78580.82,64315.75,2
CLM102303,POL13516,CUS20735,Health,East,PRV-03,24,2024-03-13,2024-11-02,2024-11-13,2025-01-22,Surgery,Settled,,2227.64,21467.52,13076.08,0
CLM102304,POL13662,CUS23187,Health,West,PRV-12,39,2025-08-24,2025-12-02,2025-12-04,2026-02-02,Hospitalization,Settled,,5602.78,43613.35,24038.33,0
CLM102305,POL10384,CUS21082,Health,West,PRV-24,74,2024-08-22,2025-04-28,2025-05-08,2025-07-17,Hospitalization,Settled,,1856.58,28056.76,17081.81,0
CLM102306,POL11303,CUS21890,Motor,South,PRV-06,35,2025-01-09,2025-03-01,2025-03-02,,Collision,Rejected,Coverage Limit,13461.09,88165.78,0.0,1
CLM102307,POL10614,CUS20711,Home,South,PRV-21,38,2024-10-28,2025-01-06,2025-01-08,,Water Damage,Approved,,12702.57,208460.63,178196.45,0
CLM102308,POL11231,CUS22667,Motor,Central,PRV-19,18,2025-01-04,2025-10-05,2025-10-11,,Glass Damage,Pending,,13034.26,109908.4,0.0,3
CLM102309,POL12135,CUS21111,Health,West,PRV-21,19,2024-10-09,2025-06-30,2025-07-06,,Surgery,Pending,,7207.89,46388.93,0.0,0
CLM102310,POL11122,CUS23053,Health,East,PRV-20,63,2024-02-15,2024-08-13,2024-08-20,2024-09-01,Diagnostic,Settled,,21657.25,145370.09,128509.81,0
CLM102311,POL10270,CUS20290,Motor,East,PRV-26,32,2025-05-29,2025-11-28,2025-11-30,2025-12-23,Collision,Settled,,1122.1,29771.49,29603.64,0
CLM102312,POL12040,CUS21757,Health,Central,PRV-10,22,2025-02-02,2025-08-31,2025-09-03,,Diagnostic,Rejected,Late Notification,2781.02,32688.07,0.0,0
CLM102313,POL10211,CUS20554,Health,Central,PRV-21,70,2024-06-06,2025-02-08,2025-02-11,2025-03-09,Emergency,Settled,,13350.23,84555.7,47319.49,2
CLM102314,POL10906,CUS23111,Motor,West,PRV-26,37,2024-02-22,2024-05-02,2024-05-07,,Theft,Rejected,Coverage Limit,945.94,6000.57,0.0,0
CLM102315,POL10002,CUS21459,Motor,Central,PRV-20,24,2025-07-03,2025-07-24,2025-08-04,2025-08-23,Theft,Settled,,3284.35,26178.15,17573.84,1
CLM102316,POL10347,CUS22360,Home,North,,32,2024-07-25,2024-09-19,2024-09-24,,Storm,Approved,,7168.95,154904.96,134225.0,2
CLM102317,POL11745,CUS23078,Travel,East,PRV-25,26,2025-07-17,2025-11-01,2025-11-12,2026-01-19,Lost Baggage,Settled,,1893.15,20886.44,17552.3,0
CLM102318,POL13402,CUS21874,Health,West,PRV-15,73,2025-04-19,2025-06-29,2025-07-02,2025-08-28,Surgery,Settled,,13973.39,80227.16,51533.97,0
CLM102319,POL13098,CUS20200,Motor,West,PRV-24,64,2025-08-18,2026-01-22,2026-01-24,2026-03-06,Collision,Settled,,6967.16,151523.3,130935.44,0
CLM102320,POL10395,CUS20772,Motor,South,PRV-15,53,2025-02-13,2025-03-27,2025-03-28,2025-05-31,Glass Damage,Settled,,5747.57,38263.44,25849.72,1
CLM102321,POL10139,CUS20744,Motor,East,PRV-28,59,2024-04-22,2024-10-12,2024-10-14,2024-11-05,Third Party,Settled,,7194.92,77637.61,66054.58,0
CLM102322,POL11352,CUS23199,Health,East,PRV-03,19,2024-01-22,2024-08-22,2024-08-25,2024-11-01,Hospitalization,Settled,,4822.15,34028.03,23474.4,1
CLM102323,POL12609,CUS23179,Travel,South,PRV-30,43,2024-06-01,2024-07-01,2024-07-05,2024-09-01,Lost Baggage,Settled,,1748.54,45837.23,29548.7,2
CLM102324,POL12986,CUS21669,Home,West,PRV-27,57,2024-09-29,2024-12-24,2025-01-01,,Storm,Approved,,800.0,8082.67,6245.31,0
CLM102325,POL13292,CUS23115,Motor,West,PRV-09,61,2025-01-21,2025-07-02,2025-07-07,2025-08-24,Glass Damage,Settled,,4902.95,65290.54,64724.94,2
CLM102326,POL11368,CUS20861,Travel,Central,PRV-05,69,2025-07-09,2025-07-29,2025-08-06,2025-10-17,Medical,Settled,,1251.9,7798.7,6558.44,0
CLM102327,POL10672,CUS22378,Health,Central,PRV-18,64,2024-03-28,2024-10-13,2024-10-14,,Surgery,Rejected,Suspected Misrepresentation,5039.35,38185.6,0.0,0
CLM102328,POL10105,CUS21371,Motor,North,PRV-19,56,2025-01-28,2025-09-11,2025-09-22,,Glass Damage,Approved,,3228.94,26515.95,20769.95,1
CLM102329,POL10587,CUS20841,Health,Central,PRV-12,27,2024-02-23,2024-06-11,2024-06-12,,Emergency,Approved,,6175.73,34376.11,25691.79,1
CLM102330,POL10260,CUS20875,Motor,Central,PRV-20,48,2024-10-25,2024-10-28,2024-10-28,,Third Party,Rejected,Late Notification,2500.42,30457.9,0.0,1
CLM102331,POL13443,CUS21469,Home,North,PRV-17,48,2024-02-15,2024-07-14,2024-07-19,2024-08-30,Water Damage,Settled,,5169.35,32813.41,28003.94,3
CLM102332,POL11073,CUS21188,Motor,Central,PRV-11,36,2024-08-19,2025-05-06,2025-05-13,2025-05-22,Glass Damage,Settled,,2001.16,43082.14,27679.15,1
CLM102333,POL13292,CUS20739,Health,East,PRV-15,53,2025-01-10,2025-04-08,2025-04-10,,Diagnostic,Approved,,4384.4,78843.34,62317.97,0
CLM102334,POL12212,CUS21169,Health,East,PRV-03,53,2025-04-03,2025-12-13,2025-12-14,2026-02-26,Diagnostic,Settled,,1495.17,14699.72,8553.91,2
CLM102335,POL12155,CUS20450,Travel,Central,PRV-17,63,2025-05-13,2026-01-29,2026-02-08,,Delay,Approved,,2771.94,15937.87,14433.87,0
CLM102336,POL11819,CUS23393,Health,East,PRV-20,20,2024-11-21,2025-02-13,2025-02-22,2025-03-17,Surgery,Settled,,6325.64,46680.12,26040.18,1
CLM102337,POL13276,CUS21329,Health,South,PRV-29,30,2024-06-09,2024-12-06,2024-12-15,2025-02-01,Diagnostic,Settled,,3150.61,67206.55,46685.59,2
CLM102338,POL10173,CUS20375,Motor,North,PRV-11,31,2025-07-20,2025-08-02,2025-08-04,,Collision,Approved,,6786.62,39175.57,28304.06,2
CLM102339,POL10371,CUS22015,Travel,South,PRV-03,31,2025-08-01,2026-01-13,2026-01-19,,Lost Baggage,Rejected,Policy Exclusion,3127.43,21589.67,0.0,0
CLM102340,POL11693,CUS23090,Health,South,PRV-05,71,2025-08-22,2026-05-12,2026-05-20,2026-06-14,Diagnostic,Settled,,2487.13,17703.14,17492.72,1
CLM102341,POL11577,CUS21259,Motor,East,PRV-27,36,2025-05-06,2026-02-13,2026-02-18,2026-04-15,Glass Damage,Settled,,5316.51,47164.21,30001.12,2
CLM102342,POL12182,CUS22958,Home,West,PRV-28,59,2025-04-27,2025-06-26,2025-06-28,,Water Damage,Pending,,5444.4,61152.45,0.0,1
CLM102343,POL12951,CUS22137,Motor,South,PRV-24,69,2024-02-18,2024-09-04,2024-09-13,2024-09-19,Glass Damage,Settled,,1659.92,35709.07,29630.17,0
CLM102344,POL12350,CUS22587,Motor,Central,PRV-15,23,2024-12-20,2025-01-09,2025-01-20,,Third Party,Pending,,2444.43,19878.41,0.0,0
CLM102345,POL11029,CUS21036,Health,Central,PRV-30,63,2024-09-09,2024-12-02,2024-12-03,2025-01-02,Hospitalization,Settled,,1169.83,23799.5,13349.1,2
CLM102346,POL11309,CUS20129,Motor,Central,PRV-22,56,2024-06-09,2025-02-14,2025-02-22,2025-04-12,Collision,Settled,,2495.02,21056.45,13777.55,1
CLM102347,POL13009,CUS21210,Health,Central,PRV-07,74,2024-02-12,2024-08-22,2024-09-01,,Hospitalization,Approved,,1764.6,15904.86,10426.21,1
CLM102348,POL10805,CUS23235,Motor,Central,,70,2024-05-12,2024-09-07,2024-09-13,2024-11-26,Theft,Settled,,3624.69,30337.55,24215.1,3
CLM102349,POL12016,CUS22767,Motor,North,PRV-29,34,2025-07-21,2026-05-05,2026-05-05,2026-07-14,Third Party,Settled,,4006.58,26013.75,19575.69,2
CLM102350,POL12155,CUS22744,Motor,West,PRV-05,56,2025-07-17,2026-03-01,2026-03-09,,Glass Damage,Approved,,4507.55,49167.88,34420.01,1
CLM102351,POL13001,CUS23074,Motor,North,PRV-22,29,2025-04-05,2025-04-13,2025-04-24,2025-05-27,Glass Damage,Settled,,9678.75,101359.12,68933.45,0
CLM102352,POL12857,CUS21306,Travel,South,PRV-02,52,2024-03-03,2024-03-27,2024-03-30,,Lost Baggage,Pending,,1487.6,38146.48,0.0,0
CLM102353,POL11858,CUS21127,Health,North,PRV-21,74,2025-03-01,2025-09-05,2025-09-06,,Surgery,Rejected,Coverage Limit,1882.69,25733.48,0.0,1
CLM102354,POL11236,CUS23238,Health,Central,PRV-11,46,2024-03-19,2024-12-07,2024-12-10,2025-01-19,Diagnostic,Settled,,2209.91,52425.59,39705.28,1
CLM102355,POL11471,CUS22000,Health,South,PRV-01,73,2025-02-27,2025-04-15,2025-04-24,2025-06-19,Surgery,Settled,,1501.62,29292.1,27379.8,2
CLM102356,POL11646,CUS21042,Health,West,PRV-02,52,2024-01-21,2024-06-30,2024-07-06,,Hospitalization,Rejected,Suspected Misrepresentation,9065.99,96426.7,0.0,0
CLM102357,POL10876,CUS20973,Motor,Central,PRV-06,70,2024-06-25,2025-02-25,2025-02-25,2025-05-02,Third Party,Settled,,2509.29,27550.72,21297.3,0
CLM102358,POL12501,CUS23070,Motor,Central,PRV-30,68,2024-03-16,2024-11-29,2024-12-06,2025-01-24,Glass Damage,Settled,,2361.05,13857.66,13411.75,1
CLM102359,POL10833,CUS20186,Health,North,PRV-30,19,2025-08-01,2026-02-09,2026-02-18,2026-04-17,Hospitalization,Settled,,6251.97,130526.81,82044.4,1
CLM102360,POL12594,CUS20215,Health,East,PRV-07,36,2024-12-18,2025-10-13,2025-10-15,,Hospitalization,Approved,,4109.86,78439.39,54076.38,1
CLM102361,POL13005,CUS22582,Home,West,PRV-10,22,2025-07-26,2026-05-03,2026-05-10,2026-07-13,Fire,Settled,,15478.65,108523.12,91865.73,0
CLM102362,POL13847,CUS20004,Home,Central,PRV-04,62,2024-01-13,2024-09-19,2024-09-21,2024-11-04,Fire,Settled,,800.0,21142.87,13893.12,0
CLM102363,POL10475,CUS20598,Home,East,PRV-16,60,2025-04-03,2025-10-21,2025-10-21,2025-12-23,Fire,Settled,,13447.59,105353.98,85999.85,1
CLM102364,POL13038,CUS23467,Motor,North,PRV-25,55,2024-10-24,2025-08-15,2025-08-19,,Collision,Rejected,Coverage Limit,1859.46,13082.41,0.0,0
CLM102365,POL10343,CUS21489,Motor,South,PRV-16,24,2024-10-17,2024-10-23,2024-11-01,2025-01-14,Collision,Settled,,6997.73,56275.36,55607.17,0
CLM102366,POL11348,CUS22546,Motor,West,PRV-24,25,2025-06-25,2025-07-22,2025-07-30,,Theft,Approved,,2057.7,28121.87,22235.8,1
CLM102367,POL10705,CUS21704,Home,Central,PRV-30,66,2024-01-30,2024-07-01,2024-07-02,2024-07-31,Theft,Settled,,2215.35,48648.33,42884.63,1
CLM102368,POL10649,CUS20316,Travel,North,PRV-30,31,2025-08-08,2026-02-25,2026-02-27,,Medical,Rejected,Late Notification,3118.68,17410.5,0.0,0
CLM102369,POL10701,CUS20645,Travel,East,PRV-10,51,2024-01-18,2024-10-15,2024-10-21,2024-11-18,Trip Cancellation,Settled,,4206.66,26473.08,19562.5,2
CLM102370,POL10175,CUS22663,Motor,West,PRV-08,69,2024-08-12,2025-03-03,2025-03-06,2025-04-12,Glass Damage,Settled,,5448.24,39028.76,27726.98,0
CLM102371,POL13292,CUS20330,Home,West,PRV-15,36,2024-03-26,2024-06-04,2024-06-07,2024-06-18,Fire,Settled,,6007.99,103486.11,85517.55,0
CLM102372,POL10244,CUS22081,Health,West,PRV-02,36,2024-11-20,2025-08-19,2025-08-24,,Emergency,Rejected,Insufficient Documents,2539.11,26830.16,0.0,3
CLM102373,POL11594,CUS21218,Home,Central,PRV-14,28,2025-01-04,2025-01-29,2025-02-07,2025-04-12,Theft,Settled,,8278.78,60662.45,53810.69,1
CLM102374,POL12796,CUS21296,Health,West,PRV-22,41,2025-02-02,2025-03-03,2025-03-09,,Diagnostic,Rejected,Coverage Limit,3009.25,66554.51,0.0,1
CLM102375,,CUS23333,Motor,North,PRV-06,53,2025-05-09,2025-12-11,2025-12-21,,Theft,Pending,,4654.82,26813.62,0.0,0
CLM102376,POL13414,CUS22120,Motor,North,PRV-25,37,2025-04-10,2026-01-24,2026-01-25,2026-02-26,Theft,Settled,,13808.82,79688.5,62155.29,0
CLM102377,POL10548,CUS22152,Travel,West,PRV-26,31,2025-08-11,2026-01-09,2026-01-14,2026-02-06,Trip Cancellation,Settled,,800.0,12005.22,7044.67,2
CLM102378,POL13950,CUS21226,Health,North,PRV-11,50,2024-10-05,2024-11-15,2024-11-21,2025-01-23,Hospitalization,Settled,,9491.71,159367.77,147862.06,1
CLM102379,POL12614,CUS21334,Motor,West,PRV-10,21,2024-04-18,2024-05-03,2024-05-12,,Theft,Approved,,2827.77,33420.66,26650.83,0
CLM102380,POL10718,CUS22400,Motor,East,,21,2024-04-06,2025-01-24,2025-01-30,2025-03-18,Glass Damage,Settled,,6999.33,71712.5,63156.29,1
CLM102381,POL11794,CUS20136,Motor,North,PRV-25,55,2024-06-19,2024-09-11,2024-09-21,,Collision,Approved,,1631.32,16973.38,10280.31,1
CLM102382,POL13671,CUS20830,Travel,North,PRV-24,43,2025-01-08,2025-07-19,2025-07-29,,Lost Baggage,Approved,,1375.97,10327.71,6401.35,0
CLM102383,POL11571,CUS22100,Motor,East,PRV-11,74,2024-02-03,2024-05-11,2024-05-19,2024-07-23,Third Party,Settled,,3523.23,35045.92,33131.9,2
CLM102384,POL10734,CUS22182,Motor,South,PRV-13,46,2025-08-14,2025-10-18,2025-10-22,2025-11-08,Collision,Settled,,1578.93,27393.83,20821.26,1
CLM102385,POL13500,CUS20322,Home,South,PRV-21,37,2025-09-05,2026-03-24,2026-03-27,,Fire,Approved,,2371.66,34295.65,23429.11,2
CLM102386,POL13811,CUS22757,Health,West,PRV-22,65,2024-04-12,2024-11-19,2024-11-25,,Diagnostic,Pending,,3181.76,34705.27,0.0,3
CLM102387,POL13902,CUS21898,Motor,North,PRV-08,23,2025-04-29,2025-09-18,2025-09-23,,Collision,Rejected,Coverage Limit,17310.88,160442.28,0.0,2
CLM102388,POL13822,CUS20831,Motor,West,PRV-01,30,2025-01-04,2025-06-05,2025-06-05,,Glass Damage,Approved,,5453.87,32376.33,31994.9,0
CLM102389,POL13491,CUS22631,Motor,South,PRV-02,62,2024-10-25,2025-03-20,2025-03-22,2025-05-03,Collision,Settled,,1778.63,40030.51,25565.27,0
CLM102390,POL11817,CUS23468,Motor,East,PRV-11,40,2025-03-31,2025-09-24,2025-10-04,,Collision,Approved,,14914.61,99001.3,78065.64,0
CLM102391,POL10769,CUS21482,Motor,South,PRV-14,44,2024-12-22,2025-08-21,2025-08-26,,Theft,Approved,,3119.94,40715.1,28483.65,0
CLM102392,POL12468,CUS20992,Motor,East,PRV-06,48,2024-07-19,2025-02-17,2025-02-28,,Theft,Rejected,Late Notification,10936.63,78650.15,0.0,1
CLM102393,POL10883,CUS21047,Home,East,PRV-01,52,2024-12-14,2025-03-08,2025-03-10,2025-05-18,Fire,Settled,,4067.56,59174.27,50692.85,1
CLM102394,POL11892,CUS22074,Home,West,PRV-10,64,2024-03-25,2024-06-07,2024-06-18,,Theft,Approved,,3471.32,39549.41,24190.0,1
CLM102395,POL12624,CUS20165,Home,East,PRV-27,50,2024-06-06,2024-12-25,2025-01-03,,Water Damage,Rejected,Coverage Limit,9606.04,99556.34,0.0,1
CLM102396,POL13786,CUS21692,Health,North,PRV-07,58,2025-08-26,2026-03-07,2026-03-11,2026-03-31,Diagnostic,Settled,,4000.9,28053.63,21581.98,2
CLM102397,POL11156,CUS20086,Motor,East,PRV-20,63,2024-04-24,2024-08-12,2024-08-19,2024-09-28,Collision,Settled,,3290.37,59892.27,44362.11,0
CLM102398,POL11007,CUS20135,Travel,West,PRV-22,20,2025-01-05,2025-09-13,2025-09-24,,Medical,Approved,,1635.93,19954.58,19151.41,0
CLM102399,POL12938,CUS21505,Home,East,PRV-19,48,2024-07-03,2024-11-06,2024-11-13,2024-11-21,Fire,Settled,,43241.42,395683.99,333536.62,0
CLM102400,POL10025,CUS22609,Health,Central,PRV-25,38,2024-10-15,2025-01-24,2025-02-04,2025-04-04,Hospitalization,Settled,,3828.93,29764.92,17300.49,0
CLM102401,POL12265,CUS23091,Motor,South,PRV-09,40,2024-06-02,2024-11-16,2024-11-17,2024-12-19,Glass Damage,Settled,,800.0,9017.57,5540.8,1
CLM102402,POL12983,CUS20306,Motor,West,PRV-06,30,2024-12-18,2025-02-14,2025-02-15,,Theft,Approved,,4099.43,92728.59,75462.61,1
CLM102403,POL12203,CUS20854,Health,East,PRV-05,60,2024-12-11,2025-07-07,2025-07-07,,Surgery,Approved,,28134.16,204208.05,133035.11,1
CLM102404,POL11535,CUS21475,Health,Central,PRV-13,25,2025-01-17,2025-10-13,2025-10-16,,Diagnostic,Approved,,971.62,11441.26,7300.31,1
CLM102405,POL13314,CUS22009,Motor,South,PRV-16,24,2024-07-10,2025-04-19,2025-04-28,2025-06-09,Collision,Settled,,2240.29,40849.63,40620.88,0
CLM102406,POL11484,CUS23454,Travel,Central,PRV-18,33,2024-12-24,2025-05-07,2025-05-18,,Lost Baggage,Pending,,807.25,11618.46,0.0,1
CLM102407,POL12842,CUS22395,Health,East,PRV-27,72,2025-03-27,2025-06-16,2025-06-22,,Diagnostic,Pending,,5117.57,42741.81,0.0,2
CLM102408,POL11856,CUS21884,Health,West,PRV-05,51,2025-03-22,2025-08-13,2025-08-18,,Emergency,Pending,,32581.65,188339.27,0.0,1
CLM102409,POL10106,CUS20212,Motor,East,PRV-19,42,2024-12-18,2025-01-19,2025-01-30,,Collision,Pending,,2646.03,18929.06,0.0,1
CLM102410,POL12122,CUS20282,Home,North,PRV-11,65,2024-07-04,2025-01-20,2025-01-27,,Fire,Pending,,5914.6,39547.08,0.0,0
CLM102411,POL10197,CUS20535,Home,East,PRV-21,19,2024-11-26,2025-04-04,2025-04-10,,Storm,Approved,,3012.54,24842.14,17143.55,1
CLM102412,POL13723,CUS22312,Motor,East,PRV-06,69,2024-11-28,2025-01-04,2025-01-05,2025-02-09,Theft,Settled,,1755.75,20492.56,16133.73,0
CLM102413,POL12406,CUS21159,Health,North,PRV-01,37,2025-08-12,2026-01-23,2026-01-25,2026-02-18,Hospitalization,Settled,,2534.62,14539.1,13861.95,0
CLM102414,POL11488,CUS20843,Health,Central,PRV-17,37,2024-08-21,2025-03-24,2025-04-01,2025-06-06,Diagnostic,Settled,,882.85,20925.06,12106.23,0
CLM102415,POL11944,CUS22345,Home,South,PRV-10,69,2024-07-18,2024-09-25,2024-10-03,,Water Damage,Approved,,3709.64,24519.59,21562.43,0
CLM102416,POL12476,CUS22853,Motor,South,PRV-28,31,2025-04-09,2025-08-09,2025-08-14,,Glass Damage,Pending,,2632.71,38299.19,0.0,1
CLM102417,POL11040,CUS21536,Home,Central,PRV-22,32,2025-01-28,2025-10-22,2025-10-30,,Storm,Rejected,Insufficient Documents,2072.33,17101.47,0.0,1
CLM102418,POL11153,CUS23086,Health,Central,PRV-14,51,2024-09-21,2025-04-22,2025-04-30,2025-06-15,Diagnostic,Settled,,8348.42,47071.03,46242.82,1
CLM102419,POL11674,CUS22569,Motor,East,PRV-12,31,2024-01-01,2024-08-27,2024-08-27,,Collision,Pending,,6222.42,39799.63,0.0,0
CLM102420,POL11034,CUS22506,Motor,West,PRV-21,56,2025-03-13,2025-07-26,2025-08-05,2025-09-27,Third Party,Settled,,7413.51,47063.62,41159.42,0
CLM102421,POL13031,CUS23036,Motor,South,PRV-14,52,2025-04-01,2025-08-27,2025-09-04,2025-10-30,Collision,Settled,,2435.98,15873.71,11765.4,1
CLM102422,POL10415,CUS20643,Motor,Central,PRV-22,50,2025-07-30,2025-12-26,2025-12-28,,Glass Damage,Rejected,Suspected Misrepresentation,4095.17,41758.07,0.0,0
CLM102423,POL13306,CUS22654,Health,South,PRV-22,44,2024-11-07,2025-03-22,2025-03-24,,Diagnostic,Pending,,4406.47,49534.33,0.0,1
CLM102424,POL11394,CUS23352,Home,South,PRV-30,66,2024-11-15,2024-12-29,2025-01-09,2025-01-25,Water Damage,Settled,,7147.89,66317.75,54662.42,1
CLM102425,POL12244,CUS23472,Motor,West,PRV-10,61,2024-05-09,2024-05-22,2024-05-25,2024-07-04,Glass Damage,Settled,,4228.1,58104.67,41558.19,0
CLM102426,POL10631,CUS22023,Travel,West,PRV-19,40,2024-10-11,2025-06-17,2025-06-17,2025-08-10,Lost Baggage,Settled,,1490.7,14654.74,10536.37,1
CLM102427,POL11541,CUS22640,Motor,East,PRV-15,29,2024-01-01,2024-06-10,2024-06-10,,Theft,Approved,,3223.37,65756.91,50366.58,1
CLM102428,POL13018,CUS23110,Health,West,PRV-06,37,2024-11-06,2025-04-15,2025-04-17,,Hospitalization,Approved,,10289.86,62788.93,62586.63,1
CLM102429,POL11082,CUS22982,Travel,East,PRV-07,26,2025-03-14,2025-09-09,2025-09-16,2025-11-05,Lost Baggage,Settled,,4199.94,29924.61,27211.23,0
CLM102430,POL10529,CUS23142,Home,Central,PRV-01,50,2025-05-02,2025-09-03,2025-09-08,2025-09-14,Water Damage,Settled,,1058.28,26925.1,19246.98,2
CLM102431,POL12087,CUS22913,Health,East,PRV-09,70,2025-02-14,2025-11-08,2025-11-16,2025-12-29,Hospitalization,Settled,,5673.19,43980.8,31377.11,1
CLM102432,POL10649,CUS21334,Health,West,PRV-05,56,2025-05-14,2025-10-02,2025-10-04,,Hospitalization,Rejected,Late Notification,19930.74,138595.87,0.0,0
CLM102433,POL11258,CUS22555,Motor,Central,PRV-06,64,2025-02-16,2025-07-16,2025-07-18,,Third Party,Approved,,1956.57,12286.8,11066.31,0
CLM102434,POL11801,CUS21436,Motor,Central,PRV-04,37,2025-04-28,2025-10-04,2025-10-08,,Glass Damage,Approved,,1722.45,21701.88,18318.49,0
CLM102435,POL12256,CUS22806,Health,West,PRV-01,72,2024-09-28,2024-11-15,2024-11-24,2025-01-06,Surgery,Settled,,10606.21,85115.1,74165.65,2
CLM102436,POL12557,CUS22835,Motor,North,PRV-16,32,2025-01-08,2025-03-01,2025-03-07,,Collision,Pending,,2450.46,34313.87,0.0,0
CLM102437,POL12706,,Motor,North,PRV-28,51,2025-01-31,2025-03-26,2025-04-04,,Third Party,Approved,,7209.35,45822.49,27112.37,0
CLM102438,POL13377,CUS22059,Motor,Central,PRV-14,74,2024-12-20,2025-03-06,2025-03-07,,Collision,Rejected,Suspected Misrepresentation,3466.26,21492.97,0.0,1
CLM102439,POL10264,CUS21663,Travel,South,PRV-16,18,2024-12-20,2025-02-06,2025-02-10,2025-04-17,Medical,Settled,,2144.08,51685.94,39419.14,1
CLM102440,POL11449,CUS20579,Home,North,PRV-19,59,2025-04-29,2025-07-06,2025-07-11,2025-07-26,Theft,Settled,,2975.82,40898.73,35579.67,1
CLM102441,POL10004,CUS22234,Home,West,PRV-18,46,2024-05-28,2025-03-05,2025-03-05,2025-05-03,Theft,Settled,,3965.85,87311.96,78751.76,0
CLM102442,POL10037,CUS21982,Health,West,PRV-03,53,2024-07-15,2024-10-31,2024-11-03,2024-11-27,Hospitalization,Settled,,2101.36,23396.79,22183.79,0
CLM102443,POL10849,CUS21802,Motor,South,PRV-14,65,2024-11-17,2025-07-13,2025-07-16,,Collision,Approved,,800.0,18916.79,12710.62,2
CLM102444,POL12392,CUS22367,Motor,Central,PRV-25,34,2025-02-04,2025-06-02,2025-06-07,2025-08-14,Collision,Settled,,4931.79,33453.21,29659.65,0
CLM102445,POL13578,CUS22978,Health,East,PRV-07,74,2024-11-15,2025-07-20,2025-07-21,,Diagnostic,Pending,,8405.39,88741.41,0.0,1
CLM102446,POL13094,CUS20520,Health,South,PRV-04,71,2024-05-03,2024-12-15,2024-12-18,2025-02-21,Diagnostic,Settled,,6389.43,58009.92,37340.03,1
CLM102447,POL12585,CUS21509,Motor,North,PRV-20,48,2025-05-25,2026-02-01,2026-02-12,,Third Party,Pending,,15057.59,106494.79,0.0,0
CLM102448,POL13112,CUS22528,Health,East,PRV-21,48,2024-12-04,2025-03-01,2025-03-02,2025-04-16,Hospitalization,Settled,,8526.56,62306.54,59405.06,1
CLM102448,POL10687,CUS22869,Health,East,PRV-22,61,2024-09-25,2024-10-24,2024-11-02,2024-12-23,Emergency,Settled,,1719.02,22267.33,13598.75,0
CLM102450,POL13359,CUS22724,Motor,West,PRV-21,33,2025-06-28,2025-09-29,2025-10-05,,Collision,Approved,,9094.63,61694.01,53914.36,3
CLM102451,POL13561,CUS22797,Motor,West,PRV-09,37,2024-09-27,2025-04-25,2025-04-25,,Glass Damage,Pending,,4097.92,32493.89,0.0,2
CLM102452,POL10380,CUS22992,Health,East,PRV-18,38,2024-04-10,2024-10-23,2024-10-27,,Emergency,Approved,,2547.59,40614.79,28835.81,0
CLM102453,POL11879,CUS23366,Health,West,PRV-26,23,2025-09-02,2026-04-01,2026-04-07,,Surgery,Approved,,1594.12,46357.12,45117.76,0
CLM102454,POL13320,CUS22128,Travel,Central,PRV-06,39,2024-08-25,2025-06-19,2025-06-22,2025-07-20,Delay,Settled,,800.0,5433.73,3847.16,2
CLM102455,POL11904,CUS20871,Health,South,PRV-21,74,2025-07-08,2025-09-14,2025-09-17,2025-11-05,Diagnostic,Settled,,1386.73,25283.64,18544.07,1
CLM102456,POL13361,CUS21972,Home,West,PRV-19,19,2024-11-16,2025-03-29,2025-04-06,,Storm,Rejected,Coverage Limit,3528.11,75238.8,0.0,0
CLM102457,POL13742,CUS22483,Home,South,PRV-09,66,2024-05-30,2024-10-24,2024-10-24,,Fire,Approved,,3516.08,37782.3,23901.02,0
CLM102458,POL11898,CUS20352,Motor,North,PRV-28,41,2024-08-21,2024-10-05,2024-10-16,2024-11-18,Collision,Settled,,6614.01,39308.8,28014.19,2
CLM102459,POL10237,CUS22649,Health,South,PRV-05,37,2025-07-18,2026-02-02,2026-02-05,2026-04-15,Emergency,Settled,,19262.56,139864.21,118838.57,2
CLM102460,POL11360,CUS21904,Health,West,PRV-25,33,2025-08-08,2025-08-23,2025-08-27,2025-10-05,Emergency,Settled,,2515.41,16801.97,9724.48,1
CLM102461,POL10860,CUS23276,Health,East,PRV-18,30,2024-03-26,2024-12-20,2024-12-21,,Diagnostic,Approved,,2213.85,31409.37,22215.17,1
CLM102462,POL11896,CUS20741,Motor,West,PRV-04,44,2025-09-04,2025-10-01,2025-10-11,2025-12-17,Theft,Settled,,6490.74,41806.23,29865.18,1
CLM102463,POL12343,CUS23174,Travel,Central,PRV-14,32,2025-06-13,2025-07-17,2025-07-19,2025-08-11,Trip Cancellation,Settled,,800.0,6970.78,6315.22,0
CLM102464,POL11855,CUS21568,Travel,North,PRV-10,50,2025-02-05,2025-03-29,2025-04-07,,Trip Cancellation,Approved,,3414.04,19298.19,13002.02,3
CLM102465,POL10781,CUS22007,Motor,East,PRV-13,62,2024-04-23,2025-01-15,2025-01-18,2025-03-15,Theft,Settled,,5932.81,51382.75,48883.62,1
CLM102466,POL11204,CUS22310,Motor,Central,PRV-24,37,2024-12-29,2025-09-13,2025-09-13,,Third Party,Approved,,4324.3,35757.19,34855.61,0
CLM102467,POL12718,CUS22027,Motor,Central,PRV-20,68,2024-09-20,2025-06-23,2025-06-27,,Glass Damage,Approved,,4454.51,26630.65,17302.27,1
CLM102468,POL10107,CUS23163,Home,North,PRV-06,19,2024-03-18,2024-11-23,2024-11-29,2024-12-11,Water Damage,Settled,,12583.29,73048.09,52594.06,0
CLM102469,POL10856,CUS20585,Health,South,PRV-23,26,2025-09-02,2026-06-06,2026-06-11,2026-07-04,Emergency,Settled,,1451.0,44445.31,39114.4,0
CLM102470,POL13569,CUS22554,Motor,East,PRV-22,71,2025-01-09,2025-05-30,2025-06-10,2025-07-18,Collision,Settled,,2162.39,33334.86,22363.97,1
CLM102471,POL10396,CUS23412,Home,North,PRV-03,66,2024-03-01,2024-03-03,2024-03-09,2024-03-31,Storm,Settled,,5428.06,44442.44,40962.88,0
CLM102472,POL11658,CUS20770,Motor,Central,PRV-28,24,2024-07-30,2024-12-08,2024-12-17,,Third Party,Pending,,1602.17,52457.64,0.0,1
CLM102473,POL10827,CUS20892,Health,North,PRV-01,42,2025-06-04,2025-08-10,2025-08-14,2025-10-20,Diagnostic,Settled,,1814.84,23378.2,19500.06,1
CLM102474,POL10418,CUS21662,Health,East,PRV-09,38,2024-10-01,2024-12-14,2024-12-15,,Surgery,Rejected,Coverage Limit,800.0,11769.93,0.0,0
CLM102475,POL11690,CUS22536,Health,South,PRV-09,23,2024-11-02,2025-05-28,2025-06-02,,Surgery,Rejected,Policy Exclusion,2074.96,19120.22,0.0,2
CLM102476,POL12085,CUS23356,Health,South,PRV-03,60,2024-03-29,2024-05-18,2024-05-24,,Surgery,Rejected,Policy Exclusion,15683.41,131135.54,0.0,0
CLM102477,POL10704,CUS22785,Motor,South,PRV-20,43,2024-03-09,2024-06-14,2024-06-19,2024-07-21,Glass Damage,Settled,,1445.17,24766.34,16150.12,1
CLM102478,POL10311,CUS22779,Health,South,PRV-14,69,2025-08-29,2025-12-25,2026-01-03,,Hospitalization,Rejected,Policy Exclusion,1087.3,9843.57,0.0,1
CLM102479,POL10538,CUS21544,Travel,East,PRV-25,38,2025-08-13,2025-09-01,2025-09-12,,Lost Baggage,Pending,,2414.77,26977.97,0.0,0
CLM102480,POL12606,CUS22258,Health,East,PRV-10,55,2024-02-29,2024-09-26,2024-09-26,2024-11-16,Emergency,Settled,,1792.19,10032.15,8371.86,1
CLM102481,POL13441,CUS20739,Travel,South,PRV-26,70,2024-12-06,2025-07-23,2025-07-23,2025-09-21,Lost Baggage,Settled,,966.72,24310.57,20003.16,0
CLM102482,POL10721,CUS21621,Health,Central,PRV-16,31,2025-02-26,2025-08-12,2025-08-15,2025-09-12,Diagnostic,Settled,,2798.8,17929.21,10153.87,1
CLM102483,POL11281,CUS20661,Home,East,PRV-01,41,2025-06-29,2025-07-08,2025-07-15,2025-08-04,Theft,Settled,,4405.86,24487.61,21269.89,1
CLM102484,POL11375,CUS20094,Motor,North,PRV-10,56,2024-12-12,2025-08-05,2025-08-05,,Third Party,Rejected,Policy Exclusion,9130.56,82080.78,0.0,0
CLM102485,POL11443,CUS22997,Home,North,PRV-11,57,2025-06-22,2025-11-03,2025-11-05,,Theft,Approved,,19135.48,144871.51,110399.61,1
CLM102486,POL10977,CUS22816,Motor,West,PRV-16,41,2024-03-15,2024-06-03,2024-06-07,2024-07-22,Glass Damage,Settled,,1138.17,23137.34,18785.73,0
CLM102487,POL10221,CUS21787,Motor,South,PRV-22,22,2024-01-10,2024-10-20,2024-10-24,2024-12-26,Third Party,Settled,,19971.64,241719.12,148585.2,0
CLM102488,POL12100,CUS20050,Motor,Central,PRV-05,61,2024-10-15,2025-06-29,2025-07-09,2025-09-18,Glass Damage,Settled,,2981.66,52105.56,44103.35,0
CLM102489,POL11429,CUS20315,Motor,Central,PRV-25,58,2024-06-13,2024-10-23,2024-10-29,2025-01-10,Third Party,Settled,,2983.16,25388.96,24699.21,0
CLM102490,POL11369,CUS20391,Travel,East,PRV-06,40,2025-04-13,2025-08-24,2025-09-03,,Delay,Pending,,2112.62,12331.91,0.0,0
CLM102491,POL11059,CUS22509,Travel,North,PRV-30,65,2024-07-27,2025-04-26,2025-05-05,,Delay,Approved,,2487.22,72221.03,40191.91,1
CLM102492,POL13717,CUS20712,Home,Central,PRV-12,23,2024-09-09,2024-11-06,2024-11-10,2025-01-20,Fire,Settled,,20848.13,200141.54,137945.56,1
CLM102493,POL12441,CUS20875,Motor,West,PRV-29,49,2024-11-27,2025-03-30,2025-04-10,2025-04-02,Glass Damage,Settled,,6944.99,50132.17,49092.84,1
CLM102494,POL11674,CUS23013,Home,Central,PRV-03,48,2025-08-19,2026-02-06,2026-02-16,,Theft,Rejected,Coverage Limit,11958.57,126421.27,0.0,1
CLM102495,POL10821,CUS23067,Home,North,PRV-07,23,2024-02-14,2024-05-28,2024-06-02,2024-07-02,Water Damage,Settled,,8153.68,73568.91,51212.19,1
CLM102496,POL13204,CUS22670,Motor,North,PRV-30,20,2024-12-08,2025-03-13,2025-03-23,2025-03-26,Glass Damage,Settled,,2050.31,20933.0,17169.31,1
CLM102497,POL13553,CUS21083,Health,West,PRV-06,75,2024-08-29,2024-10-01,2024-10-04,,Hospitalization,Approved,,16074.66,134377.11,83781.71,1
CLM102498,POL10129,CUS22029,Health,Central,PRV-10,54,2024-01-23,2024-04-12,2024-04-14,,Diagnostic,Pending,,2688.18,66726.38,0.0,0
CLM102499,POL13718,CUS20700,Motor,North,PRV-17,67,2025-05-20,2025-09-05,2025-09-14,,Third Party,Pending,,6846.84,61122.0,0.0,1
CLM102500,POL12797,CUS23002,Health,North,PRV-06,36,2025-07-20,2026-03-28,2026-04-06,,Emergency,Approved,,2798.0,26206.56,16678.94,1
CLM102501,POL10399,CUS20297,Home,North,PRV-11,47,2024-04-17,2024-07-27,2024-07-29,2024-08-30,Theft,Settled,,5617.51,98074.09,57247.06,2
CLM102502,POL13012,CUS22605,Motor,East,PRV-22,69,2025-04-16,2025-06-04,2025-06-13,2025-08-03,Third Party,Settled,,3242.85,29423.62,16646.13,0
CLM102503,POL10429,CUS21790,Health,South,PRV-15,43,2025-03-10,2025-11-19,2025-11-25,,Diagnostic,Approved,,6093.08,61253.99,51470.46,0
CLM102504,POL10203,CUS22651,Health,West,PRV-13,47,2025-03-13,2025-06-27,2025-07-03,2025-08-28,Diagnostic,Settled,,12741.47,107092.29,91740.15,1
CLM102505,POL10461,CUS21577,Home,West,PRV-21,68,2024-10-12,2025-07-15,2025-07-25,,Storm,Pending,,4364.22,38090.88,0.0,0
CLM102506,POL11839,CUS20553,Travel,South,PRV-29,19,2024-07-17,2024-08-19,2024-08-20,2024-09-12,Delay,Settled,,1436.84,15843.68,10953.65,1
CLM102507,POL12478,CUS22629,Home,East,PRV-26,49,2024-02-13,2024-02-20,2024-02-24,2024-03-05,Fire,Settled,,16529.52,112315.65,101829.39,0
CLM102508,POL11629,CUS22208,Health,South,PRV-02,55,2024-01-22,2024-10-24,2024-10-27,2024-11-06,Diagnostic,Settled,,1861.29,22259.35,20655.67,2
CLM102508,POL10487,CUS21626,Health,North,PRV-19,67,2024-04-19,2024-05-19,2024-05-25,,Surgery,Rejected,Insufficient Documents,11989.86,118499.63,0.0,2
CLM102510,POL10796,CUS21304,Health,South,PRV-15,66,2024-11-23,2024-11-26,2024-11-27,2025-01-25,Hospitalization,Settled,,9145.56,97333.02,80491.81,0
CLM102511,POL13409,CUS21203,Health,East,PRV-13,27,2024-03-28,2024-10-07,2024-10-08,2024-12-09,Emergency,Settled,,5443.8,52913.67,33684.85,1
CLM102512,POL13850,CUS21683,Motor,South,PRV-08,20,2025-03-01,2025-06-04,2025-06-12,2025-07-30,Glass Damage,Settled,,1755.05,11698.18,10951.16,1
CLM102513,POL13017,CUS20915,Health,West,PRV-09,29,2025-01-19,2025-06-13,2025-06-13,2025-07-20,Emergency,Settled,,12710.25,93150.0,54778.94,0
CLM102514,POL10413,CUS20988,Health,Central,PRV-22,61,2024-08-01,2024-12-02,2024-12-07,2025-02-07,Surgery,Settled,,1980.23,54498.2,49650.58,1
CLM102515,POL13279,CUS20973,Health,West,PRV-30,31,2024-02-24,2024-05-23,2024-06-03,,Surgery,Approved,,3412.1,32749.85,24182.27,1
CLM102516,POL12767,CUS20044,Home,East,PRV-17,62,2024-11-16,2025-04-09,2025-04-20,,Storm,Pending,,1954.88,40130.41,0.0,0
CLM102517,POL12104,CUS23247,Health,North,PRV-07,72,2025-05-25,2025-08-11,2025-08-13,,Hospitalization,Rejected,Coverage Limit,12692.64,91050.98,0.0,1
CLM102518,POL10572,CUS20827,Motor,East,PRV-08,57,2024-09-01,2024-11-08,2024-11-19,2024-11-30,Collision,Settled,,12873.57,72321.72,71946.97,0
CLM102519,POL13986,CUS20577,Motor,West,PRV-06,25,2025-05-15,2025-07-22,2025-07-26,2025-09-04,Theft,Settled,,5812.31,47323.65,38146.0,0
CLM102520,POL11770,CUS20529,Motor,South,PRV-16,46,2024-06-26,2024-08-01,2024-08-03,2024-08-14,Third Party,Settled,,2721.51,31289.19,23466.18,2
CLM102521,POL10176,CUS23458,Motor,North,PRV-22,33,2024-02-19,2024-07-26,2024-08-01,,Theft,Approved,,8518.18,208537.97,201539.8,3
CLM102522,POL10839,CUS21668,Health,South,PRV-24,55,2025-02-06,2025-07-21,2025-07-26,2025-08-25,Hospitalization,Settled,,4523.16,56620.57,42939.04,2
CLM102523,POL11605,CUS21144,Motor,Central,PRV-20,43,2025-07-04,2025-07-10,2025-07-14,,Third Party,Approved,,6531.83,60038.62,55904.79,0
CLM102524,POL10249,CUS21413,Motor,North,PRV-30,46,2025-07-01,2025-11-16,2025-11-21,,Glass Damage,Approved,,6896.46,42536.93,39736.28,1
CLM102525,POL11295,CUS20309,Motor,North,PRV-27,53,2025-08-17,2026-03-26,2026-03-27,2026-06-06,Theft,Settled,,14365.73,134323.11,119215.64,1
CLM102526,POL11873,CUS21097,Home,East,PRV-07,7,2024-03-07,2024-03-08,2024-03-11,2024-04-08,Water Damage,Settled,,11013.0,61987.55,36746.33,0
CLM102527,POL13794,CUS20870,Home,West,PRV-28,72,2024-01-27,2024-04-26,2024-04-28,,Water Damage,Rejected,,11304.05,132404.78,0.0,0
CLM102528,POL10345,CUS22811,Health,South,PRV-02,20,2024-12-19,2025-10-03,2025-10-14,2025-11-07,Surgery,Settled,,2412.79,80229.1,66773.86,0
CLM102529,POL12307,CUS20204,Motor,East,PRV-23,60,2025-08-12,2025-12-18,2025-12-23,2026-02-21,Third Party,Settled,,2268.75,18253.1,13394.59,1
CLM102530,POL13663,CUS21489,Motor,West,PRV-17,46,2025-09-10,2025-09-15,2025-09-21,,Theft,Approved,,1297.97,20644.98,18475.17,2
CLM102531,POL13224,CUS22765,Motor,East,PRV-01,58,2024-06-22,2024-11-27,2024-12-02,2025-01-09,Third Party,Settled,,2020.86,30358.02,17706.9,2
CLM102531,POL13699,CUS22917,Health,Central,PRV-10,63,2024-08-20,2024-12-21,2024-12-31,,Hospitalization,Approved,,1219.81,37402.14,23575.24,0
CLM102533,POL10681,CUS21793,Motor,North,PRV-27,68,2025-02-16,2025-04-21,2025-04-30,2025-06-18,Third Party,Settled,,4636.42,42256.48,36126.28,1
CLM102534,POL13205,CUS20778,Motor,South,PRV-23,20,2025-07-20,2025-08-11,2025-08-19,2025-09-17,Collision,Settled,,2131.2,31749.18,26456.63,0
CLM102535,POL13914,CUS21179,Travel,South,PRV-17,39,2024-04-18,2025-01-08,2025-01-11,,Trip Cancellation,Rejected,Late Notification,2395.18,13370.18,0.0,0
CLM102536,POL11304,CUS20778,Health,West,PRV-24,20,2025-08-27,2026-04-28,2026-05-01,,Emergency,Rejected,Policy Exclusion,1399.14,9006.47,0.0,1
CLM102537,POL11994,CUS22317,Home,East,PRV-06,37,2025-05-21,2025-12-11,2025-12-22,,Water Damage,Approved,,4651.97,33666.4,32907.36,1
CLM102538,POL12123,CUS21024,Motor,West,PRV-06,27,2024-02-12,2024-02-18,2024-02-29,2024-04-24,Third Party,Settled,,800.0,7166.77,4361.95,1
CLM102539,POL11974,CUS22207,Motor,East,PRV-19,56,2025-06-05,2026-02-21,2026-02-24,2026-05-06,Theft,Settled,,3244.92,79650.36,56096.0,2
CLM102540,POL11159,CUS22294,Travel,West,PRV-14,35,2025-02-01,2025-06-23,2025-06-27,2025-09-02,Delay,Settled,,1894.7,14536.41,9914.59,0
CLM102541,,CUS23289,Health,West,PRV-07,46,2025-08-29,2026-01-19,2026-01-22,,Emergency,Pending,,1580.59,47400.81,0.0,2
CLM102542,POL13825,CUS21296,Health,South,PRV-01,47,2024-05-09,2025-01-27,2025-02-05,2025-02-22,Emergency,Settled,,9948.33,103369.84,65561.77,1
CLM102543,POL11522,CUS23364,Travel,West,PRV-14,22,2025-09-07,2026-01-15,2026-01-26,2026-02-14,Trip Cancellation,Settled,,1544.64,40738.95,29148.97,3
CLM102544,POL13221,CUS21402,Health,East,PRV-22,66,2024-01-30,2024-04-10,2024-04-20,,Surgery,Rejected,Coverage Limit,7556.96,66314.66,0.0,0
CLM102545,POL11590,CUS22382,Motor,Central,PRV-12,45,2024-02-17,2024-04-28,2024-05-08,,Third Party,Pending,,5400.69,47403.08,0.0,0
CLM102546,POL13179,CUS22315,Health,East,PRV-17,19,2024-10-04,2025-07-09,2025-07-13,,Emergency,Pending,,1202.55,10972.96,0.0,0
CLM102547,POL12339,CUS22862,Motor,West,PRV-06,23,2025-02-11,2025-07-24,2025-07-27,,Third Party,Pending,,6204.98,45229.72,0.0,0
CLM102548,POL11880,CUS21641,Motor,West,PRV-30,63,2024-04-13,2024-10-04,2024-10-14,,Third Party,Rejected,Policy Exclusion,6972.23,108562.27,0.0,0
CLM102549,POL10512,CUS22773,Motor,East,PRV-25,72,2024-06-18,2024-12-13,2024-12-17,,Glass Damage,Pending,,837.93,12633.71,0.0,0
CLM102550,POL12618,CUS21243,Home,Central,PRV-11,59,2024-08-29,2024-11-03,2024-11-05,2024-12-05,Storm,Settled,,13566.86,146788.59,96727.66,0
CLM102551,POL11284,CUS21719,Health,West,PRV-15,35,2024-03-18,2024-07-22,2024-08-01,,Surgery,Approved,,9664.93,71372.39,59548.85,0
CLM102552,POL10867,CUS21748,Motor,South,PRV-20,46,2024-04-19,2025-01-29,2025-02-03,,Collision,Approved,,1780.47,37473.4,25393.12,1
CLM102553,POL10772,CUS22465,Motor,East,PRV-05,33,2024-04-02,2024-05-16,2024-05-17,2024-06-14,Theft,Settled,,4567.19,28039.64,25737.84,1
CLM102554,POL13927,CUS22164,Health,North,PRV-18,29,2025-08-14,2026-05-26,2026-06-05,2026-07-26,Diagnostic,Settled,,12072.44,177976.01,143152.3,0
CLM102555,POL10413,CUS20273,Travel,East,PRV-08,68,2025-08-03,2025-10-24,2025-10-27,,Delay,Pending,,800.0,5842.6,0.0,0
CLM102556,POL13194,CUS22831,Motor,West,PRV-17,22,2025-01-24,2025-04-23,2025-04-26,2025-07-08,Theft,Settled,,4156.73,34683.91,32586.5,1
CLM102557,POL13464,CUS22653,Motor,North,PRV-15,42,2025-02-27,2025-03-04,2025-03-10,,Collision,Pending,,12636.31,177134.61,0.0,1
CLM102558,POL10124,CUS20365,Home,Central,PRV-13,27,2024-03-25,2024-10-10,2024-10-13,,Water Damage,Rejected,Suspected Misrepresentation,1382.41,15139.02,0.0,0
CLM102559,POL12357,CUS23366,Home,West,PRV-20,46,2024-02-01,2024-05-07,2024-05-16,,Theft,Approved,,3477.55,88787.21,68459.39,2
CLM102560,POL12309,CUS22312,Travel,South,PRV-12,37,2024-08-21,2025-01-06,2025-01-14,,Medical,Rejected,Suspected Misrepresentation,1320.85,13242.36,0.0,2
CLM102561,POL11434,CUS20297,Motor,East,PRV-24,40,2025-09-02,2026-02-23,2026-03-01,,Theft,Rejected,Late Notification,2945.11,38980.09,0.0,0
CLM102562,POL12666,CUS21719,Motor,West,PRV-07,48,2024-10-23,2025-05-01,2025-05-03,2025-07-15,Theft,Settled,,4819.6,86881.42,81336.19,0
CLM102563,POL11634,CUS22926,Health,South,PRV-02,36,2025-05-15,2026-02-25,2026-03-02,2026-04-18,Emergency,Settled,,5516.31,62722.95,36579.82,1
CLM102564,POL11758,CUS20979,Motor,North,PRV-21,38,2024-08-17,2025-01-31,2025-02-03,,Third Party,Pending,,1638.8,11262.45,0.0,1
CLM102565,POL11726,CUS23265,Home,North,PRV-18,34,2024-07-10,2024-09-02,2024-09-13,,Theft,Rejected,,14728.99,101897.2,0.0,0
CLM102566,POL13202,CUS21464,Motor,South,PRV-22,50,2025-05-18,2025-12-15,2025-12-24,,Third Party,Approved,,5256.03,62517.53,61506.37,0
CLM102567,POL12532,CUS20791,Health,East,PRV-12,56,2024-10-18,2024-11-04,2024-11-05,2024-12-18,Hospitalization,Settled,,46571.54,264407.61,163647.02,2
CLM102568,POL11516,CUS21247,Travel,South,PRV-21,69,2025-03-29,2025-12-07,2025-12-13,2026-02-18,Trip Cancellation,Settled,,800.0,9035.65,5146.36,1
CLM102569,POL13707,CUS21836,Travel,Central,PRV-02,75,2025-03-26,2025-06-23,2025-07-02,,Delay,Pending,,926.99,5859.15,0.0,1
CLM102570,POL13208,CUS22408,Health,South,PRV-30,25,2025-03-26,2025-10-28,2025-11-03,2026-01-01,Diagnostic,Settled,,3300.14,18661.41,18412.94,0
CLM102571,POL13731,CUS23247,Travel,West,PRV-27,58,2025-02-23,2025-04-11,2025-04-12,,Lost Baggage,Rejected,,1323.31,11413.35,0.0,0
CLM102572,POL12922,CUS20682,Motor,West,PRV-10,69,2025-05-16,2025-09-15,2025-09-16,2025-11-28,Glass Damage,Settled,,3335.0,85468.86,68317.16,2
CLM102573,POL11565,CUS23360,Motor,Central,PRV-10,25,2024-10-14,2025-05-10,2025-05-18,,Third Party,Approved,,6827.98,40605.08,26597.18,1
CLM102574,POL13091,CUS21846,Motor,South,PRV-05,29,2024-07-06,2025-01-08,2025-01-14,2025-02-09,Third Party,Settled,,1480.83,15498.94,15208.53,0
CLM102575,POL11317,CUS20447,Travel,Central,PRV-30,26,2024-11-13,2024-11-15,2024-11-21,2025-02-01,Medical,Settled,,800.0,8911.49,7797.75,0
CLM102575,POL11083,CUS23242,Travel,Central,PRV-02,46,2024-07-20,2024-07-31,2024-08-03,2024-09-03,Medical,Settled,,3735.17,22815.3,19674.74,0
CLM102577,POL11804,CUS21221,Motor,North,PRV-25,64,2024-01-27,2024-11-16,2024-11-19,2024-12-07,Collision,Settled,,10971.31,116676.41,110478.72,2
CLM102578,POL13877,CUS22172,Motor,East,PRV-04,60,2024-08-12,2025-01-18,2025-01-22,,Theft,Approved,,1068.17,10181.98,9612.26,0
CLM102579,POL12271,CUS22443,Motor,West,PRV-30,58,2024-11-06,2025-07-20,2025-07-26,,Third Party,Rejected,Coverage Limit,5311.56,45926.65,0.0,1
CLM102580,POL11534,CUS20046,Motor,West,PRV-08,58,2024-11-18,2024-12-10,2024-12-15,2024-12-18,Glass Damage,Settled,,3288.67,19812.44,11074.81,0
CLM102581,POL11847,CUS20775,Home,Central,PRV-14,66,2024-07-29,2024-12-23,2025-01-02,2025-01-12,Water Damage,Settled,,11977.35,113462.22,73774.92,0
CLM102582,POL11164,CUS22402,Motor,West,PRV-02,61,2025-03-25,2025-09-14,2025-09-16,2025-11-02,Third Party,Settled,,8686.28,53214.72,51066.51,0
CLM102583,POL12635,CUS21136,Home,West,PRV-09,45,2024-06-25,2025-03-28,2025-04-02,2025-06-08,Storm,Settled,,1850.18,33315.87,26324.28,0
CLM102584,POL11401,CUS20032,Health,Central,PRV-29,59,2025-02-05,2025-09-06,2025-09-08,2025-10-27,Diagnostic,Settled,,2944.33,24034.21,20222.06,1
CLM102585,POL12217,CUS20081,Motor,East,PRV-18,20,2024-06-16,2024-12-21,2024-12-21,2025-01-28,Theft,Settled,,8290.98,76185.94,53764.01,2
CLM102586,POL11479,CUS22892,Motor,South,PRV-10,18,2025-09-03,2025-11-30,2025-12-04,2026-02-16,Theft,Settled,,2569.91,32631.34,24185.74,1
CLM102587,POL11282,CUS20537,Travel,North,PRV-27,44,2025-02-06,2025-12-01,2025-12-01,,Lost Baggage,Approved,,800.0,7328.74,5020.26,2
CLM102588,POL13880,CUS20351,Health,Central,PRV-28,46,2024-12-11,2025-03-19,2025-03-23,,Surgery,Pending,,800.0,17563.84,0.0,1
CLM102589,POL11382,CUS21968,Health,North,PRV-13,65,2024-09-23,2024-12-16,2024-12-23,,Hospitalization,Approved,,2422.53,34977.28,25723.15,0
CLM102590,POL10282,CUS20416,Motor,North,PRV-12,39,2025-04-13,2025-11-16,2025-11-20,,Third Party,Rejected,Insufficient Documents,6919.9,52388.46,0.0,0
CLM102591,POL11514,CUS22285,Travel,Central,PRV-26,32,2024-09-20,2025-07-16,2025-07-24,2025-07-19,Lost Baggage,Settled,,938.77,13087.35,8113.3,0
CLM102592,POL12128,CUS21904,Home,Central,PRV-17,71,2025-05-13,2026-01-25,2026-01-28,2026-03-16,Water Damage,Settled,,4399.07,31598.79,21890.32,0
CLM102593,POL10378,,Home,South,PRV-09,58,2024-04-08,2024-06-01,2024-06-05,2024-06-12,Fire,Settled,,6259.98,38816.07,24518.31,1
CLM102594,POL11222,CUS21720,Health,South,PRV-18,73,2025-05-23,2026-01-22,2026-02-01,2026-03-16,Emergency,Settled,,6978.82,52024.11,35482.58,3
CLM102595,POL10664,CUS22724,Home,Central,PRV-11,54,2025-08-19,2025-12-03,2025-12-05,2026-02-12,Water Damage,Settled,,12992.9,86182.48,73291.56,0
CLM102596,POL12002,CUS22256,Motor,Central,PRV-12,32,2024-05-30,2024-08-05,2024-08-11,2024-10-17,Third Party,Settled,,2107.58,18171.8,11151.21,0
CLM102597,POL12892,CUS21453,Health,South,PRV-20,35,2024-05-18,2025-02-22,2025-03-02,,Hospitalization,Approved,,2040.75,11865.46,9387.82,0
CLM102598,POL13873,CUS20053,Health,West,PRV-11,59,2025-08-15,2026-05-26,2026-05-30,,Surgery,Rejected,Late Notification,16892.45,116950.32,0.0,1
CLM102599,POL11556,CUS20957,Health,South,PRV-16,27,2024-09-08,2024-12-28,2024-12-31,2025-03-05,Diagnostic,Settled,,2027.27,25857.59,25660.99,1
CLM102600,POL13453,CUS20460,Travel,West,PRV-20,31,2025-03-07,2025-03-15,2025-03-23,,Medical,Rejected,Insufficient Documents,2220.31,16030.81,0.0,3
CLM102601,POL10858,CUS20054,Travel,North,PRV-28,62,2024-04-27,2024-06-29,2024-06-29,,Trip Cancellation,Pending,,1213.63,9280.02,0.0,0
CLM102602,POL13121,CUS20956,Health,North,PRV-28,61,2024-09-22,2025-03-03,2025-03-06,2025-03-31,Diagnostic,Settled,,7591.91,53197.11,50067.26,2
CLM102603,POL12250,CUS20723,Health,Central,PRV-27,56,2025-03-11,2025-03-29,2025-04-02,2025-05-30,Emergency,Settled,,3069.33,39398.74,39331.9,1
CLM102604,POL13032,CUS20268,Home,North,PRV-23,35,2025-07-08,2025-09-14,2025-09-16,,Water Damage,Approved,,7490.55,70375.23,59295.04,0
CLM102605,POL13022,CUS21093,Travel,Central,PRV-14,22,2024-09-27,2024-11-11,2024-11-17,2024-12-24,Medical,Settled,,800.0,4598.18,3784.12,1
CLM102606,POL12129,CUS21772,Home,Central,PRV-14,60,2024-02-16,2024-11-27,2024-12-04,2025-01-30,Fire,Settled,,3074.23,17431.82,13961.32,0
CLM102607,POL11029,CUS20623,Motor,Central,PRV-03,32,2024-09-13,2024-12-29,2025-01-09,2025-03-05,Third Party,Settled,,3365.98,40075.72,35830.7,0
CLM102608,POL12104,CUS20955,Motor,East,PRV-24,19,2025-02-02,2025-05-27,2025-06-03,2025-07-29,Third Party,Settled,,3120.83,30297.65,28535.21,0
CLM102609,POL13307,CUS20070,Home,South,PRV-29,50,2025-06-26,2025-10-30,2025-11-06,,Theft,Approved,,6508.46,81740.27,64367.81,0
CLM102610,POL13882,CUS20176,Home,West,PRV-19,58,2025-06-01,2025-06-05,2025-06-13,2025-07-12,Water Damage,Settled,,8067.53,58591.64,51213.34,0
CLM102611,POL13710,CUS20551,Home,North,PRV-28,41,2025-04-15,2025-09-25,2025-09-27,2025-11-20,Fire,Settled,,2048.9,57202.57,56234.79,0
CLM102612,POL10725,CUS21585,Health,North,PRV-16,42,2024-04-12,2025-01-10,2025-01-15,,Hospitalization,Pending,,3900.3,22535.71,0.0,1
CLM102613,POL12389,CUS22331,Health,West,PRV-04,44,2024-11-18,2025-07-20,2025-07-29,2025-10-07,Hospitalization,Settled,,4653.01,41394.97,33752.51,0
CLM102614,POL10418,CUS22759,Health,Central,PRV-27,60,2024-12-23,2025-03-08,2025-03-10,2025-03-28,Surgery,Settled,,4352.67,61615.69,35756.5,0
CLM102615,POL12675,CUS22203,Home,Central,PRV-13,69,2024-10-17,2024-10-22,2024-10-25,2024-11-14,Water Damage,Settled,,2012.56,56542.67,42183.13,0
CLM102616,POL13969,CUS22158,Motor,North,PRV-16,23,2025-07-26,2026-03-15,2026-03-17,2026-04-20,Collision,Settled,,3215.76,28180.9,24708.08,0
CLM102617,POL10210,CUS23274,Health,East,PRV-19,28,2025-08-18,2026-04-27,2026-05-08,,Diagnostic,Rejected,Policy Exclusion,1842.19,15621.54,0.0,0
CLM102618,POL12626,CUS20894,Home,East,PRV-14,10,2024-05-10,2025-02-10,2025-02-14,,Water Damage,Pending,,6999.36,52122.45,0.0,0
CLM102619,POL13782,CUS22793,Home,West,PRV-14,37,2025-08-16,2026-02-05,2026-02-08,,Storm,Approved,,5097.72,46850.06,43263.94,1
CLM102620,POL13388,CUS23279,Motor,Central,PRV-21,56,2025-06-08,2025-10-28,2025-11-06,,Theft,Rejected,Coverage Limit,2137.93,19914.43,0.0,0
CLM102621,POL11569,CUS21987,Home,North,PRV-10,19,2025-03-12,2025-10-25,2025-11-04,,Fire,Rejected,Late Notification,994.27,13148.33,0.0,1
CLM102622,POL10415,CUS22941,Motor,East,PRV-14,39,2024-08-24,2025-03-19,2025-03-19,2025-05-15,Third Party,Settled,,2569.32,43469.98,26838.97,0
CLM102623,POL13695,CUS20481,Motor,North,PRV-05,52,2025-04-16,2025-11-29,2025-12-09,,Third Party,Approved,,3874.02,57265.18,56990.24,1
CLM102624,POL13685,CUS23075,Health,Central,PRV-09,37,2024-12-29,2025-03-25,2025-04-02,2025-04-28,Emergency,Settled,,7581.52,87938.93,63511.1,1
CLM102625,POL12315,CUS21974,Motor,North,PRV-22,33,2025-07-11,2026-04-08,2026-04-18,,Third Party,Approved,,16108.08,110327.91,101474.53,2
CLM102626,POL13915,CUS20775,Travel,North,PRV-16,35,2025-03-16,2025-03-28,2025-03-29,,Trip Cancellation,Rejected,Coverage Limit,800.0,13536.06,0.0,1
CLM102627,POL10018,CUS20215,Travel,East,PRV-11,57,2025-08-20,2025-09-17,2025-09-17,,Lost Baggage,Approved,,800.0,3904.93,2762.13,1
CLM102628,POL12466,CUS22519,Motor,Central,PRV-29,52,2024-09-16,2025-03-31,2025-04-04,,Glass Damage,Pending,,800.0,12081.57,0.0,0
CLM102629,POL10154,CUS21508,Home,East,PRV-07,35,2024-02-21,2024-08-10,2024-08-20,,Theft,Approved,,1400.36,38404.95,28114.04,0
CLM102630,POL13742,CUS21085,Health,Central,PRV-16,20,2024-11-01,2025-04-16,2025-04-21,2025-06-10,Emergency,Settled,,11257.35,158448.73,149554.14,1
CLM102631,POL12721,CUS21365,Health,West,PRV-03,33,2025-09-10,2026-06-09,2026-06-17,,Emergency,Pending,,981.3,11740.98,0.0,2
CLM102632,POL13653,CUS23468,Home,East,PRV-30,59,2025-02-10,2025-10-29,2025-10-31,2025-11-27,Storm,Settled,,831.39,14215.83,8158.33,0
CLM102633,POL12250,CUS21497,Health,West,PRV-26,66,2025-03-11,2025-10-13,2025-10-17,,Diagnostic,Approved,,13778.09,84561.65,67098.64,0
CLM102634,POL10333,CUS20275,Motor,East,PRV-25,63,2025-01-22,2025-03-13,2025-03-23,,Theft,Approved,,1756.03,23194.88,17952.73,0
CLM102635,POL10106,CUS20979,Motor,East,PRV-09,75,2025-01-02,2025-01-31,2025-02-05,2025-03-02,Glass Damage,Settled,,4931.81,49193.21,42263.23,0
CLM102636,POL11342,CUS20508,Health,East,PRV-15,32,2024-02-08,2024-03-21,2024-03-30,,Emergency,Pending,,6363.4,35526.41,0.0,0
CLM102637,POL12973,CUS22400,Travel,South,PRV-14,60,2024-09-13,2025-03-16,2025-03-23,,Trip Cancellation,Approved,,1532.31,22505.92,18107.81,2
CLM102638,POL10604,CUS22801,Health,Central,PRV-11,26,2024-02-23,2024-09-24,2024-09-26,,Hospitalization,Approved,,17159.17,139711.09,131908.91,1
CLM102639,POL13408,CUS22943,Motor,West,PRV-01,70,2024-07-27,2025-03-24,2025-04-04,2025-05-20,Glass Damage,Settled,,1627.59,11463.61,9616.97,1
CLM102640,POL10957,CUS22215,Motor,South,PRV-20,74,2025-03-22,2025-04-22,2025-05-03,,Collision,Rejected,Late Notification,3782.77,53537.56,0.0,0
CLM102641,POL11985,CUS22689,Travel,West,PRV-01,46,2025-05-13,2025-08-04,2025-08-13,,Delay,Pending,,903.86,23402.53,0.0,1
CLM102642,POL10812,CUS21460,Motor,North,PRV-29,54,2024-05-18,2024-08-28,2024-09-02,2024-11-10,Collision,Settled,,2280.54,15336.06,14359.78,0
CLM102643,POL11863,CUS22197,Health,West,PRV-05,35,2025-02-09,2025-08-18,2025-08-23,2025-09-24,Emergency,Settled,,3395.42,46288.61,30870.84,0
CLM102644,POL11808,CUS20374,Health,Central,PRV-13,58,2024-05-20,2024-06-03,2024-06-06,2024-08-11,Diagnostic,Settled,,1917.77,24527.28,15063.28,0
CLM102645,POL10021,CUS21884,Motor,North,PRV-10,31,2024-05-04,2025-01-11,2025-01-18,2025-03-09,Theft,Settled,,2750.58,29829.03,26504.37,1
CLM102646,POL12271,CUS21951,Motor,North,PRV-07,54,2025-08-18,2025-09-12,2025-09-15,2025-09-21,Collision,Settled,,2682.64,74813.97,83748.42346543037,0
CLM102647,POL13146,CUS20108,Health,Central,PRV-30,44,2025-01-13,2025-06-19,2025-06-21,2025-08-25,Emergency,Settled,,1001.07,6347.43,4138.53,1
CLM102648,POL13745,CUS21919,Motor,South,PRV-04,32,2024-05-02,2025-02-05,2025-02-05,,Collision,Approved,,6008.82,37672.89,34784.0,0
CLM102649,POL11322,CUS22530,Health,East,PRV-25,62,2024-03-28,2024-05-26,2024-05-31,2024-08-10,Hospitalization,Settled,,10956.63,68178.74,43173.07,1
CLM102650,POL13522,CUS21286,Home,East,PRV-16,64,2024-01-31,2024-08-24,2024-09-02,2024-09-06,Storm,Settled,,3299.31,57486.1,50564.55,2
CLM102651,POL13515,CUS21907,Motor,West,PRV-21,22,2024-11-04,2025-04-18,2025-04-27,,Third Party,Rejected,Policy Exclusion,10797.66,61200.22,0.0,0
CLM102652,POL13953,CUS21001,Health,East,PRV-14,45,2024-03-03,2024-11-04,2024-11-14,2024-12-20,Hospitalization,Settled,,5430.24,42022.27,36582.93,0
CLM102653,POL11492,CUS20947,Motor,South,PRV-01,56,2024-12-27,2025-06-21,2025-06-28,,Theft,Pending,,3281.08,27585.47,0.0,0
CLM102654,POL13403,CUS20453,Motor,North,PRV-16,33,2024-09-25,2025-06-06,2025-06-16,2025-07-04,Third Party,Settled,,11244.03,81278.28,50455.39,1
CLM102655,POL12260,CUS21147,Home,East,PRV-01,33,2025-01-29,2025-05-30,2025-06-08,2025-06-24,Theft,Settled,,13584.34,94734.8,87266.68,1
CLM102656,POL10233,CUS22811,Home,North,PRV-15,52,2024-05-08,2024-06-27,2024-07-06,2024-08-16,Water Damage,Settled,,7478.12,80915.25,67022.36,0
CLM102657,POL11081,CUS23274,Home,Central,PRV-18,40,2024-03-31,2024-10-21,2024-10-27,,Water Damage,Approved,,26999.26,229608.27,215047.56,0
CLM102658,POL12688,CUS22224,Motor,Central,PRV-18,69,2024-03-03,2024-12-18,2024-12-19,,Collision,Rejected,Insufficient Documents,5919.6,50263.39,0.0,0
CLM102659,POL10642,CUS22185,Health,Central,PRV-22,58,2024-02-29,2024-07-08,2024-07-12,,Hospitalization,Rejected,Coverage Limit,2932.94,94090.63,0.0,1
CLM102660,POL11738,CUS22148,Health,Central,PRV-10,63,2024-02-14,2024-10-17,2024-10-27,2024-11-20,Emergency,Settled,,800.0,22265.71,22124.63,2
CLM102661,POL13099,CUS21665,Travel,South,PRV-30,68,2024-06-09,2025-02-27,2025-03-07,,Medical,Pending,,800.0,6979.04,0.0,0
CLM102662,POL10599,CUS21480,Health,Central,PRV-15,59,2025-05-11,2025-11-21,2025-11-21,,Emergency,Pending,,1773.23,15586.01,0.0,1
CLM102663,POL11986,CUS22173,Travel,Central,PRV-21,51,2025-01-11,2025-09-05,2025-09-06,,Medical,Pending,,800.0,4069.47,0.0,2
CLM102664,POL10859,CUS22745,Motor,South,PRV-13,33,2024-06-04,2024-11-20,2024-11-27,,Glass Damage,Pending,,3523.17,24653.53,0.0,2
CLM102665,POL12145,CUS21448,Health,North,PRV-11,33,2025-07-31,2026-03-29,2026-04-09,2026-06-19,Surgery,Settled,,1357.53,11517.44,9274.36,1
CLM102666,POL10962,CUS21980,Home,Central,PRV-16,34,2025-04-16,2025-07-26,2025-08-03,2025-08-15,Storm,Settled,,5316.19,73166.19,51278.3,0
CLM102667,POL13861,CUS21645,Motor,North,PRV-26,21,2025-04-28,2025-10-03,2025-10-14,2025-11-27,Glass Damage,Settled,,10452.87,85054.27,70632.66,0
CLM102668,POL10306,CUS20999,Health,East,PRV-14,66,2025-07-11,2025-08-04,2025-08-04,,Surgery,Approved,,2832.06,41062.08,29251.8,0
CLM102669,POL13854,CUS21016,Health,East,PRV-03,72,2025-04-07,2025-06-05,2025-06-15,2025-06-18,Diagnostic,Settled,,7163.16,46929.61,45860.33,2
CLM102670,POL13167,CUS20275,Travel,North,PRV-20,64,2025-08-16,2026-02-06,2026-02-07,,Trip Cancellation,Rejected,Late Notification,1022.87,10940.04,0.0,0
CLM102671,POL13422,CUS21539,Motor,East,PRV-11,34,2024-07-23,2025-02-25,2025-03-07,,Glass Damage,Approved,,19654.68,119667.99,112714.42,2
CLM102672,POL13406,CUS22493,Travel,East,PRV-22,67,2025-06-14,2025-06-23,2025-07-04,2025-07-18,Delay,Settled,,1486.97,30228.89,25273.48,2
CLM102673,POL10750,CUS22399,Health,West,PRV-25,53,2024-03-10,2024-03-31,2024-04-06,,Emergency,Approved,,5328.29,39230.21,36413.69,1
CLM102674,POL13724,CUS23449,Health,North,PRV-13,73,2024-07-05,2024-07-07,2024-07-13,,Diagnostic,Approved,,4695.53,49741.82,35569.17,0
CLM102675,POL12377,CUS20139,Health,North,PRV-28,61,2025-07-07,2025-12-09,2025-12-14,,Surgery,Approved,,1727.45,35177.29,29817.81,0
CLM102676,POL13848,CUS22662,Motor,North,PRV-22,39,2024-03-23,2024-07-02,2024-07-08,2024-09-17,Collision,Settled,,5827.09,51181.08,35836.96,0
CLM102677,POL13512,CUS22782,Travel,North,PRV-21,51,2024-11-06,2024-11-22,2024-12-01,,Lost Baggage,Approved,,800.0,12568.37,10274.79,1
CLM102678,POL12318,CUS21527,Travel,Central,PRV-28,52,2024-07-30,2025-03-25,2025-03-28,2025-04-09,Medical,Settled,,1440.76,19508.31,11356.65,2
CLM102679,POL11497,CUS20990,Travel,West,PRV-27,41,2024-03-03,2024-08-08,2024-08-11,,Lost Baggage,Pending,,1080.38,10975.81,0.0,1
CLM102680,POL10469,CUS21249,Travel,North,PRV-24,50,2024-05-26,2024-05-29,2024-06-09,,Delay,Rejected,Insufficient Documents,1018.39,12030.01,0.0,0
CLM102681,POL10404,CUS22388,Health,South,PRV-30,60,2024-11-27,2025-06-21,2025-07-01,2025-09-06,Hospitalization,Settled,,15259.62,172801.33,171554.48,0
CLM102682,POL11558,CUS23017,Health,West,PRV-24,35,2025-01-26,2025-10-26,2025-11-01,2025-11-06,Emergency,Settled,,9073.97,101323.77,94860.26,2
CLM102683,POL13243,CUS22249,Home,East,PRV-26,31,2025-02-22,2025-06-28,2025-06-30,2025-09-06,Theft,Settled,,7230.25,222155.2,183602.12,0
CLM102684,POL12021,CUS21799,Motor,East,PRV-22,49,2024-03-22,2024-12-31,2025-01-11,,Collision,Approved,,9773.84,114855.08,76911.21,1
CLM102685,POL11927,CUS22284,Home,West,PRV-14,62,2024-07-17,2024-11-19,2024-11-29,2025-01-14,Theft,Settled,,4063.93,45648.97,38046.13,0
CLM102686,POL10977,CUS20247,Health,West,PRV-12,75,2024-03-05,2024-03-29,2024-04-01,2024-05-13,Hospitalization,Settled,,2682.76,22561.22,20091.23,0
CLM102687,POL12257,CUS22128,Health,East,PRV-25,68,2024-01-06,2024-02-12,2024-02-18,2024-03-26,Diagnostic,Settled,,3745.06,36666.78,27958.39,0
CLM102688,POL12552,CUS20147,Motor,West,PRV-29,72,2024-08-30,2024-09-20,2024-09-25,2024-10-20,Third Party,Settled,,6682.48,119583.29,97653.82,0
CLM102689,POL13928,CUS23356,Motor,South,PRV-18,37,2025-01-20,2025-04-21,2025-05-01,,Third Party,Rejected,Insufficient Documents,2293.24,19403.5,0.0,1
CLM102690,POL12917,CUS23112,Motor,Central,PRV-06,48,2024-08-17,2024-12-11,2024-12-19,2025-02-12,Theft,Settled,,800.0,18609.22,11383.97,2
CLM102691,POL12428,CUS21779,Health,North,PRV-25,34,2024-01-25,2024-06-06,2024-06-11,,Hospitalization,Approved,,8856.54,110719.35,85781.49,3
CLM102692,POL13640,CUS21309,Health,East,PRV-09,32,2024-05-16,2024-10-07,2024-10-18,2024-12-17,Surgery,Settled,,4845.11,39385.66,37008.05,1
CLM102693,POL11699,CUS22563,Motor,South,PRV-23,21,2024-09-25,2025-06-11,2025-06-18,2025-08-27,Glass Damage,Settled,,1235.75,9998.15,7258.86,0
CLM102694,POL13739,CUS22231,Motor,East,PRV-07,66,2024-08-08,2024-08-12,2024-08-17,,Glass Damage,Approved,,816.36,14306.64,13560.42,0
CLM102695,POL11479,CUS22469,Health,East,PRV-26,41,2025-05-26,2026-02-19,2026-03-02,,Hospitalization,Approved,,19483.82,240902.68,193009.37,1
CLM102696,POL10511,CUS21804,Motor,North,PRV-15,67,2025-01-05,2025-03-18,2025-03-23,,Theft,Approved,,1646.68,16691.39,12194.88,0
CLM102697,POL11670,CUS20826,Home,North,PRV-12,32,2025-09-11,2026-06-24,2026-06-29,,Storm,Approved,,5654.1,61649.1,61414.98,3
CLM102698,POL10515,CUS20256,Motor,West,PRV-23,50,2024-04-18,2024-05-29,2024-06-02,2024-07-31,Theft,Settled,,4844.01,36472.77,22716.88,1
CLM102699,POL10473,CUS20991,Health,Central,PRV-22,41,2024-08-17,2024-09-16,2024-09-18,2024-11-17,Hospitalization,Settled,,4504.79,31942.45,22560.32,0
CLM102700,POL13524,CUS21851,Motor,East,PRV-08,45,2024-02-24,2024-04-01,2024-04-04,,Glass Damage,Approved,,1777.99,49212.09,31934.06,0
CLM102701,POL13179,CUS21484,Health,East,PRV-03,55,2024-01-13,2024-04-11,2024-04-12,,Surgery,Approved,,2471.93,17433.71,17300.75,0
CLM102702,POL10884,CUS21772,Health,North,PRV-29,28,2025-07-26,2026-05-04,2026-05-12,2026-06-19,Diagnostic,Settled,,1116.88,6903.89,4263.89,1
CLM102703,POL13350,CUS20971,Health,North,PRV-30,43,2024-11-01,2025-03-20,2025-03-27,,Surgery,Rejected,Coverage Limit,17685.85,105848.86,0.0,0
CLM102704,POL10275,CUS23282,Health,Central,PRV-20,37,2025-02-13,2025-04-04,2025-04-15,2025-05-06,Diagnostic,Settled,,2564.47,66787.88,44665.12,3
CLM102705,POL11137,CUS21283,Health,East,PRV-04,74,2024-06-20,2024-12-29,2025-01-05,,Surgery,Approved,,3627.81,22317.11,18386.28,1
CLM102706,POL12824,CUS22961,Motor,North,PRV-29,18,2024-02-01,2024-07-02,2024-07-02,2024-09-09,Third Party,Settled,,2779.14,50941.23,34087.37,2
CLM102707,POL11215,CUS21368,Health,East,PRV-14,68,2025-07-07,2026-02-03,2026-02-10,2026-04-25,Surgery,Settled,,6644.71,82285.53,57369.28,0
CLM102708,POL12922,CUS21552,Motor,East,PRV-19,43,2025-02-12,2025-09-22,2025-09-24,,Third Party,Approved,,4057.0,46498.9,36750.24,1
CLM102709,POL13497,CUS22113,Health,North,PRV-21,72,2025-03-17,2025-11-08,2025-11-08,,Hospitalization,Rejected,Suspected Misrepresentation,4521.45,60408.55,0.0,1
CLM102710,POL10264,CUS20920,Health,South,PRV-18,25,2024-11-26,2025-01-11,2025-01-18,,Hospitalization,Rejected,Policy Exclusion,7003.79,94381.7,0.0,2
CLM102710,POL10095,CUS20769,Home,East,PRV-07,38,2024-09-07,2025-02-03,2025-02-03,,Theft,Approved,,1801.04,32502.63,26871.08,2
CLM102712,POL13760,CUS21327,Health,Central,PRV-29,48,2024-09-18,2025-03-26,2025-03-30,,Hospitalization,Pending,,8526.81,66175.02,0.0,1
CLM102713,POL12081,CUS22815,Motor,North,PRV-16,36,2025-04-17,2025-10-01,2025-10-11,2025-11-18,Glass Damage,Settled,,4825.71,41221.53,38944.77,0
CLM102714,POL12025,CUS20506,Motor,North,PRV-29,32,2024-05-20,2025-03-07,2025-03-10,2025-03-16,Glass Damage,Settled,,4875.83,39956.55,34114.39,1
CLM102715,POL11854,CUS21531,Motor,Central,PRV-05,19,2024-07-30,2025-05-14,2025-05-22,,Theft,Approved,,2571.4,23764.49,20780.28,3
CLM102716,POL11734,CUS22352,Health,West,PRV-21,69,2024-07-09,2025-03-09,2025-03-13,2025-04-28,Surgery,Settled,,2057.42,32592.56,23741.49,2
CLM102717,POL12760,CUS22471,Home,West,PRV-06,52,2024-11-19,2025-01-30,2025-01-31,,Theft,Rejected,Suspected Misrepresentation,11298.0,95789.32,0.0,3
CLM102718,POL12318,CUS21520,Home,South,PRV-04,25,2025-08-22,2026-01-28,2026-01-30,,Fire,Approved,,16503.57,128874.73,117754.72,1
CLM102719,POL10653,CUS20285,Health,East,PRV-27,66,2025-07-26,2026-03-24,2026-03-24,,Emergency,Approved,,1284.48,33991.38,27609.32,0
CLM102720,POL12506,CUS20055,Motor,Central,PRV-04,43,2024-12-03,2025-02-22,2025-02-23,,Collision,Rejected,Late Notification,11891.89,66748.02,0.0,0
CLM102721,POL12673,CUS21644,Home,Central,PRV-02,74,2024-05-04,2024-12-03,2024-12-04,,Water Damage,Approved,,9346.3,79904.88,44627.86,0
CLM102722,POL10454,CUS22835,Motor,Central,PRV-02,26,2025-08-06,2025-10-20,2025-10-30,,Collision,Approved,,3991.26,31739.69,31546.87,0
CLM102723,POL11506,CUS20098,Health,North,PRV-11,36,2024-07-13,2024-08-24,2024-09-02,,Emergency,Pending,,11957.39,103569.95,0.0,2
CLM102724,POL13162,CUS23106,Home,South,PRV-05,51,2024-08-08,2024-10-19,2024-10-23,2024-12-21,Fire,Settled,,2752.21,20599.13,16048.52,5
CLM102725,POL12474,CUS22365,Health,Central,PRV-03,58,2025-07-03,2026-04-07,2026-04-15,2026-05-30,Surgery,Settled,,4201.98,32693.42,23009.99,1
CLM102726,POL10545,CUS20028,Motor,East,PRV-17,36,2024-06-12,2025-04-06,2025-04-08,2025-05-02,Glass Damage,Settled,,7966.28,53153.54,37033.3,0
CLM102727,POL10160,CUS21202,Motor,West,PRV-07,37,2024-10-13,2025-06-26,2025-07-03,,Theft,Approved,,7763.35,143150.81,105753.77,0
CLM102728,POL12324,CUS20771,Health,North,PRV-14,24,2025-07-22,2025-10-12,2025-10-14,2025-12-17,Hospitalization,Settled,,2609.56,47830.52,38627.99,0
CLM102729,POL11846,CUS23322,Motor,South,PRV-04,67,2024-07-16,2025-03-07,2025-03-14,,Collision,Approved,,2761.91,43883.84,24333.66,1
CLM102730,POL13844,CUS21941,Health,South,PRV-21,52,2025-01-22,2025-03-29,2025-04-02,,Diagnostic,Rejected,Late Notification,4197.2,24050.26,0.0,1
CLM102731,POL12089,CUS21134,Health,Central,PRV-13,70,2024-01-24,2024-03-02,2024-03-12,,Hospitalization,Approved,,936.03,11202.49,9252.51,0
CLM102732,POL13725,CUS20973,Motor,North,PRV-27,49,2025-09-09,2025-11-26,2025-12-06,,Theft,Pending,,12958.0,167359.38,0.0,1
CLM102733,POL10857,CUS21973,Motor,East,PRV-25,66,2024-09-16,2024-10-28,2024-11-01,,Third Party,Approved,,1351.87,20992.97,17923.6,1
CLM102734,POL11789,CUS20017,Home,East,PRV-12,30,2025-02-19,2025-08-30,2025-08-30,2025-09-12,Water Damage,Settled,,15005.82,146812.44,146217.17,0
CLM102735,POL10558,CUS20900,Health,Central,PRV-10,34,2024-11-06,2025-05-30,2025-06-02,2025-06-16,Emergency,Settled,,3500.14,21110.93,12064.42,1
CLM102736,POL12296,CUS20578,Home,North,PRV-27,74,2024-09-26,2024-10-07,2024-10-10,,Theft,Rejected,Suspected Misrepresentation,6915.08,52735.84,0.0,0
CLM102737,POL10753,CUS22170,Health,South,PRV-11,28,2024-09-08,2024-10-11,2024-10-16,2024-12-15,Hospitalization,Settled,,2256.52,38795.64,28643.56,1
CLM102738,POL11969,CUS22342,Motor,North,PRV-27,63,2024-01-12,2024-06-04,2024-06-10,,Glass Damage,Approved,,7474.45,48035.42,30719.23,1
CLM102739,POL11376,CUS21634,Health,Central,PRV-03,68,2024-06-21,2024-07-25,2024-08-05,,Emergency,Approved,,3668.76,21351.65,20299.43,0
CLM102740,POL10742,CUS20490,Health,West,PRV-21,53,2024-08-24,2025-04-29,2025-04-29,,Hospitalization,Approved,,14394.08,105098.41,64591.99,1
CLM102741,POL10387,CUS21297,Health,East,PRV-14,58,2024-08-16,2024-12-14,2024-12-20,,Surgery,Rejected,Coverage Limit,16386.68,137652.79,0.0,1
CLM102742,POL12048,CUS22950,Home,South,PRV-26,72,2024-06-18,2024-10-20,2024-10-22,,Water Damage,Approved,,31172.72,238385.99,151723.08,0
CLM102743,POL13789,CUS20712,Travel,North,PRV-03,18,2025-02-02,2025-02-04,2025-02-10,,Trip Cancellation,Approved,,8375.0,59652.46,44525.55,0
CLM102744,POL10794,CUS20571,Home,Central,PRV-28,61,2025-05-29,2025-12-25,2026-01-01,,Water Damage,Rejected,Late Notification,13468.13,84753.04,0.0,2
CLM102745,POL11619,CUS20390,Health,East,PRV-30,66,2025-07-06,2026-02-07,2026-02-16,2026-04-16,Emergency,Settled,,2647.14,20552.2,17783.15,1
CLM102746,POL10898,CUS22858,Health,West,PRV-14,45,2025-08-25,2026-04-09,2026-04-15,2026-04-27,Diagnostic,Settled,,3379.52,30800.97,26648.57,0
CLM102747,POL13235,CUS20419,Health,Central,PRV-20,18,2025-02-06,2025-07-18,2025-07-20,2025-07-25,Emergency,Settled,,2921.61,50928.01,32939.33,1
CLM102748,POL11659,CUS22035,Motor,Central,PRV-16,73,2024-09-11,2024-12-01,2024-12-11,,Theft,Approved,,2212.59,25687.84,14392.52,1
CLM102749,POL13897,CUS23496,Home,East,PRV-19,57,2025-02-04,2025-02-28,2025-03-04,,Theft,Approved,,2468.2,57818.1,50534.77,1
CLM102750,POL10980,CUS22246,Home,Central,PRV-16,55,2024-03-23,2024-06-26,2024-07-01,2024-08-08,Fire,Settled,,18775.58,134805.43,80579.87,0
CLM102751,POL10322,CUS21443,Motor,East,PRV-20,61,2025-05-21,2025-10-31,2025-11-07,2025-11-26,Theft,Settled,,7080.43,39590.0,28725.97,1
CLM102752,POL12330,CUS20723,Travel,East,PRV-14,25,2024-11-27,2025-01-01,2025-01-04,,Lost Baggage,Rejected,Insufficient Documents,800.0,14532.1,0.0,1
CLM102753,POL12606,CUS20006,Home,Central,PRV-30,67,2024-04-12,2024-04-29,2024-05-10,2024-07-23,Fire,Settled,,3716.12,38697.73,28414.43,1
CLM102754,POL13962,CUS20544,Health,East,PRV-29,23,2024-09-21,2024-11-25,2024-11-25,2025-01-30,Emergency,Settled,,27274.06,202012.96,153417.46,1
CLM102755,POL13485,CUS23335,Travel,West,PRV-24,22,2024-07-05,2024-07-27,2024-07-28,,Trip Cancellation,Rejected,Late Notification,800.0,6456.66,0.0,2
CLM102756,POL13536,CUS20502,Motor,East,PRV-03,23,2024-08-04,2024-08-09,2024-08-20,2024-09-27,Collision,Settled,,8311.07,86631.61,83086.38,1
CLM102757,POL12536,CUS20069,Motor,North,PRV-07,61,2024-02-01,2024-06-26,2024-07-01,,Glass Damage,Approved,,5190.29,34783.62,20553.43,0
CLM102758,POL11439,CUS22856,Motor,East,PRV-11,38,2024-01-10,2024-08-20,2024-08-30,2024-09-30,Collision,Settled,,1454.19,19656.22,18478.44,2
CLM102759,POL11716,CUS21465,Health,West,PRV-04,68,2024-08-04,2025-01-01,2025-01-11,,Surgery,Approved,,2074.29,16085.35,12427.05,0
CLM102760,POL10534,CUS21249,Motor,West,PRV-28,18,2024-07-06,2024-08-03,2024-08-14,2024-10-01,Collision,Settled,,5354.27,44213.25,40193.72,0
CLM102761,POL11724,CUS22511,Travel,South,PRV-09,32,2025-09-11,2025-12-22,2025-12-30,,Lost Baggage,Approved,,1639.19,12141.72,8601.86,1
CLM102762,POL11457,CUS21830,Motor,North,PRV-24,50,2024-06-11,2024-06-22,2024-06-30,2024-07-28,Glass Damage,Settled,,2835.32,42944.0,42117.39,0
CLM102763,POL10143,CUS23201,Motor,East,PRV-28,43,2024-07-23,2025-01-25,2025-02-01,,Collision,Approved,,1417.0,25646.91,23298.96,1
CLM102764,POL10817,CUS21636,Health,North,PRV-09,43,2025-07-21,2025-09-29,2025-10-07,,Surgery,Pending,,6738.86,207115.79,0.0,1
CLM102765,POL12138,CUS22495,Motor,North,PRV-22,24,2025-06-17,2025-10-11,2025-10-14,2025-12-11,Theft,Settled,,1422.95,13943.32,9932.16,2
CLM102766,POL11477,CUS23076,Home,West,PRV-20,39,2024-02-05,2024-11-01,2024-11-10,,Theft,Rejected,Policy Exclusion,4211.82,72585.4,0.0,2
CLM102767,POL13974,CUS21622,Motor,North,PRV-20,19,2024-02-23,2024-08-17,2024-08-19,2024-10-18,Theft,Settled,,2302.29,18031.59,12151.98,1
CLM102768,POL11914,CUS20994,Travel,West,PRV-01,42,2024-02-28,2024-10-14,2024-10-19,2024-11-09,Lost Baggage,Settled,,800.0,5528.76,4140.65,0
CLM102769,POL13834,CUS23410,Health,West,PRV-17,32,2024-10-12,2025-01-25,2025-01-29,2025-02-16,Diagnostic,Settled,,9575.61,61755.36,43809.14,0
CLM102770,POL12642,CUS20793,Motor,South,PRV-16,42,2024-12-20,2025-09-25,2025-10-04,2025-12-14,Collision,Settled,,4526.82,30120.46,25296.75,1
CLM102771,POL10161,CUS20137,Motor,West,PRV-01,56,2024-08-05,2025-03-07,2025-03-10,,Third Party,Approved,,3265.55,38791.65,32429.54,2
CLM102772,POL10813,CUS22023,Motor,West,PRV-28,75,2024-01-09,2024-06-12,2024-06-14,2024-08-15,Third Party,Settled,,4163.03,55924.5,35627.92,2
CLM102773,POL12823,CUS23454,Travel,East,PRV-23,47,2024-05-04,2024-10-25,2024-11-03,2024-11-25,Delay,Settled,,800.0,13827.24,9227.5,0
CLM102774,POL12180,CUS20302,Health,South,PRV-19,42,2025-01-16,2025-07-22,2025-07-27,2025-08-06,Diagnostic,Settled,,6124.76,42694.42,24350.28,2
CLM102775,POL11207,CUS22972,Health,South,PRV-11,23,2024-08-18,2024-10-05,2024-10-13,,Emergency,Rejected,Insufficient Documents,3984.16,38151.24,0.0,0
CLM102776,POL12088,CUS22906,Motor,South,PRV-28,71,2024-03-17,2024-06-01,2024-06-11,2024-06-21,Theft,Settled,,1400.78,17413.03,13287.06,0
CLM102777,POL13611,CUS23251,Home,East,PRV-13,67,2025-02-07,2025-09-01,2025-09-11,,Theft,Pending,,14524.64,107166.0,0.0,1
CLM102778,POL11554,CUS21475,Motor,North,PRV-03,67,2025-01-15,2025-05-27,2025-05-31,2025-08-13,Glass Damage,Settled,,3252.03,45728.67,26902.55,0
CLM102779,POL10180,CUS20891,Health,West,PRV-30,54,2024-10-30,2025-06-22,2025-06-24,2025-08-05,Hospitalization,Settled,,925.35,9098.41,6100.62,2
CLM102780,POL11243,CUS21792,Home,South,PRV-17,42,2025-08-05,2026-01-10,2026-01-21,,Theft,Rejected,Late Notification,5856.8,61395.76,0.0,0
CLM102781,POL13743,CUS20498,Motor,West,PRV-18,22,2025-06-07,2025-06-27,2025-06-30,,Glass Damage,Approved,,10000.74,141784.92,140727.98,0
CLM102782,POL13047,CUS22949,Health,North,PRV-21,20,2024-01-25,2024-08-11,2024-08-20,,Diagnostic,Approved,,5536.85,37268.61,35844.33,0
CLM102783,POL13349,CUS22321,Motor,North,PRV-05,68,2025-07-15,2026-01-14,2026-01-23,2026-03-17,Glass Damage,Settled,,3778.13,27759.84,20244.92,3
CLM102784,POL13646,CUS21691,Motor,South,PRV-01,67,2024-01-31,2024-05-20,2024-05-25,2024-06-21,Theft,Settled,,3759.94,34836.85,27877.75,0
CLM102785,POL10470,CUS21805,Travel,South,PRV-14,60,2024-10-25,2025-06-19,2025-06-20,,Delay,Pending,,1657.32,12397.07,0.0,1
CLM102786,POL11130,CUS22492,Health,Central,PRV-26,30,2025-07-13,2025-10-26,2025-10-31,2025-11-21,Diagnostic,Settled,,4137.34,95308.79,67134.29,1
CLM102787,POL10239,CUS21831,Home,North,PRV-30,20,2025-08-31,2025-10-05,2025-10-06,2025-11-15,Water Damage,Settled,,7415.07,78487.61,73432.1,1
CLM102788,POL10018,CUS22939,Health,Central,PRV-08,21,2024-01-14,2024-02-20,2024-02-24,,Hospitalization,Approved,,8569.8,71401.43,48640.58,0
CLM102789,POL13338,CUS23236,Motor,Central,PRV-30,67,2024-02-14,2024-11-10,2024-11-14,,Collision,Rejected,Insufficient Documents,1508.32,16933.64,0.0,3
CLM102790,POL13747,CUS23324,Health,North,PRV-26,68,2024-05-29,2024-09-19,2024-09-25,,Surgery,Pending,,7711.85,56242.23,0.0,1
CLM102791,POL10623,CUS22170,Health,South,PRV-25,53,2024-06-20,2024-10-23,2024-10-25,,Emergency,Pending,,8769.05,80945.6,0.0,1
CLM102792,POL12888,CUS22598,Motor,Central,PRV-09,56,2024-06-22,2024-09-22,2024-10-02,2024-10-10,Theft,Settled,,2747.64,31425.87,24511.87,1
CLM102793,POL12139,CUS21088,Health,Central,PRV-22,65,2024-09-15,2025-04-24,2025-04-24,2025-05-09,Surgery,Settled,,11386.42,123359.92,116175.9,0
CLM102794,POL10276,CUS20133,Health,West,PRV-30,28,2024-07-16,2025-01-14,2025-01-25,2025-02-08,Surgery,Settled,,11304.65,82253.59,57361.78,1
CLM102795,POL13662,CUS21400,Home,South,PRV-18,67,2024-12-27,2025-09-22,2025-09-25,,Water Damage,Rejected,Suspected Misrepresentation,2794.82,70096.08,0.0,0
CLM102796,POL13484,CUS23050,Motor,North,PRV-27,34,2025-06-13,2026-03-08,2026-03-13,2026-03-20,Glass Damage,Settled,,20334.17,130579.21,83779.39,0
CLM102797,,CUS20467,Home,East,PRV-09,27,2024-12-04,2025-09-26,2025-10-06,,Water Damage,Approved,,5543.56,-143601.92,123192.95,0
CLM102798,POL12831,CUS21909,Motor,West,PRV-26,61,2024-07-24,2024-10-31,2024-11-07,2025-01-05,Theft,Settled,,800.0,9884.59,5703.57,0
CLM102799,POL11588,CUS20673,Motor,Central,PRV-06,70,2024-12-18,2025-06-11,2025-06-11,2025-08-12,Third Party,Settled,,7385.84,48741.24,38588.05,0
CLM102800,POL13171,CUS21502,Motor,Central,PRV-21,25,2025-01-19,2025-05-03,2025-05-10,2025-06-21,Third Party,Settled,,984.88,11429.65,7106.12,3
CLM102801,POL11780,CUS20501,Home,South,PRV-11,36,2025-07-09,2026-02-05,2026-02-11,2026-02-14,Water Damage,Settled,,4116.88,41620.86,34662.5,0
CLM102802,POL13956,CUS22571,Motor,Central,PRV-13,59,2025-08-10,2026-03-22,2026-04-02,,Collision,Approved,,4676.83,54436.36,45049.9,0
CLM102803,POL10252,CUS22836,Health,North,PRV-23,60,2024-06-21,2024-09-05,2024-09-11,,Diagnostic,Pending,,1897.42,43165.47,0.0,0
CLM102804,POL10688,CUS22654,Motor,South,,44,2025-07-23,2026-04-07,2026-04-18,2026-06-12,Third Party,Settled,,6423.85,52965.51,51173.89,0
CLM102805,POL13875,CUS22467,Health,East,PRV-26,49,2025-05-21,2025-08-16,2025-08-22,,Diagnostic,Approved,,23209.68,174037.01,165532.22,0
CLM102806,POL11155,CUS20823,Home,West,PRV-18,66,2024-03-20,2025-01-09,2025-01-11,2025-03-04,Theft,Settled,,5258.76,89908.66,79186.29,1
CLM102807,POL11242,CUS21856,Motor,East,PRV-16,35,2024-12-11,2025-08-23,2025-08-29,,Third Party,Rejected,Suspected Misrepresentation,1727.93,12099.08,0.0,0
CLM102808,POL13165,CUS20366,Travel,Central,PRV-09,55,2024-04-04,2024-04-10,2024-04-21,2024-05-20,Delay,Settled,,893.72,19873.56,11540.63,0
CLM102809,POL10757,CUS21310,Motor,South,PRV-20,35,2024-10-31,2025-02-28,2025-02-28,,Collision,Pending,,3898.69,26662.64,0.0,0
CLM102810,POL12054,CUS21770,Motor,Central,PRV-08,74,2024-01-28,2024-05-24,2024-05-28,,Collision,Rejected,Coverage Limit,13283.21,98248.28,0.0,0
CLM102811,POL11144,CUS22339,Health,North,PRV-23,20,2024-07-04,2025-03-07,2025-03-07,2025-05-07,Emergency,Settled,,2726.39,16343.53,11846.54,2
CLM102812,POL10791,CUS20338,Health,North,PRV-15,67,2024-12-30,2025-08-04,2025-08-14,2025-09-30,Emergency,Settled,,8758.22,57610.5,34515.98,0
CLM102813,POL13857,CUS22845,Motor,South,PRV-16,42,2024-07-07,2024-07-23,2024-07-29,,Theft,Pending,,3053.17,19487.34,0.0,0
CLM102814,POL10799,CUS21606,Health,North,PRV-16,37,2024-01-07,2024-09-15,2024-09-23,2024-11-30,Diagnostic,Settled,,7803.41,44936.01,36259.67,1
CLM102815,POL10377,CUS23084,Motor,West,PRV-02,30,2024-08-28,2024-11-02,2024-11-13,2024-12-06,Theft,Settled,,5850.47,37347.35,23334.1,2
CLM102816,POL12695,CUS21846,Health,West,PRV-24,45,2024-12-01,2025-03-22,2025-03-31,2025-05-16,Emergency,Settled,,7430.18,49713.13,29708.06,2
CLM102817,POL13469,CUS21914,Health,North,PRV-30,68,2025-04-18,2025-06-08,2025-06-12,,Surgery,Pending,,908.28,15286.04,0.0,0
CLM102818,POL10509,CUS22424,Travel,East,PRV-23,72,2024-03-25,2024-05-12,2024-05-23,2024-07-20,Delay,Settled,,3126.83,21826.08,14429.59,3
CLM102819,POL12831,CUS22869,Health,East,PRV-06,36,2024-10-22,2025-03-29,2025-04-03,2025-06-08,Surgery,Settled,,10326.73,82676.06,63263.36,0
CLM102820,POL12163,CUS20551,Health,East,PRV-19,26,2024-05-03,2024-05-29,2024-06-09,2024-08-17,Surgery,Settled,,5875.65,33722.66,31270.97,1
CLM102821,POL13320,CUS21789,Health,East,PRV-05,22,2024-04-05,2024-04-30,2024-05-11,2024-06-29,Diagnostic,Settled,,8537.88,-61866.42,44565.31,0
CLM102822,POL10507,CUS20104,Motor,East,PRV-20,42,2024-03-16,2024-11-06,2024-11-08,,Theft,Rejected,Suspected Misrepresentation,2659.18,38574.32,0.0,0
CLM102823,POL13903,CUS21660,Motor,East,PRV-14,71,2025-04-16,2025-07-28,2025-08-06,2025-10-01,Collision,Settled,,1250.5,22895.02,20683.38,1
CLM102824,POL12476,CUS22847,Travel,East,PRV-27,51,2025-07-24,2026-02-03,2026-02-11,2026-03-08,Medical,Settled,,1288.17,17840.85,15741.49,1
CLM102825,POL13368,CUS23029,Motor,Central,PRV-18,29,2025-02-15,2025-12-07,2025-12-16,,Glass Damage,Approved,,3571.75,35009.97,28869.13,1
CLM102826,POL11447,CUS20992,Home,East,PRV-02,38,2024-08-22,2024-09-07,2024-09-09,2024-11-16,Water Damage,Settled,,10783.08,84324.34,66790.16,2
CLM102827,POL13773,CUS21352,Motor,North,PRV-27,44,2025-08-11,2026-04-06,2026-04-12,2026-05-25,Collision,Settled,,1618.01,25986.43,23088.57,2
CLM102828,POL12505,CUS21930,Home,East,PRV-18,23,2024-11-04,2024-12-07,2024-12-08,2025-01-19,Storm,Settled,,8773.69,135139.75,95810.05,1
CLM102829,POL10507,CUS21385,Motor,Central,PRV-27,74,2024-11-24,2025-07-10,2025-07-20,,Glass Damage,Approved,,1736.0,23060.69,16104.69,0
CLM102830,POL13691,CUS20623,Travel,West,PRV-02,29,2025-01-28,2025-04-30,2025-05-10,,Trip Cancellation,Approved,,6364.6,42123.85,35061.21,0
CLM102831,POL13183,CUS21067,Health,South,PRV-08,25,2025-02-09,2025-03-22,2025-03-28,,Diagnostic,Approved,,5329.3,62835.86,39265.69,0
CLM102832,POL11200,CUS21414,Motor,South,PRV-04,43,2024-11-01,2025-01-09,2025-01-10,,Glass Damage,Pending,,3522.97,84368.12,0.0,3
CLM102833,POL12182,CUS21815,Health,South,PRV-09,50,2024-10-24,2025-02-11,2025-02-18,2025-03-22,Hospitalization,Settled,,2239.72,20041.32,18842.43,0
CLM102834,POL11552,CUS23222,Health,South,PRV-15,68,2024-07-16,2025-02-20,2025-02-25,2025-04-18,Surgery,Settled,,2181.9,70629.07,55218.09,1
CLM102835,POL12173,CUS21906,Motor,North,PRV-20,27,2025-02-26,2025-09-18,2025-09-27,2025-11-09,Third Party,Settled,,5644.84,43072.12,25297.04,2
CLM102836,POL13861,CUS21354,Motor,South,PRV-12,51,2025-02-20,2025-09-26,2025-09-27,,Third Party,Pending,,12654.7,80958.3,0.0,1
CLM102837,POL13595,CUS22311,Health,Central,PRV-15,53,2024-09-27,2024-10-04,2024-10-08,2024-11-28,Surgery,Settled,,3543.65,64480.03,60688.34,0
CLM102838,POL10862,CUS22705,Home,West,PRV-23,35,2025-03-17,2026-01-03,2026-01-07,2026-02-11,Fire,Settled,,10690.47,68226.91,43568.39,0
CLM102839,POL13887,CUS21506,Motor,Central,PRV-13,31,2024-03-26,2024-08-03,2024-08-14,2024-10-14,Glass Damage,Settled,,3377.32,25614.16,21144.03,0
CLM102840,POL11751,CUS21712,Home,Central,PRV-25,27,2024-09-15,2024-10-19,2024-10-22,2024-10-29,Theft,Settled,,1827.1,40798.96,26058.46,3
CLM102841,POL12819,CUS20762,Motor,South,PRV-04,42,2025-09-03,2026-06-08,2026-06-19,,Glass Damage,Rejected,Suspected Misrepresentation,1540.69,24004.2,0.0,0
CLM102842,POL13056,CUS23026,Motor,Central,PRV-24,53,2025-03-30,2025-11-23,2025-12-04,2026-01-31,Theft,Settled,,800.0,8316.36,5520.21,1
CLM102843,POL11931,CUS23033,Health,East,PRV-25,44,2025-03-22,2025-04-16,2025-04-23,2025-06-15,Diagnostic,Settled,,1819.91,29903.27,24916.69,0
CLM102844,POL11826,CUS20612,Motor,North,PRV-18,28,2025-06-19,2025-10-28,2025-10-30,2025-11-20,Theft,Settled,,1019.19,12710.84,10361.79,1
CLM102845,POL11825,CUS21211,Motor,South,PRV-09,35,2025-01-12,2025-10-10,2025-10-12,2025-12-24,Theft,Settled,,8886.99,53487.44,38438.61,0
CLM102846,POL13450,CUS20951,Health,Central,PRV-01,22,2025-02-14,2025-09-07,2025-09-07,,Diagnostic,Rejected,Suspected Misrepresentation,5731.59,90089.47,0.0,1
CLM102847,POL11545,CUS23230,Motor,East,PRV-30,37,2024-10-25,2024-12-23,2025-01-01,,Glass Damage,Pending,,1629.78,9643.37,0.0,1
CLM102848,POL11119,CUS20228,Motor,Central,PRV-01,19,2025-05-27,2025-12-23,2025-12-31,,Glass Damage,Rejected,Insufficient Documents,2455.49,21836.53,0.0,0
CLM102849,POL11446,CUS20725,Health,East,PRV-03,62,2025-03-17,2025-05-13,2025-05-16,,Diagnostic,Pending,,16037.7,149111.02,0.0,1
CLM102850,POL10779,CUS21102,Health,West,PRV-06,58,2024-11-20,2025-03-06,2025-03-14,,Hospitalization,Pending,,5998.7,45768.17,0.0,0
CLM102851,POL11566,CUS21960,Home,South,PRV-06,53,2024-03-19,2024-05-17,2024-05-23,2024-06-18,Theft,Settled,,5127.19,33988.33,23037.2,1
CLM102852,POL10456,CUS20871,Health,West,PRV-09,69,2025-05-14,2025-12-08,2025-12-17,2026-01-11,Emergency,Settled,,25035.52,144176.09,99008.71,0
CLM102853,POL10359,CUS21878,Health,Central,PRV-07,52,2024-07-21,2025-04-26,2025-04-27,,Surgery,Pending,,3725.48,122534.89,0.0,2
CLM102854,POL12895,CUS22615,Motor,Central,PRV-14,48,2024-08-10,2024-08-24,2024-08-26,2024-10-20,Third Party,Settled,,17740.23,197729.47,117110.06,1
CLM102855,POL10309,CUS22900,Home,East,PRV-27,49,2024-03-18,2024-09-15,2024-09-24,,Water Damage,Rejected,Suspected Misrepresentation,3234.27,56886.7,0.0,0
CLM102856,POL12272,CUS20346,Motor,West,PRV-12,34,2024-05-14,2024-07-28,2024-08-01,,Collision,Approved,,2414.49,45761.47,31774.99,0
CLM102857,POL13119,CUS20485,Motor,East,,46,2024-03-19,2024-10-30,2024-11-10,2024-12-05,Third Party,Settled,,1996.78,38359.87,22500.28,1
CLM102858,POL12897,CUS20333,Home,South,PRV-05,29,2024-03-01,2024-04-12,2024-04-22,,Water Damage,Rejected,Policy Exclusion,4163.65,30510.41,0.0,0
CLM102859,POL11784,CUS23184,Home,Central,PRV-26,44,2024-01-14,2024-05-03,2024-05-04,,Theft,Rejected,Insufficient Documents,4725.96,125453.18,0.0,0
CLM102860,POL10774,CUS22282,Health,South,PRV-03,34,2024-07-01,2024-09-01,2024-09-05,2024-09-28,Diagnostic,Settled,,11289.33,72596.11,46758.99,3
CLM102861,POL13722,,Motor,East,PRV-29,32,2025-04-13,2025-12-31,2026-01-08,,Glass Damage,Approved,,1412.35,9884.51,7759.84,1
CLM102862,POL13340,CUS22768,Motor,East,PRV-01,35,2025-06-19,2025-07-14,2025-07-15,,Glass Damage,Rejected,Suspected Misrepresentation,3010.2,32937.71,0.0,2
CLM102863,POL12448,CUS22051,Health,East,PRV-02,23,2024-05-20,2024-11-10,2024-11-20,2025-01-17,Diagnostic,Settled,,1775.97,18929.76,17844.7,1
CLM102864,POL10347,CUS20824,Home,North,PRV-03,53,2024-09-19,2024-10-26,2024-10-27,2024-11-09,Fire,Settled,,2823.81,21432.4,14730.25,2
CLM102865,POL10140,CUS21785,Health,South,PRV-28,26,2025-05-30,2025-11-26,2025-11-27,,Diagnostic,Rejected,Coverage Limit,800.0,24858.09,0.0,0
CLM102866,POL11260,CUS22461,Motor,East,PRV-01,71,2025-03-14,2025-10-30,2025-11-05,,Glass Damage,Pending,,1446.53,16424.8,0.0,2
CLM102867,POL10630,CUS20126,Motor,Central,PRV-27,47,2025-07-14,2026-02-24,2026-02-26,2026-03-14,Theft,Settled,,4131.46,72455.74,59260.74,1
CLM102868,POL13441,CUS22122,Health,West,PRV-01,30,2024-09-17,2024-09-27,2024-10-04,2024-11-01,Diagnostic,Settled,,1558.12,27279.48,20405.24,2
CLM102869,POL10823,CUS21739,Health,North,PRV-22,73,2024-04-14,2024-12-02,2024-12-06,2024-12-10,Emergency,Settled,,4321.86,38386.34,24174.25,0
CLM102870,POL11130,CUS20243,Motor,South,PRV-14,38,2024-03-29,2024-06-26,2024-06-29,2024-07-04,Theft,Settled,,2710.69,40525.0,37250.37,1
CLM102871,POL13902,CUS20922,Motor,North,PRV-08,50,2025-03-15,2025-10-05,2025-10-15,2025-10-18,Theft,Settled,,1266.47,14679.04,11667.67,0
CLM102872,POL13273,CUS21569,Motor,North,PRV-21,52,2024-01-17,2024-11-01,2024-11-02,,Theft,Rejected,Late Notification,2079.32,15111.62,0.0,0
CLM102873,POL10874,CUS21199,Motor,West,PRV-22,71,2024-10-12,2024-11-17,2024-11-22,2024-12-31,Glass Damage,Settled,,4129.68,33547.1,28645.86,2
CLM102874,POL11534,CUS21015,Health,North,PRV-13,43,2024-08-07,2024-11-24,2024-11-26,,Surgery,Rejected,Insufficient Documents,1556.55,19578.35,0.0,0
CLM102875,POL12063,CUS22271,Motor,West,PRV-04,64,2025-07-23,2026-04-09,2026-04-10,2026-04-21,Theft,Settled,,1962.24,52409.66,48851.0,1
CLM102876,POL12657,CUS21415,Health,West,PRV-08,24,2025-09-10,2025-10-23,2025-10-25,2025-12-04,Diagnostic,Settled,,2588.04,76118.95,46513.43,1
CLM102877,POL13744,CUS21741,Home,South,PRV-01,24,2024-10-27,2025-01-14,2025-01-17,2025-02-02,Theft,Settled,,4981.61,48303.32,27217.21,3
CLM102878,POL13484,CUS22794,Travel,Central,PRV-19,27,2024-12-25,2025-06-08,2025-06-12,,Delay,Pending,,1016.91,10907.59,0.0,1
CLM102879,POL13908,CUS20326,Travel,Central,PRV-11,73,2024-08-22,2025-06-16,2025-06-21,2025-07-06,Delay,Settled,,3772.45,25239.38,16798.82,0
CLM102880,POL10162,CUS21259,Motor,West,PRV-19,51,2025-04-26,2025-07-24,2025-07-25,,Glass Damage,Rejected,Policy Exclusion,1878.83,44412.74,0.0,0
CLM102881,POL10945,CUS20255,Motor,West,PRV-17,45,2024-07-01,2024-10-25,2024-10-25,2024-12-18,Glass Damage,Settled,,4996.52,31726.1,17882.35,2
CLM102882,POL12252,CUS23245,Motor,East,PRV-22,53,2025-04-06,2025-11-30,2025-12-01,2026-02-09,Theft,Settled,,2070.08,33453.14,29996.45,0
CLM102883,POL10196,CUS20649,Health,West,PRV-14,38,2025-07-14,2025-08-19,2025-08-26,,Surgery,Pending,,26338.92,318835.74,0.0,1
CLM102884,POL11421,CUS22869,Motor,North,PRV-09,52,2024-04-16,2024-07-23,2024-08-03,,Third Party,Pending,,17469.35,109877.54,0.0,1
CLM102885,POL10614,CUS20668,Motor,West,PRV-19,49,2024-05-20,2024-08-23,2024-08-23,,Third Party,Rejected,Coverage Limit,10247.33,65836.5,0.0,1
CLM102886,POL13731,CUS21134,Motor,South,PRV-29,65,2024-08-22,2024-12-20,2024-12-20,2025-01-31,Third Party,Settled,,6658.46,62091.84,57578.52,0
CLM102887,POL10253,CUS22129,Motor,East,PRV-21,52,2025-05-28,2025-11-16,2025-11-25,,Collision,Pending,,1142.43,27039.85,0.0,0
CLM102888,POL10593,CUS22909,Health,North,PRV-06,29,2025-02-01,2025-04-09,2025-04-17,2025-06-07,Hospitalization,Settled,,3049.52,25718.83,17927.1,1
CLM102889,POL10780,CUS20622,Health,West,PRV-08,36,2024-04-30,2024-08-26,2024-09-03,2024-09-29,Hospitalization,Settled,,2417.94,16760.78,9236.16,2
CLM102890,POL10594,CUS20745,Health,North,PRV-29,44,2024-08-16,2025-05-18,2025-05-20,,Surgery,Approved,,1560.85,22507.96,18741.44,0
CLM102891,POL12274,CUS23086,Travel,East,PRV-22,72,2025-02-02,2025-10-08,2025-10-18,,Delay,Approved,,1747.59,30414.44,29697.03,0
CLM102892,POL11457,CUS21126,Motor,North,PRV-19,44,2025-08-21,2026-06-03,2026-06-10,2026-07-12,Glass Damage,Settled,,800.0,7374.52,7001.27,1
CLM102893,POL13649,CUS20734,Motor,South,PRV-22,44,2024-10-06,2025-04-28,2025-04-29,2025-05-28,Glass Damage,Settled,,25362.02,178109.25,98341.18,1
CLM102894,POL11043,CUS22602,Health,Central,PRV-09,30,2024-02-16,2024-08-09,2024-08-10,,Diagnostic,Pending,,10506.56,99368.42,0.0,0
CLM102895,POL12148,CUS20318,Health,West,PRV-28,21,2024-03-05,2024-05-08,2024-05-15,,Hospitalization,Approved,,3014.06,45723.2,25371.18,2
CLM102896,,CUS23034,Health,North,PRV-06,59,2024-01-18,2024-03-06,2024-03-15,2024-04-03,Emergency,Settled,,14270.76,89004.52,70236.15,2
CLM102897,POL12503,CUS23065,Motor,South,PRV-29,72,2024-03-19,2024-08-28,2024-09-06,2024-09-17,Glass Damage,Settled,,5006.16,31132.61,29068.36,1
CLM102898,POL13185,CUS22997,Travel,North,PRV-07,36,2024-09-12,2025-01-12,2025-01-19,,Delay,Pending,,1084.65,8424.5,0.0,2
CLM102899,POL10807,CUS21033,Motor,North,PRV-10,31,2024-06-23,2025-02-14,2025-02-20,2025-03-27,Theft,Settled,,800.0,16922.75,14515.21,0
CLM102900,POL12029,CUS20399,Motor,West,PRV-20,53,2024-07-05,2024-07-08,2024-07-16,,Collision,Rejected,,800.0,5555.8,0.0,1
CLM102901,POL13202,CUS21488,Health,Central,PRV-15,74,2025-04-20,2026-01-12,2026-01-13,2026-01-18,Emergency,Settled,,8665.99,70570.13,69621.57,0
CLM102902,POL13452,CUS21171,Travel,South,PRV-29,42,2024-10-22,2024-12-12,2024-12-16,,Medical,Approved,,3681.77,25012.81,14253.28,1
CLM102903,POL12471,CUS23356,Health,Central,PRV-26,72,2025-03-27,2025-07-24,2025-07-25,2025-09-11,Emergency,Settled,,3853.98,38105.7,31800.04,0
CLM102904,POL12607,CUS22210,Travel,South,PRV-27,31,2024-12-02,2025-03-19,2025-03-29,2025-06-01,Delay,Settled,,1898.67,25112.54,14204.85,0
CLM102905,POL13456,CUS23305,Motor,West,PRV-18,74,2024-05-07,2025-02-08,2025-02-15,,Glass Damage,Approved,,5583.95,34325.12,19524.67,1
CLM102906,POL12499,CUS22628,Health,West,PRV-30,29,2025-08-10,2026-03-14,2026-03-23,2026-05-04,Diagnostic,Settled,,800.0,9062.19,6086.57,2
CLM102907,POL13795,CUS22502,Home,East,PRV-22,18,2024-10-22,2024-11-02,2024-11-07,,Storm,Rejected,Coverage Limit,5998.02,35822.77,0.0,4
CLM102908,POL10510,CUS20391,Health,South,PRV-10,46,2025-06-02,2026-02-13,2026-02-24,,Emergency,Pending,,8130.47,74013.52,0.0,0
CLM102909,POL11391,CUS20241,Motor,South,PRV-18,28,2024-03-01,2024-09-20,2024-10-01,,Glass Damage,Approved,,8195.59,67098.98,41552.87,1
CLM102910,POL10448,CUS20162,Travel,West,PRV-12,31,2025-06-10,2025-07-01,2025-07-08,2025-08-12,Trip Cancellation,Settled,,1065.88,21867.0,21000.21,1
CLM102911,POL10362,CUS22076,Motor,East,PRV-09,46,2025-03-19,2025-11-08,2025-11-18,2026-01-19,Third Party,Settled,,2574.59,36707.6,20873.8,2
CLM102912,POL11887,CUS20705,Health,Central,PRV-23,57,2024-06-03,2024-06-14,2024-06-21,,Emergency,Approved,,27989.23,158846.72,131098.3,1
CLM102913,POL10903,CUS23461,Home,West,PRV-13,58,2025-05-06,2025-09-11,2025-09-19,,Fire,Rejected,Policy Exclusion,12025.56,87268.1,0.0,0
CLM102914,POL11628,CUS20464,Travel,North,PRV-08,53,2025-04-05,2025-05-24,2025-05-26,,Medical,Rejected,Coverage Limit,1801.02,17733.37,0.0,0
CLM102915,POL11751,CUS23314,Travel,East,PRV-26,35,2025-07-07,2025-07-11,2025-07-22,2025-08-13,Trip Cancellation,Settled,,1290.34,11923.98,8529.43,1
CLM102916,POL12483,CUS22336,Home,East,PRV-11,63,2024-05-10,2024-10-25,2024-10-27,,Water Damage,Approved,,3636.7,84242.79,53218.67,1
CLM102917,POL13782,CUS20371,Motor,Central,PRV-23,74,2025-07-03,2026-01-25,2026-02-02,2026-02-11,Glass Damage,Settled,,4740.5,32139.1,19438.03,2
CLM102918,POL13397,CUS20204,Travel,South,PRV-09,25,2025-04-17,2025-09-08,2025-09-15,2025-11-14,Delay,Settled,,800.0,10332.39,6345.51,1
CLM102919,POL11513,CUS21385,Health,East,PRV-12,28,2024-07-28,2024-11-08,2024-11-09,2024-12-14,Hospitalization,Settled,,3797.9,43134.06,33895.05,0
CLM102920,POL11302,CUS21186,Health,East,PRV-13,69,2024-08-05,2025-01-06,2025-01-15,,Surgery,Approved,,5696.73,62192.83,50908.54,1
CLM102921,POL13083,CUS21104,Health,North,PRV-15,26,2024-06-06,2024-07-22,2024-07-22,2024-09-25,Emergency,Settled,,2322.56,19280.34,17444.67,2
CLM102922,POL10494,CUS21849,Home,South,PRV-24,48,2024-10-22,2024-11-06,2024-11-12,2025-01-25,Theft,Settled,,3054.65,33084.12,30172.95,0
CLM102923,POL12161,CUS20454,Health,North,PRV-11,58,2025-07-09,2025-08-25,2025-09-03,2025-11-13,Hospitalization,Settled,,8823.25,50677.2,47091.83,1
CLM102924,POL11692,CUS20453,Home,Central,PRV-01,55,2025-06-03,2025-06-20,2025-06-21,2025-08-24,Theft,Settled,,3907.98,26107.96,16235.41,0
CLM102925,POL10731,CUS22431,Motor,South,PRV-05,34,2024-03-31,2024-11-16,2024-11-20,2024-12-26,Glass Damage,Settled,,10946.97,62950.2,55735.5,2
CLM102926,POL12465,CUS23466,Motor,South,PRV-01,74,2024-03-22,2024-09-21,2024-09-27,2024-11-23,Theft,Settled,,3107.88,28827.28,16798.42,2
CLM102927,POL11282,CUS20958,Health,West,PRV-28,23,2024-02-06,2024-04-03,2024-04-14,,Surgery,Pending,,4148.58,55068.2,0.0,0
CLM102928,POL10742,CUS23261,Motor,South,PRV-01,48,2025-01-15,2025-07-05,2025-07-09,2025-08-27,Third Party,Settled,,2108.53,11899.4,9357.82,0
CLM102929,POL12612,CUS21207,Health,Central,PRV-28,61,2024-07-13,2024-12-05,2024-12-06,,Emergency,Rejected,Insufficient Documents,1011.65,23982.2,0.0,0
CLM102930,POL10696,CUS21175,Motor,East,PRV-20,69,2025-04-16,2025-05-20,2025-05-21,2025-06-10,Third Party,Settled,,5630.64,33305.19,27606.82,0
CLM102931,POL12691,CUS20316,Health,South,PRV-01,19,2025-04-16,2026-02-01,2026-02-03,2026-03-31,Emergency,Settled,,1647.64,37136.39,29749.61,0
CLM102932,POL10648,CUS21481,Motor,Central,PRV-11,36,2024-05-02,2025-02-07,2025-02-17,,Glass Damage,Pending,,4820.56,31916.62,0.0,1
CLM102933,POL11739,CUS21742,Motor,North,PRV-24,72,2025-03-06,2025-10-19,2025-10-28,,Theft,Approved,,9388.49,63871.72,61632.9,0
CLM102934,POL13231,CUS22323,Health,South,PRV-15,66,2025-04-18,2025-12-16,2025-12-21,,Surgery,Pending,,1845.79,14313.44,0.0,1
CLM102935,POL10914,CUS20553,Motor,West,PRV-25,22,2025-09-03,2026-02-14,2026-02-24,,Third Party,Approved,,1211.14,8217.61,7399.61,0
CLM102936,POL13070,CUS20660,Motor,East,PRV-14,72,2025-03-24,2025-11-20,2025-12-01,2026-02-07,Collision,Settled,,1355.18,31363.54,22358.42,1
CLM102937,POL12887,CUS21512,Motor,Central,PRV-11,59,2024-08-10,2025-01-15,2025-01-25,,Collision,Approved,,3550.32,41270.05,23550.77,1
CLM102938,POL13610,CUS20243,Motor,West,PRV-07,28,2025-09-11,2025-10-31,2025-10-31,2025-11-21,Collision,Settled,,3223.5,40056.43,28844.75,2
CLM102939,POL10675,CUS20501,Health,South,PRV-20,31,2024-06-20,2024-08-10,2024-08-11,,Emergency,Pending,,2110.2,11906.56,0.0,1
CLM102940,POL12860,,Motor,West,PRV-24,46,2025-05-14,2026-01-25,2026-02-02,,Glass Damage,Approved,,2635.91,26129.1,30278.354348104855,0
CLM102941,POL13746,CUS23338,Motor,West,PRV-21,59,2024-08-22,2025-01-03,2025-01-07,2025-01-17,Glass Damage,Settled,,1101.87,29424.33,17269.22,0
CLM102942,POL13052,CUS22005,Health,South,PRV-06,69,2025-08-02,2026-03-09,2026-03-10,,Hospitalization,Rejected,Policy Exclusion,3050.41,44274.97,0.0,0
CLM102943,POL10751,CUS20507,Health,West,PRV-11,43,2025-04-29,2025-06-12,2025-06-19,2025-08-30,Surgery,Settled,,2555.69,16318.55,13314.05,0
CLM102944,POL13288,CUS23468,Health,Central,PRV-21,38,2025-01-06,2025-05-20,2025-05-24,2025-08-06,Surgery,Settled,,7239.19,44209.6,25068.48,0
CLM102945,POL10429,CUS21826,Motor,East,PRV-07,59,2024-05-12,2024-06-06,2024-06-17,2024-07-11,Collision,Settled,,3783.39,22373.18,18804.31,0
CLM102946,POL12355,CUS22508,Travel,East,PRV-23,58,2024-04-26,2024-07-02,2024-07-08,2024-08-17,Trip Cancellation,Settled,,800.0,9834.98,9634.22,0
CLM102947,POL11990,CUS20689,Health,East,PRV-28,60,2025-08-10,2025-09-12,2025-09-14,2025-09-20,Surgery,Settled,,1974.0,14818.39,8572.17,1
CLM102948,POL12124,CUS22024,Motor,West,PRV-08,23,2025-05-12,2025-07-14,2025-07-25,2025-08-09,Glass Damage,Settled,,3964.36,43877.73,31176.05,1
CLM102949,POL12078,CUS20267,Travel,East,PRV-12,39,2024-11-13,2025-05-14,2025-05-21,,Medical,Pending,,4543.77,32381.25,0.0,1
CLM102950,POL10125,CUS22190,Health,West,PRV-22,35,2025-06-27,2025-06-29,2025-07-02,,Emergency,Rejected,Insufficient Documents,5244.14,34128.81,0.0,0
CLM102951,POL12032,CUS20708,Health,East,PRV-23,75,2025-04-30,2025-06-27,2025-06-28,,Emergency,Approved,,5548.54,80194.86,77257.13,1
CLM102952,POL13746,CUS23183,Home,South,PRV-07,56,2024-08-28,2025-03-23,2025-03-29,2025-04-25,Fire,Settled,,3451.24,32853.1,32686.74,0
CLM102953,POL11746,CUS20191,Motor,East,PRV-15,57,2025-05-27,2025-07-11,2025-07-19,,Theft,Approved,,3987.05,50409.64,36571.64,0
CLM102954,POL11107,CUS22284,Home,Central,PRV-16,43,2025-05-08,2025-10-22,2025-11-01,,Water Damage,Rejected,,9751.84,99116.38,0.0,1
CLM102955,POL13979,CUS20487,Health,Central,PRV-25,71,2024-10-23,2025-07-10,2025-07-11,,Emergency,Approved,,8955.38,121689.01,121041.23,2
CLM102956,POL10395,CUS22404,Motor,South,PRV-22,56,2024-01-13,2024-09-03,2024-09-08,,Glass Damage,Approved,,4493.05,55507.23,32025.18,1
CLM102957,POL11945,CUS21727,Motor,South,PRV-05,54,2025-04-04,2025-05-11,2025-05-22,,Glass Damage,Approved,,800.0,10506.61,7282.79,0
CLM102958,POL12050,CUS23386,Motor,South,PRV-05,50,2024-07-29,2024-09-12,2024-09-19,,Theft,Pending,,4663.68,62376.78,0.0,1
CLM102959,POL11911,CUS22281,Travel,Central,PRV-28,108,2024-08-14,2025-03-13,2025-03-14,2025-04-27,Delay,Settled,,1807.31,15487.53,13719.62,1
CLM102960,POL13686,CUS21301,Motor,North,PRV-21,71,2025-03-18,2025-06-30,2025-07-11,2025-08-02,Glass Damage,Settled,,4368.16,36388.4,30676.98,0
CLM102961,POL11687,CUS20305,Motor,South,PRV-26,44,2025-05-17,2025-09-19,2025-09-27,2025-10-07,Third Party,Settled,,4338.23,25805.81,24220.1,0
CLM102962,POL13893,CUS22085,Health,North,PRV-04,24,2024-02-24,2024-07-16,2024-07-21,2024-09-22,Hospitalization,Settled,,5880.7,66383.32,42194.23,1
CLM102963,POL10267,CUS21543,Health,South,PRV-16,28,2025-05-25,2025-11-15,2025-11-24,2025-12-05,Surgery,Settled,,3251.27,25278.01,33947.43897392454,1
CLM102964,POL12935,CUS20183,Motor,West,PRV-03,54,2024-06-30,2024-11-12,2024-11-19,,Collision,Approved,,5150.63,29462.4,25657.55,0
CLM102965,POL12371,CUS22034,Home,East,PRV-15,63,2024-12-17,2024-12-24,2024-12-27,2025-01-13,Storm,Settled,,5389.23,53916.94,36492.79,0
CLM102966,POL10962,CUS20734,Health,Central,PRV-11,44,2025-06-22,2025-07-21,2025-07-30,2025-08-02,Surgery,Settled,,2587.51,17617.36,16742.65,0
CLM102967,POL10911,CUS20819,Home,South,PRV-10,52,2024-05-15,2024-05-16,2024-05-19,2024-06-06,Theft,Settled,,48110.72,274193.14,175222.52,0
CLM102968,POL12878,CUS20031,Motor,South,PRV-07,71,2024-05-16,2024-08-04,2024-08-06,,Theft,Approved,,2290.43,15427.28,9305.62,1
CLM102969,POL12550,CUS21302,Motor,West,PRV-04,26,2025-08-24,2026-04-26,2026-05-03,,Glass Damage,Pending,,3088.94,73414.26,0.0,0
CLM102970,POL12444,CUS20763,Health,South,PRV-05,67,2024-08-19,2025-06-06,2025-06-06,,Emergency,Rejected,Policy Exclusion,2829.68,47987.52,0.0,0
CLM102971,POL10203,CUS20251,Motor,North,PRV-17,48,2025-08-10,2025-12-31,2026-01-07,,Theft,Rejected,Late Notification,7334.36,98802.45,0.0,1
CLM102972,POL12391,CUS21520,Health,East,PRV-08,36,2024-08-09,2024-08-18,2024-08-24,2024-10-07,Surgery,Settled,,33495.71,251975.55,239634.68,0
CLM102973,POL13925,CUS20770,Motor,Central,PRV-10,26,2025-01-19,2025-02-10,2025-02-18,2025-04-24,Collision,Settled,,4757.4,36394.97,30118.85,0
CLM102974,POL10069,CUS20469,Home,Central,PRV-23,66,2024-11-12,2025-07-14,2025-07-15,2025-08-15,Fire,Settled,,1780.1,35198.85,33902.67,2
CLM102975,POL11876,CUS21633,Home,Central,PRV-13,50,2025-09-02,2025-12-14,2025-12-20,2026-02-06,Storm,Settled,,3859.09,39620.19,31475.93,0
CLM102976,POL11977,CUS20221,Home,North,PRV-26,51,2024-12-07,2025-08-28,2025-09-02,2025-09-28,Storm,Settled,,1444.23,15483.93,14914.99,1
CLM102977,POL13587,CUS23466,Travel,West,PRV-19,55,2024-11-07,2025-04-08,2025-04-10,2025-05-12,Delay,Settled,,1934.4,14492.03,13645.43,1
CLM102978,POL11131,CUS21648,Travel,East,PRV-29,34,2024-10-16,2025-07-06,2025-07-11,2025-07-22,Lost Baggage,Settled,,800.0,3539.66,2700.93,1
CLM102979,POL11902,CUS23486,Health,South,PRV-22,24,2024-08-20,2024-09-30,2024-10-11,2024-11-02,Hospitalization,Settled,,3266.93,49750.44,27507.62,1
CLM102980,POL12868,CUS23084,Health,Central,PRV-29,23,2024-09-29,2025-06-13,2025-06-22,,Hospitalization,Rejected,Insufficient Documents,8697.06,72773.46,0.0,0
CLM102981,POL10241,CUS23428,Home,East,PRV-22,58,2024-10-12,2025-03-25,2025-03-26,2025-04-19,Theft,Settled,,1725.8,40679.39,31473.32,0
CLM102982,POL13204,CUS21899,Travel,South,PRV-19,27,2025-04-18,2025-08-27,2025-09-06,2025-10-29,Trip Cancellation,Settled,,3996.2,30662.63,27088.19,1
CLM102983,POL13288,CUS21480,Travel,East,PRV-12,24,2024-01-29,2024-07-06,2024-07-12,,Medical,Rejected,Suspected Misrepresentation,1767.18,18424.59,0.0,0
CLM102984,POL12878,CUS22519,Home,South,PRV-21,54,2024-11-06,2025-02-12,2025-02-12,,Fire,Pending,,1244.65,11268.71,0.0,0
CLM102985,POL12592,CUS20282,Motor,East,PRV-13,42,2024-12-06,2025-06-05,2025-06-16,2025-08-03,Third Party,Settled,,7595.32,50534.95,35940.61,0
CLM102986,POL12990,CUS22940,Travel,Central,PRV-10,46,2025-04-11,2025-11-28,2025-12-04,2026-02-15,Delay,Settled,,1218.34,21319.82,15134.8,0
CLM102987,POL13127,CUS21132,Travel,East,PRV-01,24,2025-02-17,2025-10-18,2025-10-28,,Trip Cancellation,Approved,,800.0,10620.93,8610.87,0
CLM102988,POL13613,CUS20025,Health,North,PRV-27,25,2024-09-24,2025-07-14,2025-07-15,,Emergency,Pending,,4000.12,24219.36,0.0,1
CLM102989,POL11712,CUS20832,Home,South,PRV-09,55,2024-03-08,2024-07-10,2024-07-12,2024-09-07,Water Damage,Settled,,4594.2,32549.13,26236.9,2
CLM102990,POL11824,CUS20848,Health,Central,PRV-11,69,2024-08-18,2025-04-05,2025-04-15,2025-04-11,Diagnostic,Settled,,4077.26,58746.37,46215.6,0
CLM102991,POL12551,CUS20049,Travel,West,PRV-24,32,2024-06-07,2025-02-28,2025-03-02,,Medical,Approved,,3811.44,27597.29,18986.55,3
CLM102992,POL10772,CUS22340,Motor,Central,PRV-23,51,2024-05-06,2024-05-12,2024-05-18,2024-06-23,Third Party,Settled,,3222.91,32693.93,24790.79,0
CLM102993,POL13424,CUS20333,Home,East,PRV-21,29,2025-03-23,2025-08-12,2025-08-19,2025-08-30,Water Damage,Settled,,14753.76,120347.85,75928.47,0
CLM102994,POL13082,CUS22963,Motor,North,PRV-24,74,2024-10-23,2025-05-21,2025-06-01,,Glass Damage,Rejected,Policy Exclusion,7203.58,48673.9,0.0,0
CLM102995,POL12524,CUS21586,Motor,Central,PRV-30,48,2025-05-07,2025-09-21,2025-09-25,,Theft,Rejected,Late Notification,2157.51,58766.35,0.0,0
CLM102996,POL11206,CUS22513,Motor,West,PRV-30,33,2024-03-26,2024-04-25,2024-05-04,,Collision,Pending,,1278.61,10508.23,0.0,0
CLM102997,POL11390,CUS21188,Health,North,PRV-15,24,2025-09-03,2026-03-19,2026-03-27,2026-04-21,Hospitalization,Settled,,10061.34,124568.16,100296.51,0
CLM102998,POL11739,CUS20461,Motor,North,PRV-01,28,2024-10-20,2025-02-19,2025-02-27,2025-03-18,Theft,Settled,,5595.34,52087.3,65677.0230729226,2
CLM102999,POL12650,CUS20631,Travel,West,PRV-04,65,2024-06-05,2024-12-07,2024-12-13,2025-02-23,Trip Cancellation,Settled,,1269.76,15015.56,14862.85,0
CLM103000,POL13112,CUS22260,Health,South,PRV-08,68,2024-08-12,2024-08-13,2024-08-13,2024-10-13,Surgery,Settled,,6608.45,38610.37,26427.9,0
CLM103001,POL12687,CUS22506,Home,North,PRV-17,54,2025-06-05,2025-06-09,2025-06-12,,Theft,Pending,,11084.17,92697.53,0.0,1
CLM103002,POL13719,CUS20936,Motor,South,PRV-15,61,2025-03-16,2025-09-13,2025-09-19,,Glass Damage,Approved,,4186.31,26666.13,23070.06,2
CLM103003,POL13842,CUS21249,Motor,North,PRV-19,29,2024-04-16,2025-02-04,2025-02-08,2025-02-15,Third Party,Settled,,2051.98,29952.05,29488.43,1
CLM103004,POL12819,CUS23307,Home,Central,PRV-24,30,2025-09-05,2026-03-16,2026-03-18,2026-03-31,Water Damage,Settled,,2389.99,28219.9,24657.41,0
CLM103005,POL11483,CUS22981,Health,North,PRV-22,97,2024-03-22,2024-12-29,2025-01-06,2025-02-14,Diagnostic,Settled,,3254.9,21983.65,18117.32,0
CLM103006,POL12396,CUS21445,Health,South,PRV-22,38,2024-06-19,2025-02-28,2025-03-05,2025-03-30,Emergency,Settled,,800.0,12075.95,9143.93,2
CLM103007,POL11700,CUS20843,Home,South,PRV-26,52,2025-03-28,2025-06-21,2025-06-30,,Fire,Approved,,21392.61,118848.43,90563.76,1
CLM103008,POL12516,CUS21054,Home,Central,PRV-03,36,2024-11-24,2024-12-25,2024-12-31,,Fire,Pending,,11944.07,92581.15,0.0,1
CLM103009,POL13248,CUS21884,Health,Central,PRV-12,24,2024-10-03,2025-03-20,2025-03-24,2025-05-30,Hospitalization,Settled,,10113.4,61471.11,61385.88,1
CLM103010,POL11477,CUS21983,Travel,West,PRV-26,58,2025-07-28,2026-01-30,2026-01-31,,Delay,Pending,,800.0,16523.04,0.0,2
CLM103011,POL12023,CUS20644,Health,West,PRV-04,22,2025-05-07,2025-12-24,2025-12-25,,Emergency,Approved,,1456.38,15817.39,12877.49,1
CLM103012,POL10182,CUS20230,Health,West,PRV-13,30,2025-08-19,2026-01-22,2026-01-28,2026-02-08,Surgery,Settled,,3457.93,43015.4,27151.32,1
CLM103013,POL12946,CUS21733,Motor,North,PRV-24,21,2024-06-24,2025-03-27,2025-03-31,,Glass Damage,Approved,,9331.68,53128.2,39548.55,0
CLM103014,POL11959,CUS22791,Motor,North,PRV-26,22,2025-06-11,2026-02-19,2026-02-27,,Third Party,Pending,,1440.64,27858.73,0.0,1
CLM103015,POL11838,CUS20533,Motor,East,PRV-25,21,2024-05-12,2024-11-04,2024-11-11,2024-12-12,Glass Damage,Settled,,6095.55,42858.62,27792.56,1
CLM103016,POL12129,CUS21429,Home,Central,PRV-27,65,2025-05-14,2025-10-26,2025-10-29,2026-01-01,Storm,Settled,,5106.44,40973.77,32631.23,0
CLM103017,POL10861,CUS20565,Health,Central,PRV-02,28,2024-12-06,2024-12-12,2024-12-21,,Emergency,Approved,,6512.47,41295.63,27189.17,0
CLM103018,POL12391,CUS20847,Motor,South,PRV-28,18,2025-01-05,2025-08-27,2025-09-02,2025-10-20,Theft,Settled,,2482.19,14055.97,11947.15,1
CLM103019,POL12980,CUS22142,Health,West,PRV-15,64,2024-03-12,2024-10-02,2024-10-12,,Diagnostic,Approved,,23058.03,152819.97,109951.86,0
CLM103020,POL11398,CUS21001,Motor,Central,PRV-24,53,2025-06-29,2026-03-24,2026-04-04,,Collision,Rejected,Policy Exclusion,1192.46,17581.94,0.0,0
CLM103021,POL10524,CUS20923,Motor,West,PRV-09,73,2024-06-21,2024-07-19,2024-07-30,2024-08-13,Glass Damage,Settled,,6263.68,40375.22,34964.64,0
CLM103022,POL11547,CUS23484,Travel,West,PRV-23,35,2025-01-05,2025-02-18,2025-02-19,2025-04-13,Trip Cancellation,Settled,,5643.48,51768.46,44097.68,0
CLM103023,POL10794,CUS20603,Health,Central,PRV-05,73,2024-04-13,2024-10-31,2024-11-06,,Surgery,Rejected,Policy Exclusion,14262.35,111427.68,0.0,1
CLM103024,POL11495,CUS20662,Motor,Central,PRV-16,42,2025-07-28,2025-12-22,2025-12-22,2026-01-22,Third Party,Settled,,1735.52,24082.26,23324.61,0
CLM103025,POL12507,CUS23254,Health,North,PRV-02,52,2024-07-17,2025-01-09,2025-01-19,2025-02-19,Emergency,Settled,,3863.91,25353.34,17689.35,0
CLM103026,POL10453,CUS21925,Health,East,PRV-17,21,2025-04-17,2025-08-25,2025-09-02,2025-11-09,Diagnostic,Settled,,5064.44,52389.33,45749.85,4
CLM103027,POL12989,CUS20150,Home,East,PRV-30,25,2025-04-19,2025-10-28,2025-10-31,2026-01-03,Storm,Settled,,17581.8,116239.36,105447.69,0
CLM103028,POL10898,CUS21487,Travel,Central,PRV-16,27,2024-12-07,2025-06-22,2025-06-29,2025-07-29,Lost Baggage,Settled,,4141.35,44015.68,28531.82,0
CLM103029,POL13578,CUS21978,Health,West,PRV-02,60,2024-03-15,2024-05-11,2024-05-17,,Emergency,Approved,,7231.3,59040.08,45070.64,0
CLM103030,POL12929,CUS20886,Health,South,PRV-16,47,2024-06-22,2025-02-05,2025-02-11,,Diagnostic,Rejected,Policy Exclusion,1122.41,24696.0,0.0,0
CLM103031,POL11090,CUS21918,Motor,West,PRV-07,60,2025-01-14,2025-06-11,2025-06-17,,Theft,Approved,,1675.83,38199.97,26684.31,0
CLM103032,POL12252,CUS22269,Health,North,PRV-07,40,2024-11-28,2025-05-20,2025-05-31,2025-07-07,Emergency,Settled,,7403.24,42806.79,28744.31,0
CLM103033,POL10442,CUS20877,Motor,Central,PRV-18,38,2024-12-28,2025-07-01,2025-07-10,2025-07-14,Theft,Settled,,5068.0,36484.09,32732.32,1
CLM103034,POL10398,CUS22843,Motor,North,PRV-10,44,2024-06-03,2025-01-12,2025-01-16,,Third Party,Rejected,Suspected Misrepresentation,1735.79,31049.23,0.0,0
CLM103035,POL13824,CUS21584,Home,North,PRV-12,39,2024-11-29,2025-02-27,2025-03-08,,Water Damage,Rejected,Insufficient Documents,9205.61,76931.18,0.0,0
CLM103036,POL13209,CUS23372,Health,North,PRV-06,18,2024-02-22,2024-02-25,2024-02-26,,Surgery,Pending,,4757.52,32324.67,0.0,1
CLM103037,POL10617,CUS20307,Health,West,PRV-20,35,2024-10-27,2024-12-21,2024-12-24,,Surgery,Approved,,9166.42,76510.3,68375.07,1
CLM103038,POL11130,CUS21134,Motor,North,PRV-22,71,2024-02-26,2024-12-11,2024-12-12,2025-01-23,Theft,Settled,,4884.47,50217.14,30859.28,1
CLM103039,POL10790,CUS22524,Home,North,PRV-27,62,2025-02-15,2025-04-23,2025-05-03,2025-05-18,Storm,Settled,,11598.73,74692.28,62727.91,0
CLM103040,POL11580,CUS23132,Motor,East,PRV-13,48,2024-12-17,2025-03-02,2025-03-02,2025-04-21,Glass Damage,Settled,,2974.07,79063.38,50656.12,1
CLM103041,POL11165,CUS20775,Health,North,PRV-01,42,2025-06-12,2026-02-24,2026-03-06,2026-03-16,Diagnostic,Settled,,5470.9,43767.04,28436.77,1
CLM103042,POL11312,CUS23430,Home,South,PRV-08,43,2024-10-13,2024-12-23,2025-01-01,2025-03-11,Fire,Settled,,28698.82,284284.14,259521.87,1
CLM103043,POL12117,CUS20676,Health,East,PRV-30,58,2024-04-10,2024-08-27,2024-09-07,2024-11-02,Hospitalization,Settled,,2232.1,17544.51,15034.2,1
CLM103044,POL10756,CUS21456,Travel,Central,PRV-24,68,2024-05-25,2024-09-13,2024-09-22,2024-10-06,Medical,Settled,,800.0,10699.56,9036.14,0
CLM103045,POL13531,CUS21102,Motor,Central,PRV-17,45,2025-05-19,2025-12-03,2025-12-08,,Third Party,Approved,,2529.32,46519.42,45026.32,0
CLM103046,POL12910,CUS21485,Health,South,PRV-27,21,2025-08-17,2026-02-11,2026-02-20,,Emergency,Approved,,7477.41,42454.14,39974.54,1
CLM103047,POL13042,CUS23158,Travel,East,PRV-08,56,2024-02-08,2024-07-11,2024-07-22,2024-07-30,Trip Cancellation,Settled,,1524.82,9551.92,8893.52,0
CLM103048,POL10677,CUS22563,Health,North,PRV-01,43,2025-02-23,2025-07-23,2025-08-02,,Surgery,Approved,,6047.69,36357.08,22223.55,2
CLM103049,POL12832,CUS22787,Health,Central,PRV-20,67,2024-10-25,2025-07-02,2025-07-11,2025-09-02,Diagnostic,Settled,,2516.89,17320.37,10819.86,0
CLM103050,POL13344,CUS20888,Health,East,PRV-27,51,2024-06-08,2024-11-29,2024-12-08,,Emergency,Approved,,3818.42,96089.97,95315.46,1
CLM103051,POL10700,CUS23314,Home,South,PRV-04,18,2024-11-13,2025-04-15,2025-04-22,,Water Damage,Pending,,6645.32,53510.65,0.0,0
CLM103052,POL13005,CUS21524,Travel,Central,PRV-01,34,2025-08-03,2026-04-26,2026-05-06,2026-05-20,Trip Cancellation,Settled,,1320.78,15144.32,12073.49,0
CLM103053,POL11430,CUS22281,Health,East,PRV-23,33,2024-05-02,2024-05-30,2024-06-04,,Diagnostic,Approved,,4212.81,52565.98,40873.33,1
CLM103054,POL13150,CUS22442,Travel,West,PRV-22,33,2025-06-02,2026-02-07,2026-02-13,,Delay,Rejected,Suspected Misrepresentation,851.77,12640.74,0.0,0
CLM103055,POL11913,CUS22320,Health,South,PRV-02,44,2024-02-25,2024-04-25,2024-05-05,2024-05-13,Diagnostic,Settled,,1989.68,34846.28,28490.12,0
CLM103056,POL13208,CUS22106,Health,Central,PRV-27,27,2025-03-22,2025-06-30,2025-07-03,,Diagnostic,Approved,,10887.8,213832.66,132031.17,2
CLM103057,POL10589,CUS21680,Motor,South,PRV-30,63,2024-02-16,2024-02-20,2024-02-29,,Third Party,Approved,,1311.18,27213.39,16222.04,0
CLM103058,POL11556,CUS22266,Health,North,PRV-08,58,2024-02-07,2024-07-27,2024-07-28,,Hospitalization,Approved,,4569.48,33418.64,22934.29,2
CLM103059,POL11093,CUS23168,Home,South,PRV-26,38,2024-01-24,2024-09-29,2024-10-06,2024-12-13,Storm,Settled,,17684.37,104294.19,98195.24,0
CLM103060,POL10993,CUS21364,Health,North,PRV-29,56,2025-05-13,2025-09-05,2025-09-05,2025-11-08,Hospitalization,Settled,,2991.4,34365.11,25120.97,1
CLM103061,POL11233,CUS21788,Motor,North,PRV-14,68,2024-12-21,2025-07-08,2025-07-19,2025-09-21,Theft,Settled,,2275.48,49571.68,46722.53,0
CLM103062,POL11529,CUS20630,Health,South,PRV-22,41,2025-03-04,2025-06-30,2025-07-10,,Surgery,Pending,,1404.68,22235.15,0.0,2
CLM103063,POL10509,CUS21242,Home,East,PRV-15,45,2024-04-06,2024-11-20,2024-11-22,2024-12-18,Theft,Settled,,27026.14,190259.42,184224.95,0
CLM103064,POL12828,CUS22702,Travel,West,PRV-30,23,2025-07-25,2026-05-20,2026-05-21,2026-06-18,Medical,Settled,,1298.54,15782.14,14961.43,0
CLM103065,POL12200,CUS22241,Motor,East,PRV-03,50,2025-05-16,2025-12-16,2025-12-23,,Collision,Pending,,1137.12,8786.06,0.0,1
CLM103066,POL13317,CUS20739,Motor,South,PRV-06,28,2024-10-29,2025-02-08,2025-02-18,2025-03-10,Glass Damage,Settled,,2724.87,44784.9,35739.16,2
CLM103067,POL12820,CUS21911,Health,South,PRV-08,19,2025-07-11,2026-03-15,2026-03-18,2026-05-22,Surgery,Settled,,1046.66,7292.97,6340.31,1
CLM103068,POL10596,CUS22841,Motor,East,PRV-04,41,2024-03-29,2024-04-10,2024-04-21,,Third Party,Approved,,2735.91,21328.29,12168.74,0
CLM103069,POL10279,CUS20434,Travel,East,PRV-03,58,2024-06-30,2025-04-22,2025-04-27,,Lost Baggage,Pending,,800.0,10681.47,0.0,1
CLM103070,POL11691,CUS20216,Health,West,PRV-20,32,2024-01-31,2024-10-09,2024-10-14,2024-12-25,Diagnostic,Settled,,25371.27,149422.04,131270.38,0
CLM103071,POL11924,CUS21374,Health,West,PRV-18,26,2024-04-11,2024-10-24,2024-10-28,,Diagnostic,Approved,,7283.48,67191.43,64607.47,2
CLM103072,POL10960,CUS22297,Motor,North,PRV-16,60,2025-06-05,2025-12-08,2025-12-11,,Third Party,Approved,,4569.35,72552.94,49817.86,3
CLM103073,POL13128,CUS21096,Health,North,PRV-23,28,2024-09-10,2024-11-25,2024-11-29,,Emergency,Rejected,Policy Exclusion,14064.63,122299.2,0.0,1
CLM103074,POL12326,CUS22873,Travel,West,PRV-25,22,2025-02-04,2025-06-13,2025-06-15,,Delay,Approved,,2570.36,27848.3,26274.62,0
CLM103075,POL12991,CUS22963,Health,East,PRV-09,18,2025-06-30,2025-07-31,2025-08-04,,Surgery,Approved,,17443.79,104097.58,69722.77,0
CLM103076,POL10436,CUS21863,Motor,South,PRV-13,40,2025-04-18,2025-07-29,2025-08-01,,Collision,Pending,,2683.96,35094.37,0.0,2
CLM103077,POL13260,CUS21325,Motor,South,PRV-20,41,2024-09-04,2025-02-28,2025-02-28,2025-03-27,Glass Damage,Settled,,9984.86,61276.89,37593.23,0
CLM103078,POL10824,CUS20146,Travel,South,PRV-01,69,2024-08-03,2024-11-20,2024-11-24,,Trip Cancellation,Approved,,1783.22,12614.93,8369.26,0
CLM103079,POL11792,CUS22875,Travel,Central,PRV-16,60,2024-03-08,2024-10-25,2024-10-25,2024-12-31,Trip Cancellation,Settled,,800.0,5678.73,3213.86,0
CLM103080,POL11757,CUS23133,Motor,Central,PRV-15,37,2025-05-29,2026-02-09,2026-02-11,2026-02-17,Collision,Settled,,1230.68,21375.34,12655.78,1
CLM103081,POL13282,CUS21548,Health,Central,PRV-09,37,2025-09-02,2026-02-17,2026-02-25,,Diagnostic,Pending,,1956.42,45582.52,0.0,0
CLM103082,POL11107,CUS21807,Motor,South,PRV-20,62,2024-11-06,2025-02-16,2025-02-16,2025-04-21,Third Party,Settled,,6722.93,42106.3,35572.04,0
CLM103083,POL10963,CUS22637,Health,East,PRV-10,98,2024-11-05,2025-02-04,2025-02-07,2025-04-14,Emergency,Settled,,14678.14,126994.07,81325.81,1
CLM103084,POL11358,CUS22433,Motor,West,PRV-10,35,2025-06-09,2025-11-20,2025-11-28,,Third Party,Approved,,7134.72,40817.95,39703.14,1
CLM103085,POL11443,CUS20473,Home,North,PRV-22,59,2024-07-31,2025-03-04,2025-03-04,,Theft,Approved,,26066.08,242567.53,171470.83,0
CLM103086,POL10726,CUS22353,Travel,South,PRV-16,55,2024-09-09,2024-10-17,2024-10-25,2025-01-06,Lost Baggage,Settled,,1802.46,15184.05,11895.15,1
CLM103087,POL10705,CUS23236,Motor,Central,PRV-06,71,2025-07-08,2025-11-19,2025-11-19,2025-12-20,Glass Damage,Settled,,2866.01,15960.74,13554.36,0
CLM103088,POL10925,CUS22627,Health,South,PRV-19,50,2024-08-23,2025-01-02,2025-01-02,,Emergency,Approved,,1821.57,13259.02,8106.01,3
CLM103089,POL11869,CUS21681,Motor,West,PRV-10,32,2025-07-28,2025-10-22,2025-10-24,2025-12-02,Glass Damage,Settled,,1813.11,21583.45,18550.26,0
CLM103090,POL11373,CUS21831,Motor,South,PRV-22,48,2024-04-10,2024-06-21,2024-07-01,2024-08-07,Theft,Settled,,8769.54,56882.54,34371.54,0
CLM103091,POL11568,CUS20909,Motor,South,PRV-15,35,2024-11-04,2025-07-14,2025-07-14,2025-08-04,Theft,Settled,,2653.56,35702.59,32911.61,2
CLM103092,POL12876,CUS22312,Motor,South,PRV-08,26,2024-10-30,2025-03-09,2025-03-10,2025-04-10,Collision,Settled,,3408.47,31338.96,24119.55,1
CLM103093,POL10963,CUS20845,Travel,North,PRV-03,49,2024-07-09,2024-12-29,2025-01-09,,Delay,Approved,,3000.71,45678.28,26960.59,0
CLM103094,POL13639,CUS21196,Motor,South,PRV-09,20,2025-08-20,2025-09-01,2025-09-08,,Third Party,Approved,,8349.01,46589.82,40460.29,0
CLM103095,POL13007,CUS20927,Home,West,PRV-20,30,2024-10-26,2025-01-19,2025-01-25,,Storm,Approved,,9081.25,53363.13,31188.65,0
CLM103096,POL10698,CUS21173,Motor,West,PRV-21,25,2025-06-28,2025-09-03,2025-09-03,,Glass Damage,Rejected,Insufficient Documents,4002.66,24848.98,0.0,1
CLM103097,POL11255,CUS21283,Health,West,PRV-25,66,2024-05-15,2024-08-22,2024-08-26,2024-09-11,Surgery,Settled,,7653.04,84872.25,64004.66,0
CLM103098,POL10734,CUS20290,Health,West,PRV-11,61,2024-08-04,2025-04-13,2025-04-19,2025-05-08,Hospitalization,Settled,,16031.25,115101.68,83139.31,2
CLM103099,POL11091,CUS22511,Travel,South,PRV-28,70,2024-10-23,2025-04-12,2025-04-18,2025-06-24,Medical,Settled,,800.0,10225.22,7071.35,1
CLM103100,POL11461,CUS21543,Motor,West,PRV-23,75,2024-12-15,2025-09-11,2025-09-17,,Glass Damage,Pending,,926.03,10463.58,0.0,2
CLM103101,POL10523,CUS23323,Motor,East,PRV-10,69,2024-05-22,2024-09-26,2024-09-27,,Theft,Pending,,2254.79,14964.12,0.0,0
CLM103102,POL10057,CUS20633,Home,East,PRV-09,33,2024-07-13,2025-03-01,2025-03-12,,Water Damage,Rejected,Suspected Misrepresentation,800.0,15438.22,0.0,0
CLM103103,POL11755,CUS22341,Home,Central,PRV-18,23,2025-01-20,2025-03-09,2025-03-17,,Storm,Pending,,3523.26,94141.7,0.0,1
CLM103104,POL12803,CUS20627,Health,North,PRV-23,33,2024-06-21,2025-02-20,2025-02-22,2025-05-06,Surgery,Settled,,14813.45,114689.23,66041.04,0
CLM103105,POL11211,CUS21915,Motor,North,PRV-15,70,2025-04-16,2025-10-16,2025-10-27,2025-12-07,Glass Damage,Settled,,5976.25,40880.11,38151.59,2
CLM103106,POL13441,CUS21718,Motor,Central,PRV-05,40,2024-10-22,2024-11-03,2024-11-06,2025-01-09,Third Party,Settled,,2935.82,33540.21,26422.36,0
CLM103107,POL11477,CUS21570,Home,East,PRV-24,59,2025-08-24,2026-03-19,2026-03-20,2026-04-26,Storm,Settled,,3122.02,23795.61,18697.45,0
CLM103108,POL13603,CUS22291,Health,Central,PRV-14,38,2024-05-27,2024-10-18,2024-10-28,,Hospitalization,Approved,,15177.15,91734.23,60870.97,1
CLM103109,POL10943,CUS22898,Health,South,PRV-01,51,2025-06-06,2025-06-07,2025-06-08,,Surgery,Rejected,Late Notification,7409.35,164660.27,0.0,0
CLM103110,POL12157,CUS21108,Motor,South,PRV-06,54,2024-10-30,2025-07-11,2025-07-11,2025-08-18,Collision,Settled,,2924.23,18917.57,13265.55,1
CLM103111,POL13052,CUS22973,Motor,North,PRV-18,70,2024-02-23,2024-08-02,2024-08-09,,Collision,Pending,,5123.79,43695.61,0.0,3
CLM103112,POL10236,CUS20646,Travel,South,PRV-16,43,2025-03-13,2025-09-11,2025-09-14,,Delay,Approved,,994.69,10655.07,8483.21,1
CLM103113,POL13720,CUS21025,Home,West,PRV-05,72,2024-05-11,2024-10-31,2024-11-01,,Theft,Approved,,2972.63,78731.12,52641.79,1
CLM103114,POL11459,CUS21087,Motor,West,PRV-22,54,2024-03-26,2024-04-23,2024-04-24,2024-04-18,Theft,Settled,,2876.6,32833.72,26821.6,0
CLM103115,POL11991,CUS23336,Travel,Central,PRV-20,42,2024-11-25,2025-03-05,2025-03-06,2025-03-20,Trip Cancellation,Settled,,6023.17,40401.33,28607.54,2
CLM103116,POL12513,CUS20415,Health,West,PRV-16,23,2025-05-02,2025-11-28,2025-12-09,,Hospitalization,Rejected,Suspected Misrepresentation,20868.58,-187507.53,0.0,1
CLM103117,POL12571,CUS21382,Motor,South,PRV-03,75,2024-06-08,2024-09-18,2024-09-26,2024-11-17,Collision,Settled,,2520.74,44657.48,39430.3,2
CLM103118,POL10094,CUS21485,Health,Central,PRV-05,61,2025-01-21,2025-10-14,2025-10-24,,Emergency,Approved,,1759.8,27143.51,16971.83,1
CLM103119,POL13468,CUS22800,Home,North,PRV-06,74,2024-01-09,2024-04-13,2024-04-20,,Fire,Approved,,2498.35,15898.58,12928.63,0
CLM103120,POL12494,CUS21700,Motor,West,PRV-28,62,2024-04-24,2024-09-09,2024-09-15,,Theft,Rejected,Insufficient Documents,4843.71,51020.67,0.0,1
CLM103121,POL13995,CUS23383,Health,Central,PRV-07,38,2025-04-12,2025-08-24,2025-08-26,,Hospitalization,Rejected,Insufficient Documents,6071.34,136979.35,0.0,1
CLM103122,POL11886,CUS22591,Health,Central,PRV-01,73,2024-01-08,2024-01-14,2024-01-25,2024-04-07,Emergency,Settled,,10327.6,58679.6,50644.88,1
CLM103123,POL12454,CUS22462,Motor,North,PRV-09,28,2024-08-09,2025-04-09,2025-04-18,,Collision,Approved,,1620.9,23830.02,13229.32,1
CLM103124,POL11764,,Travel,East,PRV-22,55,2024-11-10,2024-12-21,2024-12-27,2025-03-01,Trip Cancellation,Settled,,1898.57,12701.72,11626.07,1
CLM103125,POL13559,CUS20565,Motor,North,PRV-07,41,2024-02-10,2024-06-30,2024-07-01,2024-09-09,Glass Damage,Settled,,1327.02,41572.92,28067.92,0
CLM103126,POL13329,CUS21571,Health,North,PRV-22,51,2025-08-29,2026-05-28,2026-06-06,,Diagnostic,Approved,,1402.29,20478.86,12679.53,1
CLM103127,POL13634,CUS22051,Health,East,PRV-01,19,2024-11-11,2025-09-05,2025-09-08,2025-10-27,Surgery,Settled,,2476.7,30740.35,35217.11761014233,0
CLM103128,POL12017,CUS20729,Health,North,PRV-27,51,2024-07-28,2024-10-05,2024-10-07,,Diagnostic,Pending,,10300.09,64815.61,0.0,0
CLM103129,POL13165,CUS20415,Health,East,PRV-17,46,2025-08-28,2025-12-19,2025-12-27,,Surgery,Approved,,4006.0,28173.11,19148.23,1
CLM103130,POL11435,CUS20475,Health,South,PRV-26,23,2024-12-12,2025-05-31,2025-06-10,,Surgery,Rejected,Suspected Misrepresentation,4206.76,55204.54,0.0,0
CLM103131,POL11843,CUS22761,Travel,North,PRV-22,35,2025-02-24,2025-09-22,2025-09-29,2025-11-28,Lost Baggage,Settled,,4339.66,29297.82,27261.63,2
CLM103132,POL13040,CUS22299,Home,South,PRV-05,37,2024-02-26,2024-05-11,2024-05-11,,Water Damage,Pending,,14712.75,97108.06,0.0,0
CLM103133,POL10324,CUS20984,Home,North,PRV-20,28,2024-04-08,2024-09-20,2024-09-27,,Storm,Approved,,1249.65,11700.48,7807.01,0
CLM103134,POL12841,CUS22580,Motor,South,PRV-29,69,2024-01-29,2024-10-05,2024-10-16,,Theft,Pending,,8471.32,79780.28,0.0,1
CLM103135,POL10063,CUS22433,Health,South,PRV-15,61,2024-11-14,2025-06-30,2025-07-08,2025-09-02,Emergency,Settled,,5438.35,51098.67,42753.69,1
CLM103136,POL12322,CUS22857,Health,East,PRV-05,69,2025-06-02,2026-02-03,2026-02-06,2026-03-29,Hospitalization,Settled,,3305.82,59986.43,49811.41,0
CLM103137,POL11908,CUS23185,Motor,North,PRV-17,24,2025-07-13,2026-04-05,2026-04-12,2026-05-10,Third Party,Settled,,5145.74,33873.65,31564.16,0
CLM103138,POL11874,CUS23087,Home,South,PRV-17,73,2024-12-22,2025-09-06,2025-09-08,2025-11-01,Theft,Settled,,7402.19,53955.43,47388.35,0
CLM103139,POL11977,CUS20633,Motor,North,PRV-24,47,2024-02-03,2024-07-05,2024-07-15,,Third Party,Approved,,3992.46,25363.83,21933.51,1
CLM103140,POL11967,CUS22692,Motor,West,PRV-05,56,2025-01-23,2025-11-11,2025-11-21,,Theft,Approved,,14972.84,98278.49,61151.94,1
CLM103141,POL11629,CUS21375,Motor,Central,PRV-20,74,2025-01-30,2025-06-27,2025-07-03,,Third Party,Pending,,4795.91,32445.24,0.0,0
CLM103142,POL11805,CUS21410,Motor,East,PRV-12,30,2025-01-05,2025-08-06,2025-08-07,,Collision,Pending,,9622.65,65435.07,0.0,1
CLM103143,POL12272,CUS22264,Motor,Central,PRV-08,67,2025-03-23,2025-12-30,2026-01-03,2026-03-10,Third Party,Settled,,10839.91,63144.77,55044.54,1
CLM103144,POL13053,CUS22107,Health,South,PRV-24,66,2024-12-11,2024-12-24,2024-12-25,2025-01-06,Emergency,Settled,,5721.45,47358.45,43406.68,0
CLM103145,POL12208,CUS21468,Health,West,PRV-17,36,2025-03-12,2025-12-17,2025-12-26,,Surgery,Rejected,Policy Exclusion,6437.9,41752.92,0.0,1
CLM103146,POL12570,CUS23498,Motor,East,PRV-29,51,2024-10-28,2025-07-01,2025-07-09,2025-08-07,Collision,Settled,,2579.98,17176.85,11857.28,0
CLM103147,POL13346,CUS20611,Motor,Central,PRV-08,57,2024-04-03,2025-01-27,2025-01-30,2025-02-16,Third Party,Settled,,6580.97,93300.76,61480.07,1
CLM103148,POL13958,CUS20339,Home,North,PRV-10,23,2024-02-19,2024-10-08,2024-10-18,2024-11-09,Storm,Settled,,4813.1,41904.39,38501.23,0
CLM103149,POL10434,CUS20101,Motor,Central,PRV-28,20,2025-07-16,2025-09-01,2025-09-10,,Theft,Pending,,1640.89,11766.55,0.0,0
CLM103150,POL12851,CUS22849,Health,Central,PRV-14,21,2024-09-30,2024-12-30,2025-01-10,2025-01-27,Hospitalization,Settled,,1557.72,34220.55,24418.36,1
CLM103151,POL10900,CUS21423,Health,East,PRV-12,62,2024-07-18,2024-07-20,2024-07-23,2024-08-06,Surgery,Settled,,10153.31,92650.59,71898.5,1
CLM103152,POL10787,CUS21530,Health,South,PRV-25,54,2024-06-30,2024-12-29,2024-12-31,,Emergency,Approved,,1918.43,63052.44,55406.76,1
CLM103153,POL13172,CUS22272,Home,West,PRV-04,37,2024-02-02,2024-06-12,2024-06-17,,Water Damage,Pending,,10254.6,155266.09,0.0,1
CLM103154,POL10274,CUS21523,Health,Central,PRV-18,56,2025-08-08,2025-12-28,2025-12-31,2026-03-09,Diagnostic,Settled,,13405.63,130207.85,113083.99,1
CLM103155,POL13391,CUS22008,Travel,West,PRV-11,55,2024-02-21,2024-09-28,2024-10-06,2024-11-21,Trip Cancellation,Settled,,1634.95,21501.33,20992.9,1
CLM103156,POL13082,CUS20204,Home,East,PRV-27,35,2024-05-15,2025-01-16,2025-01-21,2025-02-06,Theft,Settled,,3351.32,23007.28,15295.47,1
CLM103157,POL13979,CUS20546,Motor,South,PRV-04,47,2024-10-10,2024-11-01,2024-11-08,,Theft,Rejected,Late Notification,4646.34,36990.05,0.0,0
CLM103158,POL12671,CUS23262,Motor,North,PRV-10,72,2024-08-10,2025-05-12,2025-05-14,2025-07-23,Theft,Settled,,4630.5,66026.47,55623.34,0
CLM103159,POL13491,CUS21577,Motor,North,PRV-06,69,2024-01-25,2024-05-16,2024-05-17,2024-05-28,Third Party,Settled,,2979.74,91510.7,56345.43,2
CLM103160,POL10474,CUS20585,Health,West,PRV-06,28,2024-07-23,2025-03-05,2025-03-16,,Diagnostic,Approved,,2414.42,35398.47,29719.09,0
CLM103161,POL13559,CUS21293,Health,North,PRV-08,95,2025-04-28,2025-10-19,2025-10-24,2025-11-28,Surgery,Settled,,3836.05,35564.72,34860.84,0
CLM103162,POL10641,CUS21171,Motor,Central,PRV-17,26,2024-06-04,2024-10-15,2024-10-16,2024-10-29,Theft,Settled,,3055.95,21172.71,16013.01,0
CLM103163,POL11257,CUS20959,Motor,South,PRV-15,72,2025-06-20,2025-08-23,2025-09-01,,Collision,Rejected,Insufficient Documents,6743.2,55957.8,0.0,0
CLM103164,POL10512,CUS21027,Health,Central,PRV-15,39,2024-08-11,2024-10-07,2024-10-08,,Diagnostic,Rejected,Policy Exclusion,10663.42,277891.12,0.0,0
CLM103165,POL11606,CUS22552,Health,West,PRV-27,48,2024-01-09,2024-08-15,2024-08-26,2024-09-16,Surgery,Settled,,1215.95,12162.18,8784.95,3
CLM103166,POL12995,CUS20373,Health,Central,PRV-27,46,2024-03-08,2024-06-13,2024-06-17,,Diagnostic,Approved,,18101.76,104076.63,62575.22,2
CLM103167,POL11072,CUS21083,Travel,West,PRV-07,20,2025-05-17,2025-07-25,2025-07-30,,Trip Cancellation,Rejected,Late Notification,1006.02,6074.74,0.0,0
CLM103168,POL13288,CUS21637,Motor,Central,PRV-03,45,2024-09-08,2024-09-10,2024-09-13,2024-10-25,Glass Damage,Settled,,5662.6,40058.23,23612.22,2
CLM103169,POL12425,CUS21890,Health,Central,PRV-21,22,2025-08-31,2026-05-10,2026-05-11,,Diagnostic,Approved,,800.0,9762.88,5735.1,0
CLM103170,POL12515,CUS23081,Travel,East,PRV-02,58,2025-05-04,2025-08-31,2025-09-04,,Trip Cancellation,Approved,,800.0,4521.64,2583.58,1
CLM103171,POL13755,CUS23231,Health,Central,,38,2024-01-19,2024-05-03,2024-05-07,2024-07-01,Surgery,Settled,,1481.96,15052.12,11355.26,0
CLM103172,POL11727,CUS21040,Health,South,PRV-06,29,2024-07-12,2024-11-01,2024-11-06,2024-12-19,Diagnostic,Settled,,7111.29,82530.27,62438.53,1
CLM103173,POL11378,CUS21887,Health,South,PRV-06,29,2025-03-25,2025-09-20,2025-09-25,,Hospitalization,Rejected,Insufficient Documents,21510.91,163733.95,0.0,0
CLM103174,POL13978,CUS20078,Motor,North,PRV-21,48,2024-02-09,2024-07-03,2024-07-10,,Collision,Approved,,1951.44,48078.74,38216.33,0
CLM103175,POL12228,CUS22159,Home,West,PRV-24,27,2025-09-11,2026-02-21,2026-02-21,,Fire,Approved,,5487.35,32564.57,30515.37,0
CLM103176,POL12458,CUS20535,Health,Central,PRV-10,47,2024-04-13,2024-07-06,2024-07-10,2024-07-13,Surgery,Settled,,6346.57,45210.27,42624.38,0
CLM103177,POL11185,CUS20256,Health,East,PRV-11,20,2025-05-09,2025-08-06,2025-08-16,,Surgery,Pending,,1619.84,9221.99,0.0,2
CLM103178,POL10861,CUS22351,Health,Central,PRV-03,70,2025-06-05,2026-02-18,2026-03-01,,Surgery,Approved,,2871.35,17968.71,10216.49,1
CLM103179,POL10679,CUS20623,Health,West,PRV-27,26,2024-11-09,2025-03-21,2025-03-27,2025-05-26,Hospitalization,Settled,,4792.83,50699.43,43999.4,0
CLM103180,POL10894,CUS21670,Motor,South,PRV-27,64,2025-05-13,2026-02-28,2026-03-04,2026-05-05,Theft,Settled,,4494.76,34742.26,19264.3,1
CLM103181,POL10780,CUS20353,Home,North,PRV-05,75,2025-07-02,2026-03-12,2026-03-16,2026-04-24,Water Damage,Settled,,11465.1,73098.54,53160.49,0
CLM103181,POL12986,CUS22609,Health,West,PRV-23,69,2025-03-31,2025-10-30,2025-11-08,2025-12-20,Surgery,Settled,,2751.8,45423.23,26086.61,0
CLM103183,POL10231,CUS22676,Motor,West,PRV-28,66,2025-03-14,2025-08-25,2025-08-29,2025-09-18,Third Party,Settled,,3754.78,119409.64,90332.68,1
CLM103184,POL12517,,Health,West,PRV-27,68,2024-08-28,2025-05-06,2025-05-17,,Surgery,Rejected,Coverage Limit,7141.78,93801.08,0.0,0
CLM103185,POL13797,CUS22925,Travel,Central,PRV-13,47,2024-06-30,2024-07-17,2024-07-17,,Delay,Approved,,1650.91,17265.62,16067.16,1
CLM103186,POL13062,CUS21528,Motor,South,PRV-04,23,2025-06-21,2025-11-18,2025-11-25,,Glass Damage,Approved,,15881.92,128405.57,107927.39,0
CLM103187,POL11611,CUS20652,Health,South,PRV-16,61,2024-05-19,2024-12-19,2024-12-25,,Diagnostic,Approved,,6891.85,99143.79,72486.78,1
CLM103188,POL10237,CUS20529,Health,South,PRV-10,47,2024-09-14,2024-10-17,2024-10-22,2024-11-07,Diagnostic,Settled,,8096.18,84064.7,65503.9,0
CLM103189,POL13336,CUS20767,Home,North,PRV-11,31,2024-11-13,2025-01-07,2025-01-12,2025-03-13,Fire,Settled,,4169.91,32756.07,26110.16,1
CLM103190,POL10012,CUS20701,Health,Central,PRV-19,68,2024-08-30,2024-09-19,2024-09-20,,Diagnostic,Approved,,7421.53,48297.25,31478.73,1
CLM103191,POL12725,CUS21131,Home,West,PRV-18,42,2024-08-19,2025-01-12,2025-01-16,,Water Damage,Approved,,1111.2,17351.57,15597.83,0
CLM103192,POL12683,CUS20750,Motor,Central,PRV-03,65,2025-01-06,2025-06-17,2025-06-21,2025-08-10,Theft,Settled,,10198.33,67995.44,51692.94,1
CLM103193,POL10767,CUS22068,Travel,West,PRV-19,36,2024-07-23,2024-12-11,2024-12-18,,Delay,Pending,,2663.68,15588.01,0.0,0
CLM103194,POL12959,CUS20519,Travel,West,PRV-30,71,2025-09-05,2025-09-22,2025-09-29,2025-10-20,Medical,Settled,,800.0,7462.31,4211.22,1
CLM103195,POL10701,CUS22176,Health,North,PRV-06,71,2024-04-20,2024-09-13,2024-09-17,2024-10-07,Surgery,Settled,,1587.7,14075.58,8443.88,0
CLM103196,POL10902,CUS21169,Health,South,PRV-30,20,2024-08-29,2025-05-22,2025-05-28,2025-06-01,Emergency,Settled,,957.11,30386.91,24774.4,0
CLM103197,POL13247,CUS22403,Motor,South,PRV-04,74,2025-06-08,2025-06-18,2025-06-24,,Glass Damage,Approved,,4314.11,31597.96,27961.21,0
CLM103198,POL13916,CUS21795,Health,South,PRV-16,42,2024-10-21,2025-06-11,2025-06-11,2025-07-11,Diagnostic,Settled,,10144.41,63086.35,43804.6,1
CLM103199,POL11058,CUS23168,Motor,East,PRV-03,21,2025-03-13,2025-06-03,2025-06-13,2025-07-14,Third Party,Settled,,1650.15,50007.54,48786.25,1
CLM103200,POL13685,CUS21539,Motor,East,PRV-30,24,2025-02-05,2025-02-28,2025-03-10,2025-04-30,Glass Damage,Settled,,7877.54,50319.63,46907.28,0
CLM103201,POL13653,CUS21032,Travel,Central,PRV-24,38,2024-07-24,2024-08-09,2024-08-13,,Medical,Approved,,1069.0,20418.88,16049.66,1
CLM103202,POL13077,CUS22061,Motor,Central,PRV-29,25,2025-04-06,2025-04-10,2025-04-19,2025-05-15,Theft,Settled,,4325.41,27671.14,23187.17,1
CLM103203,POL10560,CUS22305,Health,East,PRV-02,63,2024-05-27,2024-09-29,2024-10-03,2024-10-18,Hospitalization,Settled,,4427.4,39784.09,32500.62,1
CLM103204,POL11197,CUS21537,Motor,Central,PRV-19,50,2025-04-09,2025-09-05,2025-09-05,2025-10-05,Theft,Settled,,1420.62,16610.84,11420.72,0
CLM103205,POL12710,CUS21959,Motor,West,PRV-25,32,2024-03-20,2024-09-22,2024-10-02,,Glass Damage,Rejected,Policy Exclusion,3889.68,22721.48,0.0,1
CLM103206,POL13996,CUS21648,Health,Central,PRV-03,75,2025-03-06,2025-03-31,2025-04-03,,Diagnostic,Approved,,2427.98,19925.4,18173.08,0
CLM103207,POL13257,CUS21070,Motor,Central,PRV-28,45,2024-03-10,2024-09-22,2024-09-26,2024-11-06,Glass Damage,Settled,,800.0,18781.24,14222.11,1
CLM103208,POL11681,CUS21097,Health,South,PRV-04,61,2025-06-22,2026-01-30,2026-02-05,,Diagnostic,Approved,,21704.73,149791.04,139131.2,1
CLM103209,POL10941,CUS23175,Travel,East,PRV-04,39,2025-01-22,2025-02-11,2025-02-16,,Delay,Pending,,800.0,10626.54,0.0,1
CLM103210,POL13841,CUS22363,Health,South,PRV-09,49,2024-01-26,2024-08-15,2024-08-18,2024-08-30,Hospitalization,Settled,,3392.86,20136.72,11204.63,1
CLM103211,POL11104,CUS20334,Travel,East,PRV-28,48,2024-03-08,2024-04-13,2024-04-22,,Trip Cancellation,Rejected,Suspected Misrepresentation,1446.66,26318.06,0.0,1
CLM103212,POL11368,CUS23367,Health,West,PRV-25,66,2024-04-26,2024-09-05,2024-09-09,2024-10-06,Surgery,Settled,,857.21,8310.4,5158.71,0
CLM103213,POL13858,CUS22492,Health,South,PRV-13,62,2025-08-18,2026-03-04,2026-03-11,,Emergency,Rejected,Policy Exclusion,4599.97,42440.35,0.0,0
CLM103214,POL12246,CUS20175,Motor,East,PRV-17,54,2024-12-31,2025-09-18,2025-09-25,2025-10-16,Third Party,Settled,,3530.41,30815.21,17393.06,0
CLM103215,POL11058,CUS22547,Motor,West,PRV-02,26,2024-06-22,2024-11-28,2024-12-09,,Collision,Approved,,3794.37,34496.09,31691.4,1
CLM103216,POL10021,CUS22063,Home,South,PRV-25,22,2024-06-20,2024-10-29,2024-11-03,,Fire,Pending,,7556.75,78833.67,0.0,0
CLM103217,POL11719,CUS23203,Health,East,PRV-02,22,2024-01-16,2024-09-22,2024-09-27,2024-12-07,Surgery,Settled,,3720.94,27175.06,18900.33,3
CLM103218,POL13944,CUS21712,Health,West,PRV-22,54,2024-05-05,2024-07-09,2024-07-19,2024-08-15,Hospitalization,Settled,,4721.14,88520.31,69478.35,1
CLM103219,POL11730,CUS21815,Home,East,PRV-12,68,2025-06-14,2025-08-15,2025-08-20,,Theft,Approved,,18257.81,123288.15,119525.09,1
CLM103220,POL12798,CUS21101,Motor,South,PRV-25,22,2025-01-06,2025-05-26,2025-05-29,,Glass Damage,Rejected,Coverage Limit,800.0,12197.31,0.0,0
CLM103221,POL11012,CUS21125,Home,East,PRV-01,53,2024-08-15,2024-09-20,2024-09-20,,Storm,Rejected,Suspected Misrepresentation,29034.02,185741.3,0.0,1
CLM103222,POL13102,CUS22162,Motor,West,PRV-08,39,2024-01-14,2024-01-21,2024-01-24,,Collision,Approved,,2462.85,17286.28,12548.99,1
CLM103223,POL13103,CUS22897,Travel,North,PRV-20,71,2024-07-31,2024-11-17,2024-11-19,,Trip Cancellation,Pending,,4980.73,33358.34,0.0,0
CLM103224,POL12433,CUS23117,Motor,West,PRV-22,39,2024-08-25,2024-10-10,2024-10-13,2024-11-10,Third Party,Settled,,9469.71,127043.02,125626.78,0
CLM103225,POL13087,CUS22697,Motor,West,PRV-01,60,2024-03-14,2024-09-21,2024-09-27,,Theft,Pending,,2198.33,13961.54,0.0,0
CLM103226,POL12315,CUS22134,Health,Central,PRV-03,75,2025-01-11,2025-06-25,2025-07-01,,Surgery,Rejected,Coverage Limit,7101.53,53125.89,0.0,4
CLM103227,POL11513,CUS21751,Motor,South,PRV-11,38,2025-02-13,2025-07-09,2025-07-11,2025-09-03,Collision,Settled,,8869.71,50602.75,48084.22,1
CLM103228,POL12951,CUS21188,Travel,East,PRV-21,25,2025-09-10,2026-02-06,2026-02-11,2026-03-15,Medical,Settled,,800.0,3311.16,2542.41,2
CLM103229,POL13340,CUS22687,Health,Central,PRV-19,72,2024-08-10,2024-09-09,2024-09-14,,Surgery,Pending,,12502.43,84147.06,0.0,1
CLM103230,POL13364,CUS21113,Motor,North,PRV-15,67,2024-06-20,2024-10-19,2024-10-19,2024-10-22,Collision,Settled,,11357.75,91969.04,88985.12,6
CLM103231,POL10852,CUS20937,Motor,East,PRV-18,30,2025-05-25,2025-06-16,2025-06-19,2025-08-13,Collision,Settled,,9912.31,55576.08,36771.06,2
CLM103232,POL12706,CUS23037,Travel,Central,PRV-11,35,2024-08-05,2024-11-20,2024-11-28,2025-01-30,Lost Baggage,Settled,,1345.3,13947.3,13073.51,1
CLM103233,POL10017,CUS22063,Health,West,PRV-18,49,2025-01-25,2025-08-16,2025-08-16,,Emergency,Approved,,5594.03,77750.63,56731.58,1
CLM103234,POL12287,CUS21239,Home,West,PRV-21,45,2025-04-02,2026-01-22,2026-01-25,2026-03-03,Theft,Settled,,17573.07,108501.32,102214.39,1
CLM103235,POL12284,CUS23028,Motor,East,PRV-07,46,2025-06-29,2025-09-26,2025-10-01,2025-12-10,Collision,Settled,,4326.82,54871.17,43720.76,0
CLM103236,POL11453,CUS23369,Travel,Central,PRV-01,69,2024-07-16,2024-10-03,2024-10-04,2024-10-09,Delay,Settled,,3586.29,26483.1,17512.95,1
CLM103237,POL13976,CUS21112,Health,West,PRV-09,66,2025-01-20,2025-08-09,2025-08-16,2025-10-25,Diagnostic,Settled,,3732.6,46787.85,41851.05,3
CLM103238,POL13531,CUS21824,Health,North,PRV-24,42,2024-03-22,2024-12-22,2024-12-30,,Surgery,Approved,,11057.53,64340.95,38721.54,0
CLM103239,POL10154,CUS21692,Motor,West,PRV-26,59,2025-04-28,2025-07-26,2025-07-30,2025-09-01,Theft,Settled,,3725.16,34202.46,21017.95,0
CLM103239,POL10835,CUS22455,Motor,Central,PRV-17,57,2024-01-28,2024-10-05,2024-10-07,,Glass Damage,Pending,,1910.55,24504.1,0.0,1
CLM103241,POL10831,CUS23328,Travel,South,PRV-26,46,2025-03-07,2025-06-10,2025-06-19,2025-09-01,Trip Cancellation,Settled,,5816.84,37928.59,35203.44,0
CLM103242,POL13590,CUS21919,Travel,North,PRV-13,69,2024-05-09,2024-11-17,2024-11-19,,Medical,Rejected,Suspected Misrepresentation,1371.05,34823.73,0.0,2
CLM103243,POL12075,CUS22793,Motor,West,PRV-22,59,2024-10-13,2024-12-15,2024-12-16,2025-01-16,Theft,Settled,,800.0,9389.65,7583.76,0
CLM103244,POL12915,CUS22084,Travel,South,PRV-16,29,2024-02-17,2024-05-06,2024-05-06,2024-06-21,Trip Cancellation,Settled,,901.65,5798.13,3917.9,1
CLM103245,POL13239,CUS23104,Motor,North,PRV-01,38,2025-03-02,2025-12-22,2025-12-23,2026-01-12,Theft,Settled,,2086.12,26570.68,19327.35,0
CLM103246,POL13070,CUS21416,Motor,Central,PRV-09,37,2024-10-25,2025-02-19,2025-03-01,2025-03-28,Theft,Settled,,1799.84,31865.04,20158.51,0
CLM103247,POL10356,CUS21348,Motor,South,PRV-21,71,2025-02-15,2025-02-20,2025-03-03,,Third Party,Approved,,9377.92,79424.66,43819.9,0
CLM103248,POL10561,CUS21478,Health,East,PRV-19,53,2024-08-03,2025-03-22,2025-03-28,2025-05-21,Surgery,Settled,,1809.21,26533.23,24618.49,2
CLM103249,POL11580,CUS23487,Motor,Central,PRV-23,18,2024-01-05,2024-02-13,2024-02-24,,Third Party,Approved,,1307.97,7344.94,4683.01,0
CLM103250,POL11353,CUS22140,Health,East,PRV-07,39,2024-12-26,2025-01-29,2025-02-06,,Surgery,Rejected,Coverage Limit,25876.49,169027.83,0.0,2
CLM103251,POL12988,CUS20533,Motor,West,PRV-06,57,2025-03-09,2025-11-15,2025-11-19,2025-12-18,Glass Damage,Settled,,6207.61,37995.8,23151.34,0
CLM103252,POL10624,CUS20143,Home,North,PRV-28,43,2025-02-16,2025-06-01,2025-06-09,2025-06-19,Storm,Settled,,5096.66,32873.65,31779.86,1
CLM103253,POL11486,CUS21815,Home,West,PRV-12,56,2024-06-11,2024-07-23,2024-07-28,2024-10-08,Water Damage,Settled,,20843.9,127971.59,91301.73,5
CLM103254,POL10946,CUS22819,Health,Central,PRV-24,59,2025-03-20,2026-01-06,2026-01-17,,Hospitalization,Approved,,3527.76,43716.21,36793.29,2
CLM103255,POL10755,CUS21677,Motor,Central,PRV-02,23,2024-12-01,2025-02-23,2025-03-05,2025-03-31,Third Party,Settled,,3761.6,28711.93,16195.79,1
CLM103256,POL10691,CUS21960,Home,East,PRV-27,68,2024-05-10,2024-11-16,2024-11-26,2024-12-04,Water Damage,Settled,,8241.6,49634.04,39116.7,2
CLM103257,POL10781,CUS22794,Motor,West,PRV-26,57,2024-03-10,2024-05-28,2024-06-03,,Glass Damage,Pending,,6929.58,52144.2,0.0,0
CLM103258,POL12257,CUS21807,Home,West,PRV-22,39,2024-07-20,2025-01-10,2025-01-16,,Water Damage,Pending,,17971.27,100077.67,0.0,0
CLM103259,POL11640,CUS23180,Health,South,PRV-09,45,2024-01-15,2024-08-11,2024-08-12,,Surgery,Pending,,6099.89,38164.88,0.0,2
CLM103260,POL11741,CUS22232,Motor,North,PRV-03,33,2025-03-19,2025-11-01,2025-11-08,,Theft,Rejected,Late Notification,1010.07,24853.63,0.0,1
CLM103261,POL11917,CUS22558,Motor,South,PRV-07,52,2024-01-10,2024-05-12,2024-05-13,2024-05-26,Glass Damage,Settled,,23885.44,226940.44,215429.81,2
CLM103262,POL12964,CUS22735,Home,East,PRV-16,60,2024-01-31,2024-08-03,2024-08-09,,Fire,Approved,,21144.61,296429.22,251763.93,1
CLM103263,POL13447,CUS22193,Travel,North,PRV-29,49,2024-04-08,2024-12-16,2024-12-17,2024-12-31,Delay,Settled,,1750.64,10856.1,10198.36,0
CLM103264,POL12105,CUS20175,Health,West,PRV-22,52,2024-07-21,2025-03-30,2025-04-04,2025-05-05,Hospitalization,Settled,,32124.96,188319.98,135400.94,0
CLM103265,POL12569,CUS21496,Travel,West,PRV-15,62,2024-01-13,2024-08-24,2024-09-02,,Delay,Pending,,1441.6,12536.49,0.0,0
CLM103266,POL12954,CUS20495,Travel,South,PRV-19,61,2025-01-25,2025-05-25,2025-05-28,2025-08-07,Lost Baggage,Settled,,1393.26,35982.0,28173.34,2
CLM103267,POL12761,CUS21786,Motor,East,PRV-23,63,2024-03-23,2024-08-29,2024-09-05,2024-11-18,Third Party,Settled,,859.39,10480.09,7066.17,2
CLM103268,POL10537,CUS20501,Home,East,PRV-21,72,2025-05-12,2026-02-26,2026-03-01,2026-04-03,Fire,Settled,,6151.59,105540.85,78109.62,3
CLM103269,POL13931,CUS21782,Motor,North,PRV-04,58,2024-12-12,2025-02-25,2025-02-28,2025-03-17,Third Party,Settled,,2463.48,22519.95,14868.54,0
CLM103270,POL10659,CUS21203,Health,South,PRV-17,31,2024-02-21,2024-09-16,2024-09-18,,Diagnostic,Rejected,Suspected Misrepresentation,3251.2,18293.36,0.0,0
CLM103271,POL11647,CUS20071,Motor,North,PRV-27,32,2024-09-05,2025-04-30,2025-05-01,2025-05-28,Theft,Settled,,1476.34,18116.97,17857.46,1
CLM103272,POL12610,CUS20437,Travel,East,PRV-19,61,2024-03-27,2024-08-18,2024-08-22,,Trip Cancellation,Approved,,949.02,6774.08,6646.28,0
CLM103273,POL11613,CUS21760,Home,South,PRV-12,24,2025-08-31,2026-05-17,2026-05-18,2026-07-21,Theft,Settled,,43239.53,279581.33,257465.39,1
CLM103274,POL10972,CUS20275,Motor,West,PRV-17,33,2025-01-02,2025-05-11,2025-05-21,2025-06-23,Theft,Settled,,6108.43,39530.1,24846.87,0
CLM103275,POL13693,CUS22995,Motor,South,PRV-22,66,2025-05-16,2026-01-22,2026-01-30,2026-03-12,Glass Damage,Settled,,883.49,16851.15,9421.05,0
CLM103276,POL10286,CUS22655,Health,West,PRV-03,32,2024-08-20,2025-03-01,2025-03-03,,Hospitalization,Rejected,Suspected Misrepresentation,4621.68,70434.41,0.0,3
CLM103277,POL10983,CUS22482,Home,Central,PRV-06,61,2024-04-01,2024-04-17,2024-04-27,,Water Damage,Approved,,1335.44,21033.27,19817.61,1
CLM103278,POL13971,CUS20602,Travel,West,PRV-18,59,2024-05-25,2025-01-27,2025-01-31,,Delay,Approved,,925.75,12410.81,7681.51,0
CLM103279,POL12919,CUS22784,Motor,Central,PRV-03,40,2024-09-15,2025-04-12,2025-04-18,,Glass Damage,Approved,,1638.64,44262.68,28995.75,0
CLM103280,POL10347,CUS22221,Health,West,PRV-14,34,2025-04-22,2025-06-28,2025-07-06,,Surgery,Pending,,8515.9,76784.14,0.0,0
CLM103281,POL13018,CUS21366,Health,South,PRV-23,37,2024-09-24,2025-04-23,2025-05-02,,Diagnostic,Rejected,Suspected Misrepresentation,4434.22,31417.25,0.0,0
CLM103282,POL13878,CUS20001,Health,North,PRV-16,18,2025-07-29,2025-12-29,2025-12-29,2026-03-01,Hospitalization,Settled,,3211.54,46461.39,39227.45,0
CLM103283,POL10391,CUS21851,Health,East,PRV-25,51,2024-08-12,2025-05-21,2025-05-24,2025-06-22,Hospitalization,Settled,,18183.41,144342.03,115961.2,0
CLM103284,POL11656,CUS22785,Motor,East,PRV-03,42,2024-05-24,2024-08-24,2024-08-28,2024-09-02,Glass Damage,Settled,,2697.38,24118.68,19478.58,4
CLM103285,POL11872,CUS20117,Motor,North,PRV-14,26,2024-11-03,2025-01-21,2025-01-28,2025-03-19,Third Party,Settled,,1843.39,41077.85,38725.31,2
CLM103286,POL10524,CUS20184,Health,East,PRV-28,38,2024-03-09,2024-03-27,2024-04-06,2024-04-16,Hospitalization,Settled,,2575.9,39048.39,25302.96,1
CLM103287,POL10802,CUS21340,Travel,South,PRV-19,25,2025-02-19,2025-10-13,2025-10-18,2025-12-17,Delay,Settled,,833.55,12587.11,7711.43,0
CLM103288,POL10695,CUS21790,Motor,East,PRV-26,19,2024-03-03,2024-12-23,2024-12-28,2025-03-12,Theft,Settled,,1309.45,12675.94,9281.37,3
CLM103289,POL10741,CUS21660,Motor,North,,55,2025-02-01,2025-08-27,2025-08-28,2025-09-04,Third Party,Settled,,4702.93,37872.57,29941.21,0
CLM103290,POL11614,CUS21491,Home,West,PRV-02,38,2024-08-25,2024-12-14,2024-12-20,,Storm,Rejected,Coverage Limit,1658.66,22054.79,0.0,2
CLM103291,POL11855,CUS20893,Travel,East,PRV-10,29,2024-08-09,2025-04-29,2025-05-04,2025-06-29,Delay,Settled,,800.0,12839.61,10180.95,1
CLM103292,POL10951,CUS20209,Health,West,PRV-27,38,2025-01-13,2025-03-30,2025-04-06,2025-05-29,Hospitalization,Settled,,1844.06,26200.39,20142.37,2
CLM103293,POL11157,CUS20109,Motor,North,PRV-07,64,2025-03-13,2025-10-07,2025-10-17,,Theft,Approved,,843.96,23425.14,18342.88,0
CLM103294,POL10768,CUS20345,Health,West,PRV-26,48,2025-07-29,2026-01-24,2026-01-30,,Surgery,Approved,,4107.32,28863.84,27979.56,0
CLM103295,POL13184,CUS22416,Health,West,PRV-20,59,2024-06-28,2025-03-10,2025-03-10,2025-03-18,Emergency,Settled,,2685.39,19907.06,11395.73,0
CLM103296,POL10847,CUS22750,Health,West,PRV-24,46,2025-05-18,2026-03-05,2026-03-14,2026-04-12,Emergency,Settled,,7006.58,53649.52,52240.85,0
CLM103297,POL13630,CUS21522,Motor,West,PRV-29,67,2025-06-01,2025-09-17,2025-09-22,2025-09-30,Third Party,Settled,,12970.59,105738.22,86096.92,0
CLM103298,POL12155,CUS20270,Motor,North,PRV-28,27,2025-09-09,2025-10-08,2025-10-13,,Collision,Approved,,3748.31,50208.92,28695.61,0
CLM103299,POL13210,CUS21454,Motor,Central,PRV-16,74,2025-08-20,2025-10-07,2025-10-17,,Glass Damage,Pending,,5061.45,106956.51,0.0,0
CLM103300,POL12545,CUS23449,Health,North,PRV-20,58,2025-05-05,2025-12-13,2025-12-20,,Diagnostic,Approved,,17689.47,147593.94,119135.36,0
CLM103301,POL11064,CUS20874,Health,North,PRV-04,35,2024-07-01,2024-10-18,2024-10-27,2024-12-17,Surgery,Settled,,6662.57,47628.47,40964.5,2
CLM103302,POL12405,CUS21718,Motor,South,PRV-04,70,2025-03-06,2025-04-17,2025-04-27,,Theft,Approved,,3036.53,20026.38,15703.21,0
CLM103303,POL11096,CUS21882,Health,North,PRV-28,49,2025-05-01,2025-12-31,2026-01-05,,Surgery,Rejected,Insufficient Documents,2635.55,18963.53,0.0,0
CLM103304,POL10474,CUS21154,Home,Central,PRV-05,64,2024-06-29,2025-01-09,2025-01-20,2025-02-07,Water Damage,Settled,,6969.17,54108.64,36505.74,1
CLM103305,POL11018,CUS21533,Motor,North,PRV-02,40,2025-05-19,2025-06-28,2025-06-30,2025-09-08,Glass Damage,Settled,,5675.45,36935.29,30396.37,0
CLM103306,POL11102,CUS21651,Health,West,PRV-03,27,2025-03-11,2025-10-11,2025-10-21,2025-12-02,Emergency,Settled,,5003.18,34680.15,33081.92,0
CLM103307,POL10540,CUS21658,Health,North,PRV-01,44,2024-10-31,2025-05-10,2025-05-20,,Hospitalization,Pending,,16766.0,97627.02,0.0,1
CLM103308,POL10094,CUS22511,Motor,South,PRV-13,50,2025-06-18,2026-04-09,2026-04-10,,Glass Damage,Approved,,1404.72,45449.67,39225.86,0
CLM103309,POL13775,CUS22033,Travel,West,PRV-03,23,2024-02-24,2024-12-16,2024-12-17,,Trip Cancellation,Approved,,800.0,15158.25,8455.53,3
CLM103310,POL12053,CUS20186,Home,West,PRV-05,28,2025-02-28,2025-12-17,2025-12-17,2026-02-22,Storm,Settled,,5773.29,49360.11,37142.0,1
CLM103311,POL11608,CUS20022,Motor,North,PRV-27,31,2025-05-02,2026-01-25,2026-01-28,,Glass Damage,Approved,,953.92,10580.46,9445.96,1
CLM103312,POL13719,CUS21437,Motor,Central,PRV-02,41,2024-01-26,2024-09-20,2024-10-01,2024-12-09,Third Party,Settled,,1999.32,24659.87,22905.56,0
CLM103313,POL10898,CUS23176,Motor,West,PRV-04,29,2024-09-09,2025-03-29,2025-03-30,,Third Party,Pending,,2098.12,14787.32,0.0,1
CLM103314,POL11611,CUS20129,Motor,North,PRV-16,68,2024-11-16,2025-04-28,2025-04-28,,Third Party,Pending,,2327.94,21096.86,0.0,1
CLM103315,POL13386,CUS20248,Health,South,PRV-07,58,2024-05-09,2025-01-01,2025-01-06,,Emergency,Rejected,Coverage Limit,9570.03,87820.13,0.0,1
CLM103316,POL12528,CUS22377,Travel,South,PRV-10,24,2025-06-29,2026-04-14,2026-04-18,2026-06-26,Trip Cancellation,Settled,,1056.82,28200.36,19260.0,2
CLM103317,POL11596,CUS21578,Home,East,PRV-14,36,2025-01-23,2025-02-27,2025-03-06,2025-04-21,Theft,Settled,,6807.25,68625.33,58354.11,0
CLM103318,POL11023,CUS20807,Motor,West,PRV-06,72,2024-06-19,2024-07-30,2024-08-06,2024-10-14,Glass Damage,Settled,,18287.88,150886.13,135056.51,1
CLM103319,POL10140,CUS20725,Health,Central,PRV-22,65,2024-09-27,2025-02-24,2025-03-05,,Emergency,Pending,,2425.55,33682.31,0.0,0
CLM103320,POL10340,CUS22327,Motor,Central,PRV-22,37,2024-03-10,2024-06-06,2024-06-10,,Collision,Pending,,5247.84,79697.07,0.0,0
CLM103321,POL10647,CUS21833,Health,South,PRV-01,33,2024-02-24,2024-08-02,2024-08-07,,Surgery,Pending,,5075.48,45078.58,0.0,1
CLM103322,POL13146,CUS22233,Motor,East,PRV-18,53,2025-04-07,2025-07-10,2025-07-10,2025-09-08,Third Party,Settled,,3950.55,23685.25,15026.36,2
CLM103323,POL12557,CUS20980,Travel,North,PRV-10,60,2025-09-01,2026-04-24,2026-05-05,,Lost Baggage,Pending,,800.0,14077.58,0.0,0
CLM103324,POL11733,CUS21842,Home,East,PRV-17,46,2024-06-20,2025-03-16,2025-03-18,,Theft,Approved,,7770.46,101751.6,71578.87,0
CLM103325,POL13131,CUS23010,Motor,West,PRV-20,48,2024-05-31,2024-08-24,2024-08-31,2024-11-04,Glass Damage,Settled,,832.22,21492.79,21093.3,2
CLM103326,POL10643,CUS21108,Health,Central,PRV-11,50,2025-02-28,2025-10-17,2025-10-27,2025-12-04,Diagnostic,Settled,,8922.81,113222.82,84844.16,1
CLM103327,POL10843,CUS21387,Health,West,PRV-19,53,2024-11-12,2024-12-14,2024-12-21,,Diagnostic,Approved,,4993.05,37198.8,25710.39,2
CLM103328,POL11570,CUS20573,Home,East,PRV-23,54,2024-03-27,2024-11-21,2024-11-28,,Storm,Approved,,8639.54,111046.82,105784.19,2
CLM103329,POL13669,CUS22235,Health,South,PRV-25,37,2025-02-17,2025-09-14,2025-09-16,,Hospitalization,Pending,,4759.12,53011.47,0.0,1
CLM103330,POL12456,CUS20113,Motor,South,PRV-05,23,2024-05-10,2024-12-09,2024-12-17,2025-01-06,Third Party,Settled,,15446.91,90691.11,88286.96,0
CLM103331,POL13403,CUS20871,Health,South,PRV-17,55,2024-03-12,2024-08-07,2024-08-09,2024-09-22,Surgery,Settled,,7515.38,91581.51,83710.0,1
CLM103332,POL10992,CUS22495,Motor,Central,PRV-14,29,2024-10-14,2024-11-15,2024-11-23,,Glass Damage,Approved,,22716.11,204773.53,147971.41,1
CLM103333,POL13393,CUS20067,Health,South,PRV-28,54,2025-04-03,2025-12-11,2025-12-17,,Diagnostic,Pending,,7960.68,46815.43,0.0,1
CLM103334,POL10289,CUS23461,Motor,South,PRV-12,61,2024-11-19,2024-12-22,2024-12-27,,Third Party,Rejected,Policy Exclusion,828.45,7795.17,0.0,0
CLM103335,POL10910,CUS21414,Health,Central,PRV-08,62,2025-02-05,2025-06-29,2025-07-07,,Emergency,Pending,,5689.67,102473.96,0.0,1
CLM103336,POL12092,CUS21395,Home,West,PRV-24,61,2024-05-27,2024-07-19,2024-07-27,2024-08-16,Fire,Settled,,3650.41,70933.54,63957.31,0
CLM103337,POL10202,CUS21877,Motor,North,PRV-12,47,2024-11-02,2025-07-14,2025-07-16,,Third Party,Approved,,2846.01,17265.87,13381.78,0
CLM103338,POL13433,CUS22237,Health,North,PRV-06,50,2025-03-18,2025-09-06,2025-09-10,2025-11-12,Emergency,Settled,,22930.03,140808.65,130823.36,0
CLM103339,POL13469,CUS21608,Home,South,PRV-17,62,2024-11-23,2025-04-24,2025-04-29,,Storm,Rejected,Policy Exclusion,5372.19,79406.57,0.0,0
CLM103340,POL12165,CUS23094,Motor,North,PRV-30,72,2024-05-28,2024-08-31,2024-09-01,2024-09-14,Collision,Settled,,2060.94,16690.3,15986.78,0
CLM103341,POL11223,CUS23367,Health,North,PRV-09,74,2025-08-14,2026-04-06,2026-04-10,2026-04-19,Emergency,Settled,,1980.28,36018.64,32737.01,1
CLM103342,POL10395,CUS20701,Health,East,PRV-05,20,2024-02-11,2024-04-14,2024-04-14,2024-05-08,Hospitalization,Settled,,7039.28,108758.13,104889.15,1
CLM103343,POL12475,CUS22473,Motor,South,PRV-15,36,2025-07-18,2026-02-19,2026-02-24,2026-03-06,Theft,Settled,,1639.06,9750.56,6144.59,0
CLM103344,POL12150,CUS21053,Home,East,PRV-14,70,2025-03-25,2026-01-09,2026-01-11,2026-02-17,Storm,Settled,,2098.74,23250.88,15689.47,2
CLM103345,POL13039,CUS23484,Health,North,PRV-09,55,2024-03-10,2024-05-29,2024-05-31,2024-07-23,Diagnostic,Settled,,800.0,12205.21,9197.97,1
CLM103346,POL12410,CUS20886,Health,North,PRV-19,43,2024-06-07,2024-12-30,2025-01-08,2025-03-03,Diagnostic,Settled,,8366.94,77030.61,50783.82,1
CLM103347,POL10513,CUS21032,Motor,South,PRV-01,53,2024-08-16,2024-11-17,2024-11-18,2024-12-25,Third Party,Settled,,2297.87,14575.72,13898.19,1
CLM103348,POL10487,CUS22499,Motor,North,PRV-13,70,2025-08-16,2026-05-21,2026-05-22,,Glass Damage,Approved,,8075.68,52120.4,32882.46,2
CLM103349,POL13123,CUS22761,Motor,East,PRV-05,62,2024-11-16,2025-08-12,2025-08-15,2025-09-19,Collision,Settled,,3422.98,26472.62,20026.55,2
CLM103350,POL10636,CUS20450,Travel,North,PRV-27,45,2024-06-09,2024-09-11,2024-09-11,2024-11-04,Trip Cancellation,Settled,,1570.09,10328.39,8105.06,0
CLM103351,POL13754,CUS21944,Home,West,PRV-17,60,2025-07-24,2025-10-02,2025-10-12,2025-10-30,Water Damage,Settled,,7515.61,51150.0,48228.03,1
CLM103352,POL10423,CUS21209,Home,West,PRV-20,62,2024-03-14,2024-04-08,2024-04-19,2024-04-22,Storm,Settled,,12548.72,71892.71,47924.74,0
CLM103353,POL12913,CUS22141,Motor,West,PRV-19,58,2025-05-21,2025-12-16,2025-12-25,2026-02-17,Third Party,Settled,,1790.61,13948.15,13757.34,1
CLM103354,POL13900,CUS21948,Health,East,PRV-21,75,2025-05-30,2026-03-01,2026-03-10,,Diagnostic,Approved,,5288.97,44190.73,30110.7,0
CLM103355,POL11764,CUS23450,Home,Central,PRV-21,43,2024-08-27,2024-10-10,2024-10-11,2024-10-22,Storm,Settled,,9846.51,59370.01,37008.08,0
CLM103356,POL10226,CUS23267,Health,West,PRV-27,68,2024-01-27,2024-09-28,2024-10-04,2024-11-19,Emergency,Settled,,5915.41,70227.55,46638.96,1
CLM103357,POL13506,CUS22288,Motor,North,PRV-19,28,2025-07-03,2026-02-14,2026-02-15,,Theft,Approved,,2947.32,28357.93,26840.36,2
CLM103358,POL10749,CUS22377,Home,Central,PRV-04,23,2025-08-22,2026-01-11,2026-01-14,,Water Damage,Approved,,21141.4,133073.51,82317.33,1
CLM103359,POL12109,CUS23145,Motor,West,PRV-12,27,2024-08-22,2024-10-28,2024-11-02,,Collision,Rejected,Coverage Limit,7985.77,45156.9,0.0,1
CLM103360,POL13938,CUS20642,Motor,Central,PRV-14,63,2024-04-25,2024-11-07,2024-11-15,2024-12-22,Collision,Settled,,3852.87,41344.17,28164.31,0
CLM103361,POL12979,CUS22540,Travel,North,PRV-28,29,2024-06-17,2024-12-12,2024-12-15,2025-02-26,Trip Cancellation,Settled,,1464.97,12365.8,9831.41,0
CLM103362,POL10185,CUS22702,Health,Central,PRV-13,44,2024-03-25,2024-11-23,2024-11-26,2025-01-18,Diagnostic,Settled,,6025.39,38709.12,27502.57,0
CLM103363,POL13282,CUS20445,Motor,North,PRV-27,39,2025-01-13,2025-07-01,2025-07-10,2025-07-28,Glass Damage,Settled,,4357.46,40416.79,25152.27,0
CLM103364,POL10644,CUS23084,Health,East,PRV-23,34,2024-11-17,2024-12-02,2024-12-04,2025-01-20,Surgery,Settled,,25744.32,283901.62,202672.7,1
CLM103365,POL12997,CUS22447,Travel,Central,PRV-12,28,2024-08-08,2024-10-08,2024-10-13,,Lost Baggage,Approved,,800.0,5637.67,4857.74,0
CLM103366,POL12483,CUS21214,Motor,Central,PRV-26,59,2025-02-07,2025-06-01,2025-06-04,2025-08-03,Glass Damage,Settled,,1776.41,28740.62,21447.6,1
CLM103367,POL11151,CUS21695,Home,Central,PRV-15,57,2025-01-20,2025-06-16,2025-06-26,2025-07-03,Water Damage,Settled,,10992.77,137901.96,111386.91,1
CLM103368,POL11694,CUS21713,Motor,East,PRV-14,43,2024-01-07,2024-04-21,2024-04-27,2024-07-04,Collision,Settled,,8077.5,89504.61,87372.03,1
CLM103369,POL10471,CUS23215,Motor,Central,PRV-04,57,2024-09-11,2025-06-01,2025-06-02,,Glass Damage,Approved,,3423.43,23379.12,20730.44,2
CLM103370,POL13947,CUS23392,Health,West,PRV-04,52,2025-06-19,2025-09-12,2025-09-13,2025-10-22,Diagnostic,Settled,,1806.01,32823.5,29925.99,1
CLM103371,POL10953,CUS22823,Health,Central,PRV-17,26,2025-05-08,2025-11-28,2025-12-09,2025-12-18,Hospitalization,Settled,,1812.64,44363.25,30149.52,1
CLM103372,POL11234,CUS22282,Motor,Central,PRV-23,63,2025-06-14,2025-10-01,2025-10-12,2025-10-26,Theft,Settled,,2713.08,22959.74,17911.43,2
CLM103373,POL12011,CUS20364,Health,East,PRV-26,39,2025-08-14,2026-06-07,2026-06-16,2026-08-17,Surgery,Settled,,1193.33,38228.78,26953.94,0
CLM103374,POL12689,CUS23201,Health,West,PRV-24,65,2024-02-08,2024-11-08,2024-11-08,,Hospitalization,Rejected,Coverage Limit,77559.94,457231.04,0.0,0
CLM103375,POL12021,CUS20468,Health,West,PRV-14,19,2024-06-16,2025-02-06,2025-02-14,,Surgery,Pending,,2160.52,31585.29,0.0,2
CLM103376,POL12020,CUS20583,Home,West,PRV-09,45,2024-10-11,2025-05-28,2025-06-04,2025-06-12,Storm,Settled,,2730.91,17613.38,13796.77,0
CLM103377,POL12330,CUS20243,Home,North,PRV-13,72,2024-11-12,2025-05-24,2025-06-04,2025-08-10,Theft,Settled,,2496.59,28719.7,22591.4,2
CLM103378,POL13430,CUS23317,Health,North,PRV-06,43,2025-05-02,2025-10-25,2025-10-30,,Emergency,Approved,,8652.45,48115.27,38912.73,1
CLM103379,POL11580,CUS21726,Health,South,PRV-16,65,2025-03-25,2025-09-10,2025-09-15,2025-09-20,Emergency,Settled,,14059.99,133662.18,87625.51,1
CLM103380,POL13328,CUS20825,Health,South,PRV-05,41,2025-03-13,2025-03-22,2025-03-29,2025-04-18,Surgery,Settled,,2330.19,13358.96,8678.69,1
CLM103381,POL13147,CUS20282,Health,West,PRV-23,58,2024-04-08,2025-01-14,2025-01-15,,Hospitalization,Rejected,Insufficient Documents,6121.79,61015.54,0.0,1
CLM103382,POL13844,CUS21441,Motor,East,PRV-04,57,2025-02-24,2025-12-15,2025-12-23,2026-01-16,Collision,Settled,,6765.49,49333.61,39070.46,1
CLM103383,POL13652,CUS22532,Motor,South,PRV-13,32,2025-05-08,2025-10-13,2025-10-18,2025-11-27,Glass Damage,Settled,,1969.56,49804.9,34940.6,0
CLM103384,POL13192,CUS23480,Motor,East,PRV-09,72,2025-04-11,2025-12-28,2025-12-30,2026-01-10,Theft,Settled,,4017.98,41531.58,36039.57,2
CLM103385,POL10986,CUS21933,Health,East,PRV-19,35,2024-12-27,2025-04-27,2025-05-06,2025-06-27,Diagnostic,Settled,,1520.3,21528.48,17509.23,0
CLM103386,POL13097,CUS22124,Travel,South,PRV-22,33,2024-02-24,2024-03-29,2024-04-01,2024-06-12,Trip Cancellation,Settled,,5854.07,39295.25,23607.88,1
CLM103387,POL12946,CUS22925,Health,West,PRV-12,28,2024-04-02,2024-12-08,2024-12-18,,Emergency,Approved,,6522.99,59372.6,38637.02,0
CLM103388,POL11158,CUS23156,Health,East,PRV-09,34,2025-04-05,2025-09-05,2025-09-08,2025-11-15,Diagnostic,Settled,,5319.49,42217.82,34706.16,0
CLM103389,POL12711,CUS20979,Health,West,PRV-28,75,2025-06-22,2026-03-31,2026-04-05,2026-06-17,Emergency,Settled,,2409.99,35403.17,27946.52,0
CLM103390,POL11011,CUS23471,Health,North,PRV-26,55,2025-05-26,2025-07-29,2025-08-03,,Surgery,Approved,,3725.2,78384.46,55075.95,0
CLM103391,POL12092,CUS21816,Health,Central,PRV-26,53,2024-09-21,2025-02-12,2025-02-20,,Emergency,Approved,,8222.57,62252.32,39053.82,1
CLM103392,POL13186,CUS23255,Health,Central,PRV-11,43,2024-12-30,2025-07-18,2025-07-20,,Diagnostic,Approved,,3498.21,36310.88,35010.74,0
CLM103393,POL10754,CUS20411,Health,South,PRV-02,31,2024-04-19,2024-05-31,2024-06-02,2024-06-20,Hospitalization,Settled,,40466.75,437220.43,328898.07,0
CLM103394,POL11347,CUS20340,Motor,Central,PRV-22,20,2025-01-01,2025-10-26,2025-10-28,,Collision,Pending,,10962.67,62790.61,0.0,0
CLM103395,POL13180,CUS23096,Health,North,PRV-07,61,2024-05-01,2024-10-30,2024-11-01,,Surgery,Pending,,13247.93,277506.75,0.0,1
CLM103396,POL11815,CUS22353,Health,North,PRV-07,22,2025-05-07,2025-06-28,2025-07-03,2025-07-26,Hospitalization,Settled,,4112.83,32493.12,21613.26,2
CLM103397,POL13842,CUS20612,Home,Central,PRV-24,28,2025-05-02,2025-12-10,2025-12-17,2026-02-26,Storm,Settled,,1433.33,36716.65,24583.19,1
CLM103398,POL10031,CUS23132,Travel,West,PRV-04,53,2024-02-01,2024-10-21,2024-10-31,2024-12-21,Medical,Settled,,2749.09,20710.73,19098.92,3
CLM103399,POL12887,CUS20358,Home,Central,PRV-26,46,2025-08-03,2025-11-23,2025-11-28,2025-12-25,Theft,Settled,,11554.36,101401.68,97196.72,0
CLM103400,POL13256,CUS22388,Health,Central,PRV-08,39,2025-05-08,2025-11-07,2025-11-11,,Diagnostic,Pending,,3979.89,28624.85,0.0,0
CLM103401,POL13671,CUS20717,Motor,West,PRV-10,56,2024-08-22,2025-04-03,2025-04-04,2025-05-02,Third Party,Settled,,8475.57,59426.17,49592.94,0
CLM103402,POL10627,CUS20247,Health,South,PRV-19,54,2024-10-06,2024-11-19,2024-11-20,2024-12-09,Diagnostic,Settled,,1314.27,26387.4,18799.77,0
CLM103403,POL13936,CUS22821,Home,South,PRV-21,35,2024-02-18,2024-07-26,2024-08-04,,Storm,Pending,,2589.49,36367.13,0.0,1
CLM103404,POL11569,CUS22965,Travel,South,PRV-20,61,2025-08-03,2026-01-18,2026-01-25,,Delay,Rejected,Suspected Misrepresentation,1125.32,16583.18,0.0,0
CLM103405,POL11408,CUS20370,Home,West,PRV-16,74,2024-03-03,2024-06-02,2024-06-08,2024-07-31,Storm,Settled,,7666.88,63255.99,55314.44,1
CLM103406,POL11422,CUS20325,Motor,Central,PRV-19,37,2025-07-25,2025-10-23,2025-10-28,2025-11-25,Theft,Settled,,1620.4,23568.13,13394.17,0
CLM103407,POL12552,CUS22150,Health,North,PRV-12,64,2025-02-09,2025-08-17,2025-08-23,2025-09-12,Diagnostic,Settled,,9485.76,88336.56,52505.06,1
CLM103408,POL12637,CUS20100,Home,East,PRV-13,51,2025-07-23,2026-03-05,2026-03-15,2026-03-28,Fire,Settled,,1930.13,20038.76,17405.29,4
CLM103409,POL11895,CUS22611,Health,East,PRV-04,48,2024-08-17,2024-12-12,2024-12-14,2024-12-28,Emergency,Settled,,4771.53,40488.88,31958.99,0
CLM103410,POL10284,CUS23204,Health,South,PRV-17,42,2025-07-09,2025-08-22,2025-08-27,,Hospitalization,Rejected,Coverage Limit,918.89,11110.55,0.0,2
CLM103411,POL13946,CUS22628,Health,North,PRV-11,54,2024-09-21,2025-05-15,2025-05-17,2025-06-09,Hospitalization,Settled,,5180.9,30702.99,18317.48,1
CLM103412,POL10888,CUS20807,Health,East,PRV-29,71,2024-08-05,2024-09-26,2024-09-27,,Emergency,Pending,,6249.14,35760.18,0.0,0
CLM103413,POL10375,CUS20665,Motor,North,PRV-29,27,2024-07-27,2024-07-28,2024-08-05,,Glass Damage,Approved,,1214.65,14699.54,8968.02,0
CLM103414,POL12389,CUS22382,Motor,North,PRV-03,73,2025-08-13,2025-11-18,2025-11-26,2026-01-27,Collision,Settled,,6399.86,38290.67,21601.53,0
CLM103415,POL11649,CUS20215,Home,East,PRV-20,29,2024-10-15,2025-06-17,2025-06-27,,Storm,Rejected,Suspected Misrepresentation,5605.04,37629.06,0.0,1
CLM103416,POL12462,CUS21881,Travel,West,PRV-03,57,2024-10-23,2025-06-07,2025-06-07,,Medical,Approved,,800.0,10899.81,8467.18,1
CLM103417,POL13502,CUS21570,Home,North,PRV-11,52,2025-02-03,2025-05-06,2025-05-08,,Fire,Pending,,8227.09,71901.64,0.0,1
CLM103418,POL10389,CUS22606,Motor,South,PRV-15,40,2024-12-10,2025-05-15,2025-05-21,2025-06-25,Glass Damage,Settled,,2828.15,32641.26,26351.63,0
CLM103419,POL11136,CUS20708,Motor,South,PRV-09,59,2024-12-01,2025-09-14,2025-09-23,2025-11-05,Collision,Settled,,5564.19,37059.91,26678.98,1
CLM103420,POL12066,CUS22668,Motor,East,PRV-25,73,2024-08-23,2025-03-26,2025-04-06,2025-06-14,Collision,Settled,,3129.06,19069.5,18971.79,1
CLM103421,POL13151,CUS22447,Home,South,PRV-01,65,2024-04-11,2024-11-24,2024-12-03,,Storm,Approved,,5954.24,48266.43,43357.38,2
CLM103422,POL12402,CUS20835,Health,Central,PRV-27,37,2025-09-08,2025-10-05,2025-10-15,,Diagnostic,Approved,,6854.12,55044.43,46522.06,1
CLM103423,POL11531,CUS21248,Travel,East,PRV-30,41,2024-10-31,2025-01-12,2025-01-21,,Lost Baggage,Rejected,Suspected Misrepresentation,1174.61,8500.12,0.0,1
CLM103424,POL12440,CUS20231,Motor,Central,PRV-22,48,2025-08-25,2025-09-26,2025-09-29,2025-11-22,Glass Damage,Settled,,1766.46,16942.74,9515.55,1
CLM103425,POL13919,CUS21572,Health,East,PRV-30,30,2024-10-12,2025-08-01,2025-08-07,2025-08-30,Hospitalization,Settled,,9214.34,91594.86,83242.81,1
CLM103426,POL11920,CUS20912,Home,South,PRV-07,72,2025-01-06,2025-04-19,2025-04-26,,Storm,Pending,,5382.57,47017.33,0.0,0
CLM103427,POL13534,CUS20397,Motor,West,PRV-19,18,2024-12-04,2025-05-03,2025-05-07,2025-07-04,Theft,Settled,,4008.44,26241.11,15768.57,1
CLM103428,POL13119,CUS21959,Travel,South,PRV-23,53,2025-08-21,2026-02-02,2026-02-12,,Lost Baggage,Approved,,1306.95,10281.67,8380.06,0
CLM103429,POL11205,CUS21986,Health,Central,PRV-11,33,2024-03-09,2024-08-13,2024-08-22,2024-10-27,Surgery,Settled,,941.18,18240.83,16245.56,1
CLM103430,POL10998,CUS20300,Motor,Central,PRV-07,41,2024-11-16,2024-12-02,2024-12-08,2025-01-28,Theft,Settled,,1954.6,38279.64,28098.21,0
CLM103431,POL13080,CUS20649,Motor,Central,PRV-12,27,2024-04-05,2025-01-02,2025-01-07,2025-02-15,Theft,Settled,,5822.33,63022.62,51368.03,0
CLM103432,POL10829,CUS20289,Home,Central,PRV-01,19,2025-06-22,2025-10-14,2025-10-23,2025-11-22,Theft,Settled,,13635.89,105816.26,104561.29,2
CLM103433,POL11347,CUS22376,Health,West,PRV-16,52,2024-11-24,2025-08-26,2025-08-28,2025-09-13,Emergency,Settled,,5084.13,57340.07,38795.24,1
CLM103434,POL10941,CUS21183,Home,North,PRV-05,63,2025-07-26,2026-03-12,2026-03-14,,Fire,Pending,,3113.22,35676.88,0.0,2
CLM103435,POL12425,CUS20249,Home,South,PRV-10,24,2024-06-19,2025-01-14,2025-01-18,,Theft,Pending,,3829.79,23307.25,0.0,1
CLM103436,POL11176,CUS20670,Health,East,PRV-30,23,2024-04-10,2024-11-07,2024-11-08,2024-12-23,Emergency,Settled,,20271.69,126513.41,95000.44,3
CLM103437,POL12633,CUS23415,Home,North,PRV-03,31,2025-01-24,2025-11-13,2025-11-18,2026-01-01,Theft,Settled,,10165.93,100305.83,90256.57,1
CLM103438,POL13739,CUS20895,Travel,North,PRV-22,23,2024-03-31,2024-06-30,2024-07-05,,Delay,Rejected,Late Notification,1350.19,9802.25,0.0,1
CLM103439,POL13318,CUS22395,Motor,Central,PRV-08,43,2024-08-19,2024-11-26,2024-12-02,2024-12-30,Collision,Settled,,3313.77,33878.19,27611.12,0
CLM103440,POL13791,CUS21639,Home,East,PRV-05,31,2024-07-13,2025-01-30,2025-02-04,,Water Damage,Approved,,6364.25,52828.11,42506.23,1
CLM103441,POL10097,CUS20636,Motor,East,PRV-17,46,2024-05-16,2024-07-25,2024-08-04,,Theft,Approved,,2669.73,37508.42,28863.57,0
CLM103442,POL11821,CUS21075,Motor,East,PRV-10,54,2024-03-22,2024-11-18,2024-11-21,,Third Party,Approved,,4400.37,42056.34,26140.43,1
CLM103443,POL10880,CUS20049,Health,North,PRV-21,36,2025-02-10,2025-02-19,2025-02-23,2025-03-17,Surgery,Settled,,2096.84,16591.41,9633.12,3
CLM103444,POL13671,CUS22614,Home,North,PRV-27,69,2025-04-15,2026-01-09,2026-01-17,,Water Damage,Rejected,Policy Exclusion,6968.19,72384.24,0.0,0
CLM103445,POL12847,CUS21170,Motor,North,PRV-22,47,2024-09-01,2024-12-14,2024-12-17,2025-02-18,Glass Damage,Settled,,9984.79,69383.21,46596.98,0
CLM103446,POL11280,CUS21747,Health,West,PRV-22,18,2024-06-23,2024-06-25,2024-07-02,,Hospitalization,Rejected,Insufficient Documents,4934.69,70396.66,0.0,1
CLM103447,POL12254,CUS20534,Health,West,PRV-19,43,2024-04-07,2024-10-05,2024-10-16,,Emergency,Pending,,1242.32,38905.78,0.0,0
CLM103448,POL12421,CUS22884,Motor,North,PRV-08,57,2025-02-23,2025-05-17,2025-05-21,2025-07-02,Collision,Settled,,4452.29,26638.44,21944.11,0
CLM103449,POL11982,CUS20764,Home,East,PRV-14,44,2025-05-16,2025-08-16,2025-08-18,,Water Damage,Rejected,Coverage Limit,8986.54,106785.53,0.0,0
CLM103450,POL11897,CUS21981,Travel,South,PRV-30,48,2024-12-05,2025-04-28,2025-04-30,2025-07-08,Lost Baggage,Settled,,1487.99,21942.41,14538.88,1
CLM103451,POL10220,CUS23054,Motor,East,PRV-16,61,2024-09-24,2025-03-17,2025-03-17,2025-03-24,Glass Damage,Settled,,3597.42,35474.52,23275.08,1
CLM103452,POL11809,CUS22496,Motor,South,PRV-18,54,2025-02-05,2025-03-18,2025-03-21,,Glass Damage,Approved,,2614.77,38791.7,23835.78,3
CLM103453,POL11393,CUS22111,Travel,North,PRV-19,26,2025-07-21,2025-08-05,2025-08-15,2025-09-02,Medical,Settled,,1025.06,7322.59,6307.03,0
CLM103454,POL13273,CUS23108,Motor,Central,PRV-17,58,2025-09-05,2026-01-21,2026-01-24,,Third Party,Rejected,Policy Exclusion,4667.81,61402.87,0.0,2
CLM103455,POL13460,CUS20617,Motor,South,PRV-04,25,2024-04-29,2024-08-13,2024-08-24,,Theft,Rejected,Late Notification,2375.32,13288.25,0.0,0
CLM103456,POL13001,CUS23372,Travel,North,PRV-18,56,2024-10-22,2025-04-15,2025-04-26,2025-06-04,Delay,Settled,,825.32,11553.57,8322.15,2
CLM103457,POL10123,CUS21948,Home,South,PRV-05,57,2025-06-27,2026-02-06,2026-02-14,,Storm,Rejected,Coverage Limit,12559.47,149018.71,0.0,1
CLM103458,POL13364,CUS21434,Health,East,PRV-22,66,2025-01-27,2025-07-30,2025-08-10,2025-08-25,Hospitalization,Settled,,3080.39,27812.1,25597.32,2
CLM103459,POL11585,,Health,East,PRV-27,74,2025-05-20,2025-06-21,2025-06-25,,Surgery,Approved,,1859.64,60971.7,34675.26,2
CLM103460,POL11665,CUS22607,Travel,North,PRV-08,24,2025-09-09,2026-07-04,2026-07-15,2026-09-16,Delay,Settled,,920.27,30054.04,21499.72,2
CLM103461,POL13780,CUS23416,Health,Central,PRV-09,74,2024-03-05,2024-10-05,2024-10-11,,Emergency,Pending,,2530.45,38890.3,0.0,1
CLM103462,POL13469,CUS22415,Health,Central,PRV-01,30,2025-01-14,2025-01-29,2025-01-29,,Diagnostic,Approved,,1504.55,35610.95,30234.51,2
CLM103463,POL10203,CUS20114,Home,West,PRV-10,18,2024-11-25,2025-07-12,2025-07-21,2025-09-29,Fire,Settled,,6632.73,46057.42,35316.26,0
CLM103464,POL11439,CUS21641,Health,West,PRV-20,66,2024-06-25,2025-03-16,2025-03-27,2025-04-01,Surgery,Settled,,26059.08,162086.55,147418.82,2
CLM103465,POL12998,CUS22563,Health,Central,PRV-06,70,2025-02-09,2025-07-30,2025-08-09,2025-09-03,Emergency,Settled,,886.15,9633.45,7377.44,0
CLM103466,POL12155,CUS21391,Health,North,PRV-15,22,2024-03-05,2024-11-09,2024-11-14,2024-12-20,Diagnostic,Settled,,11997.22,111625.15,103378.07,0
CLM103467,POL11030,CUS22705,Health,East,PRV-25,44,2024-11-03,2025-07-26,2025-07-27,2025-10-08,Hospitalization,Settled,,5488.92,45023.83,29764.6,0
CLM103468,POL12099,CUS22475,Health,West,PRV-25,74,2024-09-14,2025-06-30,2025-07-07,,Surgery,Rejected,Late Notification,2343.06,52971.96,0.0,0
CLM103469,POL13466,CUS20235,Motor,Central,PRV-02,59,2024-08-29,2025-06-11,2025-06-21,2025-06-27,Collision,Settled,,3011.31,29971.48,16901.57,2
CLM103470,,CUS21952,Health,Central,PRV-28,44,2025-01-15,2025-03-14,2025-03-24,,Surgery,Pending,,1053.27,6056.54,0.0,2
CLM103471,POL12984,CUS20601,Home,Central,PRV-26,62,2025-08-08,2025-08-19,2025-08-26,,Water Damage,Pending,,5770.34,94313.68,0.0,0
CLM103472,POL12939,CUS21702,Health,East,PRV-19,38,2025-08-10,2026-02-21,2026-03-02,,Diagnostic,Approved,,4945.23,116061.19,99410.44,1
CLM103473,POL13542,CUS21345,Motor,Central,PRV-25,34,2025-03-10,2025-09-30,2025-09-30,2025-11-27,Glass Damage,Settled,,4406.42,61127.62,54039.88,0
CLM103474,POL11191,CUS22824,Motor,East,PRV-18,43,2024-07-24,2025-01-11,2025-01-18,,Third Party,Approved,,3427.58,30551.9,22756.72,2
CLM103475,POL10863,CUS23038,Motor,Central,PRV-13,67,2025-08-21,2025-10-31,2025-11-01,2025-11-29,Third Party,Settled,,6534.55,40771.25,33587.11,1
CLM103476,POL12190,CUS21615,Home,Central,PRV-20,34,2025-09-10,2026-06-21,2026-06-29,2026-07-11,Water Damage,Settled,,7788.21,93584.86,82299.88,0
CLM103477,POL12125,CUS21879,Health,West,PRV-27,52,2025-06-08,2025-10-09,2025-10-09,,Diagnostic,Approved,,4961.91,60717.51,56257.83,2
CLM103478,POL11638,CUS22191,Motor,East,PRV-03,65,2025-06-25,2026-02-02,2026-02-09,,Glass Damage,Rejected,Insufficient Documents,6725.47,82561.79,0.0,0
CLM103479,POL13117,CUS22293,Home,South,PRV-22,19,2025-05-21,2025-11-24,2025-12-05,,Fire,Rejected,Suspected Misrepresentation,2653.34,16993.54,0.0,1
CLM103480,POL13196,CUS22223,Motor,East,PRV-11,53,2025-04-16,2026-01-09,2026-01-10,,Theft,Approved,,6487.45,64618.41,62432.41,3
CLM103481,POL10982,CUS22740,Motor,North,PRV-26,69,2025-03-25,2025-10-24,2025-10-29,2025-11-24,Collision,Settled,,2996.66,37596.13,25483.16,0
CLM103482,POL13182,CUS23436,Home,West,PRV-20,34,2025-01-30,2025-08-08,2025-08-08,2025-09-13,Fire,Settled,,9601.75,169814.75,141434.36,2
CLM103483,POL10922,CUS22898,Health,North,PRV-03,27,2025-02-04,2025-10-14,2025-10-22,,Hospitalization,Pending,,1273.4,26072.82,0.0,0
CLM103484,POL11630,CUS20471,Home,Central,PRV-16,63,2024-08-29,2024-09-15,2024-09-26,,Theft,Approved,,7410.71,42077.5,38363.36,1
CLM103485,POL10108,CUS21666,Home,Central,PRV-26,37,2025-07-03,2026-01-30,2026-01-30,2026-02-14,Storm,Settled,,2288.47,22226.04,19659.29,0
CLM103486,POL11361,CUS21614,Travel,North,PRV-24,59,2025-01-28,2025-07-23,2025-07-29,,Delay,Rejected,Late Notification,978.12,23955.58,0.0,0
CLM103487,POL13834,CUS21780,Motor,West,PRV-21,46,2025-01-15,2025-09-05,2025-09-14,,Collision,Approved,,9074.2,54678.96,47271.67,0
CLM103488,POL11770,CUS21849,Home,Central,PRV-04,52,2025-04-04,2025-06-11,2025-06-11,2025-06-23,Theft,Settled,,43832.14,253200.69,194990.87,2
CLM103489,POL12840,CUS22513,Health,North,PRV-30,39,2024-02-16,2024-08-14,2024-08-19,2024-10-09,Surgery,Settled,,3818.35,58227.42,46203.6,0
CLM103490,POL10431,CUS21473,Motor,East,PRV-20,43,2025-07-23,2025-10-16,2025-10-17,,Theft,Approved,,6953.69,89828.82,80912.12,0
CLM103491,POL12542,CUS20921,Travel,Central,PRV-25,20,2024-12-27,2025-02-01,2025-02-12,,Lost Baggage,Approved,,1814.52,10423.87,9194.35,3
CLM103492,POL11486,CUS21601,Health,Central,PRV-26,67,2025-08-08,2026-01-28,2026-02-03,2026-02-20,Diagnostic,Settled,,800.0,17580.14,10601.08,2
CLM103493,POL12975,CUS22990,Home,West,PRV-30,37,2024-03-04,2024-03-11,2024-03-17,,Theft,Approved,,4885.47,62119.01,42527.16,0
CLM103494,POL13712,CUS21090,Health,East,PRV-20,30,2024-05-24,2024-06-21,2024-07-02,,Hospitalization,Approved,,6773.44,71665.01,61425.61,0
CLM103495,POL12126,CUS20072,Health,East,PRV-17,20,2025-08-11,2026-01-17,2026-01-26,2026-02-11,Surgery,Settled,,8367.37,57484.71,34226.22,0
CLM103496,POL10411,CUS23417,Motor,North,PRV-03,70,2025-03-05,2025-11-29,2025-12-02,,Theft,Approved,,800.0,9206.5,7797.37,0
CLM103497,POL11904,CUS20685,Travel,West,PRV-05,59,2025-02-04,2025-09-06,2025-09-13,2025-11-17,Medical,Settled,,1744.0,21594.38,20267.36,0
CLM103498,POL10492,CUS22109,Health,South,PRV-20,52,2024-09-07,2024-09-12,2024-09-15,2024-11-15,Hospitalization,Settled,,7526.09,53985.33,38625.66,1
CLM103499,POL11798,CUS22800,Motor,South,PRV-28,49,2024-12-10,2025-01-12,2025-01-18,,Theft,Rejected,,3389.52,21534.97,0.0,2
CLM103500,POL10244,CUS20960,Motor,East,PRV-26,72,2024-12-04,2025-04-12,2025-04-21,,Collision,Pending,,800.0,10279.32,0.0,0
CLM103501,POL12561,CUS21190,Home,Central,PRV-26,59,2024-05-02,2024-09-08,2024-09-19,2024-11-11,Theft,Settled,,2681.32,52195.5,40017.67,1
CLM103502,POL11241,CUS20981,Motor,East,PRV-05,72,2024-12-17,2024-12-29,2025-01-09,,Collision,Approved,,4414.85,34232.74,31648.69,1
CLM103503,POL10806,CUS20524,Health,East,PRV-14,47,2024-11-15,2025-01-31,2025-02-05,,Hospitalization,Rejected,Coverage Limit,5119.09,66351.48,0.0,2
CLM103504,POL10069,CUS20535,Health,South,PRV-19,22,2024-07-13,2024-08-20,2024-08-30,2024-09-06,Emergency,Settled,,7866.97,60391.88,38971.1,0
CLM103505,POL13552,CUS20653,Motor,South,PRV-19,32,2024-07-31,2025-01-17,2025-01-27,,Third Party,Rejected,Policy Exclusion,2984.8,53213.79,0.0,1
CLM103506,POL13348,CUS21603,Health,Central,PRV-15,37,2025-04-21,2025-11-04,2025-11-10,2025-12-26,Diagnostic,Settled,,7575.98,50304.17,37811.96,0
CLM103507,POL13247,CUS21857,Motor,North,PRV-29,70,2025-02-22,2025-06-19,2025-06-19,2025-08-15,Collision,Settled,,800.0,9968.79,9439.89,0
CLM103508,POL10232,CUS20055,Travel,North,PRV-07,56,2024-10-18,2025-04-07,2025-04-08,2025-05-07,Medical,Settled,,2019.01,25151.78,21136.92,1
CLM103509,POL11398,CUS22961,Home,South,PRV-26,28,2025-01-09,2025-03-11,2025-03-18,,Storm,Pending,,7941.15,139733.9,0.0,3
CLM103510,POL13885,CUS22365,Motor,South,PRV-14,25,2024-05-29,2025-02-08,2025-02-17,2025-04-12,Glass Damage,Settled,,2679.97,43432.21,24371.33,1
CLM103511,POL12314,CUS20247,Health,South,PRV-20,44,2024-11-05,2024-11-07,2024-11-17,2025-01-10,Emergency,Settled,,4206.95,35128.32,30707.1,1
CLM103512,POL10513,CUS22949,Health,West,PRV-13,49,2024-12-14,2025-05-14,2025-05-16,2025-05-26,Emergency,Settled,,7365.82,62826.37,37178.13,0
CLM103513,POL10564,CUS20106,Travel,Central,PRV-11,42,2024-06-05,2024-09-10,2024-09-20,2024-10-05,Medical,Settled,,1662.73,10820.84,7023.94,1
CLM103514,POL11052,CUS21961,Health,West,PRV-18,37,2024-04-15,2024-08-28,2024-09-06,2024-09-28,Emergency,Settled,,1735.2,13932.64,12041.91,0
CLM103515,POL13889,CUS21628,Health,West,PRV-17,53,2024-11-21,2025-04-25,2025-04-30,,Surgery,Rejected,Suspected Misrepresentation,4499.53,47777.41,0.0,2
CLM103516,POL10678,CUS21757,Travel,West,PRV-23,75,2025-08-06,2026-02-16,2026-02-20,,Lost Baggage,Approved,,7680.99,51031.76,39324.36,4
CLM103517,POL13611,CUS23346,Motor,West,PRV-03,70,2024-10-13,2025-07-18,2025-07-23,2025-10-03,Theft,Settled,,2899.95,89260.13,64971.33,0
CLM103518,POL12712,CUS23244,Health,West,PRV-03,29,2025-07-12,2025-12-27,2026-01-04,,Diagnostic,Approved,,6672.06,49324.4,34758.88,1
CLM103519,POL13687,CUS20976,Motor,North,PRV-12,62,2025-06-11,2025-08-19,2025-08-28,2025-09-12,Glass Damage,Settled,,6820.3,61180.63,40603.41,1
CLM103520,POL13304,CUS22028,Health,South,PRV-07,24,2025-04-06,2025-09-10,2025-09-12,,Emergency,Approved,,7955.83,126015.06,92417.07,0
CLM103521,POL11328,CUS23357,Motor,North,PRV-22,22,2025-07-08,2025-12-09,2025-12-13,,Third Party,Approved,,3511.71,27954.15,17674.12,0
CLM103522,POL13311,CUS22550,Travel,Central,PRV-20,44,2024-09-11,2025-05-28,2025-05-29,,Trip Cancellation,Approved,,800.0,4323.97,4235.79,0
CLM103523,POL10676,CUS23106,Health,North,PRV-05,34,2025-04-15,2025-10-02,2025-10-13,,Diagnostic,Approved,,3607.41,44005.54,30468.79,1
CLM103524,POL11163,CUS21521,Motor,North,PRV-04,32,2024-03-30,2024-12-15,2024-12-19,2025-01-07,Theft,Settled,,6823.78,54253.58,47636.73,1
CLM103525,POL10847,CUS20990,Home,East,PRV-26,53,2024-07-17,2025-01-28,2025-01-31,,Fire,Pending,,8797.15,91726.77,0.0,1
CLM103526,POL10532,CUS21787,Home,Central,PRV-20,64,2024-12-17,2025-06-06,2025-06-08,2025-07-28,Theft,Settled,,1087.44,12236.92,8174.11,1
CLM103527,POL10360,CUS22859,Health,East,PRV-27,49,2024-01-24,2024-05-02,2024-05-02,,Hospitalization,Pending,,5766.86,75805.67,0.0,1
CLM103528,POL10749,CUS23250,Home,East,PRV-20,19,2025-04-19,2025-07-05,2025-07-10,2025-08-12,Water Damage,Settled,,2799.82,43514.31,38276.5,0
CLM103529,POL10480,CUS22400,Motor,Central,PRV-13,75,2025-07-27,2025-08-26,2025-09-04,2025-09-08,Third Party,Settled,,2781.83,42576.15,23491.95,1
CLM103530,POL11521,CUS22472,Health,North,PRV-11,55,2024-03-06,2024-08-17,2024-08-20,,Emergency,Rejected,Suspected Misrepresentation,3938.06,26947.59,0.0,1
CLM103531,POL10285,CUS21791,Motor,East,PRV-25,43,2025-09-07,2026-06-10,2026-06-14,2026-07-24,Third Party,Settled,,6553.62,83413.28,74942.22,1
CLM103532,POL10245,CUS21118,Motor,North,PRV-30,41,2024-02-24,2024-02-28,2024-03-06,,Glass Damage,Pending,,9735.88,88963.83,0.0,1
CLM103533,POL13959,CUS21480,Travel,North,PRV-14,63,2024-03-19,2024-12-29,2025-01-02,2025-03-07,Delay,Settled,,800.0,10960.44,10247.21,1
CLM103534,POL10350,CUS21741,Home,East,PRV-15,72,2025-04-17,2025-12-30,2026-01-07,,Fire,Pending,,1250.17,20206.29,0.0,1
CLM103535,POL10296,CUS22854,Motor,South,PRV-12,21,2025-03-01,2025-07-11,2025-07-14,,Glass Damage,Pending,,9866.67,83572.01,0.0,0
CLM103536,POL10120,CUS21943,Motor,South,PRV-29,70,2025-08-03,2025-11-05,2025-11-10,,Theft,Approved,,2072.3,17649.45,14648.13,1
CLM103537,POL10530,CUS22775,Travel,East,PRV-04,43,2024-09-20,2025-03-13,2025-03-24,,Lost Baggage,Rejected,Coverage Limit,2405.63,22739.81,0.0,0
CLM103538,POL12111,CUS20095,Motor,South,PRV-06,64,2024-12-20,2025-09-02,2025-09-12,2025-11-04,Collision,Settled,,14793.91,110420.52,61344.66,1
CLM103539,POL13309,CUS22649,Motor,West,PRV-25,20,2024-04-02,2024-04-11,2024-04-17,2024-04-24,Third Party,Settled,,2267.62,18060.93,17096.93,0
CLM103540,POL12939,CUS21774,Motor,South,PRV-29,42,2025-03-04,2025-07-17,2025-07-21,2025-07-31,Third Party,Settled,,2131.21,35511.16,24147.47,1
CLM103541,POL12320,CUS23493,Motor,West,PRV-09,51,2025-09-10,2025-09-25,2025-10-06,2025-10-29,Glass Damage,Settled,,2097.91,54740.82,36053.1,2
CLM103542,POL10340,CUS21651,Motor,West,PRV-18,42,2025-01-05,2025-07-17,2025-07-22,2025-08-08,Glass Damage,Settled,,2699.75,38321.03,24246.94,1
CLM103543,POL13097,CUS21674,Travel,North,PRV-09,21,2025-08-01,2025-08-24,2025-08-28,2025-10-07,Delay,Settled,,800.0,5817.96,4129.33,1
CLM103544,POL10149,CUS20446,Motor,North,PRV-30,19,2024-09-01,2024-12-05,2024-12-12,2025-02-24,Third Party,Settled,,5995.79,97898.92,76922.77,0
CLM103545,POL12523,CUS22824,Health,West,PRV-03,68,2025-09-01,2026-04-10,2026-04-14,2026-05-23,Emergency,Settled,,15323.89,149705.54,187004.0991985409,1
CLM103546,POL11637,CUS22455,Home,Central,PRV-18,71,2024-11-28,2025-07-11,2025-07-21,,Fire,Pending,,3256.74,91722.46,0.0,0
CLM103547,POL13528,CUS23018,Health,South,PRV-18,58,2024-03-30,2024-06-06,2024-06-08,2024-08-04,Emergency,Settled,,4878.25,48029.07,30681.11,1
CLM103548,POL11230,CUS20324,Home,North,PRV-28,74,2024-08-12,2025-01-13,2025-01-13,2025-02-19,Fire,Settled,,4141.58,50063.28,44353.0,0
CLM103549,POL12553,CUS20740,Health,West,PRV-17,70,2024-10-31,2024-12-26,2024-12-31,,Surgery,Approved,,8332.26,47923.49,45965.69,0
CLM103550,POL11759,CUS23069,Health,North,PRV-11,30,2024-02-11,2024-08-06,2024-08-17,,Emergency,Approved,,16844.67,104298.13,59094.18,0
CLM103551,POL12088,CUS20147,Health,East,PRV-15,50,2025-07-09,2025-07-12,2025-07-12,2025-09-04,Diagnostic,Settled,,9029.19,52292.27,46437.97,1
CLM103552,POL13755,CUS21778,Home,Central,PRV-19,45,2024-05-28,2025-01-27,2025-02-05,2025-02-13,Storm,Settled,,5673.46,44040.22,29661.79,1
CLM103553,POL12850,CUS21416,Health,East,PRV-26,71,2025-02-22,2025-03-01,2025-03-01,,Diagnostic,Approved,,11514.18,65498.49,49219.6,1
CLM103554,POL11658,CUS23287,Home,South,PRV-01,51,2025-07-24,2026-01-22,2026-01-28,2026-03-02,Theft,Settled,,1993.54,34119.7,19703.56,2
CLM103555,POL11789,CUS22998,Motor,West,PRV-22,25,2024-09-26,2025-01-26,2025-01-31,2025-03-17,Collision,Settled,,9132.26,83127.24,56730.72,2
CLM103556,POL12818,CUS23138,Health,South,PRV-18,49,2025-01-12,2025-03-20,2025-03-21,2025-05-18,Emergency,Settled,,2094.01,14801.06,8887.21,0
CLM103557,POL11384,CUS21011,Home,West,PRV-06,47,2024-11-16,2025-04-27,2025-05-05,,Theft,Rejected,Suspected Misrepresentation,1473.05,14391.98,0.0,1
CLM103558,POL10671,CUS22056,Motor,East,PRV-12,45,2025-04-18,2025-05-31,2025-06-02,,Third Party,Rejected,Coverage Limit,4673.53,75304.17,0.0,0
CLM103559,POL11870,CUS22450,Home,Central,PRV-17,38,2024-01-24,2024-07-16,2024-07-21,2024-08-25,Water Damage,Settled,,8358.35,65262.34,63467.35,0
CLM103560,POL10272,CUS23386,Motor,South,PRV-25,53,2024-08-10,2025-02-19,2025-02-25,,Glass Damage,Approved,,6292.93,35820.12,34132.8,0
CLM103561,POL10678,CUS20025,Motor,East,PRV-26,40,2025-01-14,2025-05-31,2025-06-06,,Theft,Rejected,Policy Exclusion,1306.37,12042.5,0.0,2
CLM103562,POL11682,CUS23419,Home,East,PRV-15,63,2024-02-26,2024-06-14,2024-06-14,,Fire,Approved,,12003.62,178581.01,124353.44,1
CLM103563,POL13186,CUS21243,Motor,North,PRV-21,37,2025-06-17,2025-11-02,2025-11-07,2026-01-01,Collision,Settled,,1941.65,53818.68,52445.53,0
CLM103564,POL13125,CUS20448,Health,Central,PRV-16,42,2025-01-26,2025-11-09,2025-11-16,,Diagnostic,Pending,,6516.49,142841.13,0.0,1
CLM103565,POL11042,CUS22154,Motor,North,PRV-21,24,2024-01-02,2024-08-15,2024-08-21,2024-10-19,Third Party,Settled,,2813.03,19190.63,17416.24,0
CLM103566,POL11687,CUS22735,Home,East,PRV-30,22,2024-01-08,2024-01-10,2024-01-18,2024-02-27,Fire,Settled,,8327.84,81018.97,69410.8,0
CLM103567,POL10614,CUS20454,Health,South,PRV-03,41,2024-04-09,2024-07-05,2024-07-14,2024-09-26,Diagnostic,Settled,,3200.98,52219.21,36446.89,1
CLM103568,POL13020,CUS20142,Health,North,PRV-27,33,2025-02-15,2025-02-23,2025-02-25,,Emergency,Rejected,Policy Exclusion,6998.89,44014.94,0.0,0
CLM103569,POL10985,CUS23138,Home,South,PRV-06,59,2024-11-17,2025-01-28,2025-02-06,2025-03-14,Theft,Settled,,7016.54,73539.85,56990.57,0
CLM103570,POL13198,CUS23267,Health,West,PRV-28,24,2024-10-26,2025-06-16,2025-06-26,2025-08-20,Emergency,Settled,,7198.57,48195.34,40221.75,2
CLM103571,POL13368,CUS20546,Travel,East,PRV-13,31,2024-12-13,2025-08-26,2025-09-05,2025-09-14,Medical,Settled,,1446.54,9535.91,5988.17,1
CLM103572,POL12756,CUS23164,Home,East,PRV-06,53,2024-11-02,2025-03-19,2025-03-29,,Water Damage,Rejected,Suspected Misrepresentation,11351.28,82442.32,0.0,0
CLM103573,POL11320,CUS23184,Health,South,PRV-02,19,2024-07-31,2025-02-23,2025-02-25,,Diagnostic,Rejected,Coverage Limit,2611.79,14849.34,0.0,1
CLM103574,POL13811,CUS23490,Travel,South,PRV-27,47,2024-01-05,2024-04-25,2024-05-02,2024-06-17,Trip Cancellation,Settled,,1640.97,9973.35,8274.54,0
CLM103575,POL12744,CUS20757,Health,West,PRV-22,55,2024-01-18,2024-06-09,2024-06-14,2024-08-21,Hospitalization,Settled,,1002.65,20539.53,17630.89,0
CLM103576,POL12583,CUS22025,Motor,East,PRV-13,26,2025-03-03,2025-11-06,2025-11-17,,Theft,Approved,,1877.59,23020.22,13183.13,1
CLM103577,POL13425,CUS23479,Motor,South,PRV-28,28,2025-04-06,2025-06-28,2025-07-07,,Theft,Pending,,11745.32,67838.24,0.0,1
CLM103578,POL13525,CUS23159,Health,East,PRV-26,37,2024-05-28,2024-09-01,2024-09-02,,Hospitalization,Pending,,18313.43,142699.79,0.0,0
CLM103579,POL10310,CUS22116,Motor,East,PRV-06,21,2024-05-30,2024-07-10,2024-07-21,,Theft,Pending,,5071.54,52522.24,0.0,1
CLM103580,POL13526,CUS20689,Health,North,PRV-16,70,2024-09-09,2024-11-14,2024-11-22,,Surgery,Approved,,14489.56,90947.36,69892.13,0
CLM103581,POL13060,CUS20295,Motor,South,PRV-20,56,2025-02-03,2025-02-15,2025-02-21,2025-03-05,Glass Damage,Settled,,1923.75,15288.08,11053.76,5
CLM103582,POL10826,CUS20907,Health,Central,PRV-21,68,2025-01-02,2025-09-03,2025-09-08,,Surgery,Approved,,8130.27,94995.33,58567.75,0
CLM103583,POL11230,CUS20228,Motor,South,PRV-16,38,2024-12-12,2025-08-24,2025-08-29,,Theft,Approved,,4697.24,66451.07,48017.29,0
CLM103584,POL13010,CUS20683,Home,Central,PRV-08,52,2024-01-23,2024-05-29,2024-06-07,2024-08-02,Water Damage,Settled,,9143.81,57995.03,41346.67,0
CLM103585,POL10866,CUS20262,Motor,South,PRV-08,43,2024-09-24,2025-03-21,2025-03-30,,Third Party,Approved,,8336.79,53095.54,48006.35,1
CLM103586,POL11809,CUS22667,Motor,Central,PRV-06,18,2025-04-11,2025-06-25,2025-07-01,2025-08-25,Theft,Settled,,4545.53,27097.72,25238.39,0
CLM103587,POL12755,CUS22064,Health,East,PRV-15,41,2024-12-31,2025-01-14,2025-01-25,2025-02-23,Emergency,Settled,,2537.88,17184.8,12384.37,1
CLM103588,POL12601,CUS21812,Health,East,PRV-17,63,2025-05-15,2025-10-17,2025-10-19,2025-11-21,Surgery,Settled,,4257.89,73773.99,54196.45,1
CLM103589,POL13639,CUS22833,Health,South,PRV-29,24,2025-03-06,2025-04-23,2025-04-28,,Surgery,Approved,,1078.51,12218.06,12081.84,1
CLM103590,POL10446,CUS21437,Health,Central,PRV-05,20,2025-07-11,2026-03-22,2026-03-29,,Hospitalization,Approved,,1414.05,17851.5,12856.45,0
CLM103591,POL11180,CUS21410,Motor,South,PRV-15,19,2024-12-20,2025-03-14,2025-03-15,2025-04-30,Glass Damage,Settled,,1826.05,26587.21,22143.89,0
CLM103592,POL13939,CUS20724,Home,West,PRV-19,71,2024-12-18,2025-07-27,2025-08-01,,Water Damage,Approved,,7614.55,51032.84,31163.61,1
CLM103593,POL12275,CUS21556,Health,North,PRV-13,45,2024-12-11,2025-02-28,2025-03-10,,Hospitalization,Approved,,2817.87,57866.5,42994.76,0
CLM103594,POL10994,CUS20610,Motor,East,PRV-01,51,2024-06-13,2024-07-21,2024-07-29,2024-09-30,Collision,Settled,,10141.04,99537.97,65567.55,1
CLM103595,POL11159,CUS22062,Home,West,PRV-21,55,2024-09-27,2025-03-10,2025-03-18,,Water Damage,Approved,,27372.42,171242.61,112902.0,0
CLM103596,POL11356,CUS23491,Health,South,PRV-06,32,2024-04-14,2024-06-08,2024-06-09,2024-06-26,Emergency,Settled,,11745.13,79174.12,51885.55,0
CLM103597,POL12217,CUS21865,Health,East,PRV-23,50,2024-09-23,2025-01-21,2025-01-22,,Hospitalization,Approved,,3508.37,50043.73,38214.11,0
CLM103598,POL11138,CUS21046,Health,North,PRV-09,23,2024-04-02,2024-06-29,2024-07-04,,Hospitalization,Rejected,Late Notification,2627.29,74360.01,0.0,0
CLM103599,POL12487,CUS22408,Health,West,PRV-21,31,2024-10-31,2025-07-22,2025-07-25,2025-08-16,Diagnostic,Settled,,4549.02,49402.07,45329.24,1
CLM103600,POL11781,CUS22870,Health,North,PRV-06,60,2025-08-14,2026-01-12,2026-01-12,2026-03-06,Surgery,Settled,,12043.71,101185.69,76083.76,2
CLM103601,POL12441,CUS21651,Motor,South,PRV-19,65,2024-10-07,2025-05-11,2025-05-17,,Glass Damage,Approved,,8595.77,54330.53,65994.94661311248,1
CLM103602,POL10620,CUS20876,Motor,Central,PRV-04,25,2025-04-02,2025-09-26,2025-10-05,,Glass Damage,Approved,,4251.4,38917.83,29086.92,1
CLM103603,POL12494,CUS22498,Travel,North,PRV-09,32,2024-09-29,2025-06-29,2025-07-07,2025-07-26,Lost Baggage,Settled,,800.0,4428.45,2633.37,0
CLM103604,POL13698,CUS20655,Health,Central,PRV-23,45,2025-07-15,2025-11-24,2025-11-25,2026-02-02,Surgery,Settled,,1530.56,11455.12,7058.86,1
CLM103605,POL10540,CUS23490,Health,South,PRV-09,54,2024-05-10,2025-01-23,2025-02-01,2025-03-02,Diagnostic,Settled,,10706.62,118634.63,72471.93,0
CLM103606,POL11309,CUS21112,Motor,Central,PRV-13,19,2025-06-01,2026-02-25,2026-03-01,,Third Party,Rejected,Suspected Misrepresentation,5878.94,38228.19,0.0,1
CLM103607,POL12774,CUS21226,Home,South,PRV-14,54,2025-03-25,2025-12-26,2025-12-27,2026-01-12,Water Damage,Settled,,1400.08,41720.13,31010.4,0
CLM103608,POL12469,CUS22544,Motor,North,PRV-08,70,2025-07-05,2026-01-30,2026-02-04,2026-04-12,Theft,Settled,,4615.63,49709.76,27362.21,0
CLM103609,POL12699,CUS20042,Motor,South,PRV-18,68,2024-03-23,2025-01-11,2025-01-13,2025-02-19,Glass Damage,Settled,,3607.45,38655.18,30161.46,2
CLM103610,POL12238,CUS20710,Motor,West,PRV-10,62,2025-07-08,2026-02-16,2026-02-24,2026-04-30,Third Party,Settled,,2697.29,22832.92,14625.87,1
CLM103611,POL12730,CUS20439,Home,South,PRV-16,53,2025-07-17,2025-10-19,2025-10-27,,Water Damage,Rejected,Late Notification,12753.28,152202.19,0.0,1
CLM103612,POL12437,CUS21368,Health,South,PRV-24,27,2024-07-02,2024-08-18,2024-08-26,,Emergency,Rejected,Late Notification,7385.47,81764.47,0.0,0
CLM103613,POL10296,CUS21937,Motor,South,PRV-23,52,2025-01-22,2025-03-26,2025-03-27,,Theft,Rejected,Insufficient Documents,4343.17,30970.89,0.0,0
CLM103614,POL13005,CUS20628,Motor,East,PRV-07,55,2024-12-29,2025-06-19,2025-06-23,,Collision,Approved,,6344.93,113928.09,76834.0,0
CLM103615,POL11787,CUS21204,Health,North,PRV-21,31,2024-01-31,2024-03-21,2024-03-26,,Emergency,Approved,,4360.18,66308.95,57723.74,0
CLM103616,POL10205,CUS22702,Health,South,PRV-23,45,2024-11-21,2025-02-01,2025-02-12,2025-04-12,Emergency,Settled,,1614.76,35600.34,29710.92,0
CLM103617,POL11636,,Health,East,PRV-17,47,2025-02-12,2025-08-19,2025-08-25,2025-08-19,Surgery,Settled,,1526.15,22230.68,20513.35,0
CLM103618,POL11740,CUS20049,Motor,South,PRV-22,23,2024-05-07,2024-08-15,2024-08-22,2024-10-29,Glass Damage,Settled,,7148.05,67556.42,56891.48,0
CLM103619,POL10346,CUS22196,Home,Central,PRV-13,27,2024-08-12,2025-03-04,2025-03-08,2025-05-10,Water Damage,Settled,,8883.45,152182.18,96777.76,0
CLM103620,POL13984,CUS20089,Travel,North,PRV-03,45,2024-12-28,2025-10-23,2025-10-26,,Lost Baggage,Rejected,Suspected Misrepresentation,916.02,22322.05,0.0,1
CLM103621,POL10889,CUS21821,Health,Central,PRV-18,67,2025-07-30,2025-08-26,2025-09-04,,Hospitalization,Approved,,6400.7,35667.42,22198.1,3
CLM103622,POL11322,CUS23078,Motor,Central,PRV-28,39,2024-02-07,2024-08-17,2024-08-27,,Third Party,Pending,,1463.19,14887.88,0.0,1
CLM103623,POL11763,CUS22793,Health,North,PRV-15,66,2025-08-03,2026-04-06,2026-04-06,2026-05-10,Hospitalization,Settled,,6189.95,40004.25,38915.26,0
CLM103624,POL13330,CUS20814,Motor,Central,PRV-17,31,2025-05-21,2025-07-02,2025-07-08,2025-08-29,Collision,Settled,,18243.89,129558.22,105293.29,0
CLM103625,POL12971,CUS20905,Motor,Central,PRV-21,29,2025-06-08,2026-01-29,2026-02-07,2026-02-22,Glass Damage,Settled,,890.41,16243.57,11354.58,0
CLM103626,POL13083,CUS22742,Motor,East,PRV-26,72,2024-01-30,2024-06-30,2024-07-01,2024-07-25,Collision,Settled,,3600.01,33694.81,37369.23086465261,0
CLM103627,POL10948,CUS22869,Travel,Central,PRV-15,44,2024-12-18,2025-06-24,2025-07-01,,Trip Cancellation,Approved,,6940.12,60255.19,35437.1,2
CLM103628,POL13381,CUS20983,Health,East,PRV-10,31,2024-08-16,2024-09-01,2024-09-06,,Emergency,Rejected,Insufficient Documents,2023.9,37706.3,0.0,1
CLM103629,POL13318,CUS20010,Home,North,PRV-19,60,2025-07-23,2025-12-01,2025-12-07,,Storm,Approved,,1402.38,29975.28,28225.75,1
CLM103630,POL11855,CUS21555,Health,Central,PRV-21,56,2025-04-04,2025-07-23,2025-07-30,2025-09-01,Surgery,Settled,,3473.19,49985.34,42785.74,2
CLM103631,POL12183,CUS22168,Health,South,PRV-21,23,2025-02-06,2025-03-24,2025-04-03,,Hospitalization,Pending,,1783.24,25773.32,0.0,2
CLM103632,POL10148,CUS21553,Motor,West,PRV-19,74,2024-01-18,2024-09-03,2024-09-04,,Theft,Pending,,851.01,11879.31,0.0,1
CLM103633,POL13041,CUS23271,Health,South,PRV-30,24,2025-06-26,2025-11-25,2025-11-27,2026-01-26,Diagnostic,Settled,,4467.06,65819.44,36493.46,0
CLM103634,POL13843,CUS22847,Motor,West,PRV-09,19,2024-10-30,2025-07-20,2025-07-24,,Theft,Pending,,3233.71,28866.64,0.0,0
CLM103635,POL11890,CUS22757,Health,West,PRV-10,67,2024-04-09,2024-05-27,2024-06-05,,Diagnostic,Rejected,Policy Exclusion,3411.05,45996.27,0.0,0
CLM103636,POL12162,CUS20071,Motor,Central,PRV-26,26,2025-06-25,2026-01-30,2026-02-06,,Glass Damage,Approved,,9953.26,68291.45,40058.83,2
CLM103637,POL11996,CUS22987,Health,East,PRV-06,45,2025-07-14,2026-01-11,2026-01-13,,Diagnostic,Pending,,1529.52,40402.35,0.0,2
CLM103638,POL10330,CUS22643,Health,Central,PRV-25,58,2024-11-03,2025-05-17,2025-05-17,2025-07-07,Diagnostic,Settled,,3711.91,30122.78,28623.27,0
CLM103639,POL12478,CUS21389,Motor,North,PRV-08,60,2025-02-14,2025-05-18,2025-05-29,2025-07-20,Third Party,Settled,,7841.26,53756.32,34769.82,1
CLM103640,POL12885,CUS22063,Motor,East,PRV-21,49,2025-01-13,2025-08-08,2025-08-09,,Collision,Approved,,3962.46,41459.05,31230.83,1
CLM103641,POL13711,CUS22884,Travel,South,PRV-26,27,2024-07-07,2024-09-19,2024-09-19,2024-11-21,Lost Baggage,Settled,,1882.19,24162.01,22818.97,2
CLM103642,POL13719,CUS23171,Motor,East,PRV-27,65,2025-04-08,2025-11-22,2025-11-26,,Glass Damage,Approved,,1320.92,17504.23,14968.79,1
CLM103643,POL11967,CUS21927,Motor,West,PRV-19,56,2025-09-10,2026-01-20,2026-01-26,2026-02-26,Third Party,Settled,,2609.7,32963.72,20097.72,0
CLM103644,POL13835,CUS20144,Motor,West,PRV-07,45,2025-08-02,2025-12-24,2025-12-27,,Glass Damage,Rejected,Coverage Limit,3497.49,73469.86,0.0,0
CLM103645,POL12114,CUS22164,Motor,South,PRV-11,53,2025-03-01,2025-08-22,2025-08-24,,Glass Damage,Approved,,2372.46,20249.47,18162.19,0
CLM103646,POL12568,CUS22380,Health,West,PRV-22,71,2024-08-11,2024-09-06,2024-09-07,,Surgery,Pending,,5466.79,44257.88,0.0,1
CLM103647,POL12407,CUS20206,Motor,South,PRV-20,57,2025-07-17,2025-11-04,2025-11-08,2025-12-30,Theft,Settled,,1813.39,20501.31,13281.6,1
CLM103648,POL13994,CUS22860,Health,East,PRV-09,30,2025-07-28,2025-09-27,2025-10-08,,Emergency,Rejected,Coverage Limit,10222.51,58960.59,0.0,2
CLM103649,POL12950,CUS20705,Health,South,PRV-18,67,2024-01-04,2024-10-19,2024-10-20,,Surgery,Rejected,,8624.78,51733.64,0.0,0
CLM103650,POL10480,CUS23116,Motor,South,PRV-29,46,2024-07-28,2024-12-02,2024-12-08,,Third Party,Approved,,3870.46,51826.35,40486.27,1
CLM103651,POL10287,CUS21928,Travel,West,PRV-02,72,2024-12-08,2024-12-10,2024-12-12,2025-01-28,Lost Baggage,Settled,,3706.41,26502.23,16066.68,0
CLM103652,POL11639,CUS21127,Travel,Central,PRV-17,67,2024-12-24,2025-01-01,2025-01-09,,Medical,Pending,,2700.59,56917.64,0.0,1
CLM103653,POL12062,CUS20205,Motor,North,PRV-17,74,2025-03-17,2025-12-15,2025-12-15,2026-01-26,Theft,Settled,,3914.41,27245.44,26277.33,1
CLM103654,POL12674,CUS20062,Motor,South,PRV-26,25,2024-11-14,2024-12-31,2025-01-02,,Theft,Approved,,7097.94,50569.23,34713.72,0
CLM103655,POL11926,CUS22595,Motor,East,PRV-08,73,2024-01-09,2024-01-10,2024-01-10,,Collision,Pending,,2751.35,32952.58,0.0,1
CLM103656,POL12058,CUS21320,Motor,Central,PRV-06,51,2024-04-12,2024-06-15,2024-06-22,2024-08-01,Glass Damage,Settled,,1827.62,20758.34,13010.72,0
CLM103657,POL13686,CUS22940,Health,West,PRV-14,65,2025-04-17,2025-06-21,2025-06-29,,Emergency,Rejected,Suspected Misrepresentation,2296.7,19478.54,0.0,0
CLM103658,POL11339,CUS20806,Health,South,PRV-10,41,2025-03-05,2025-03-29,2025-03-31,2025-06-12,Emergency,Settled,,3204.22,44482.5,28449.87,0
CLM103659,POL11974,CUS23221,Health,East,PRV-27,57,2025-02-07,2025-12-02,2025-12-07,,Hospitalization,Pending,,8005.17,69063.45,0.0,0
CLM103660,POL12229,CUS23295,Motor,East,PRV-23,52,2024-09-30,2024-10-18,2024-10-21,,Theft,Rejected,Late Notification,3330.82,20416.46,0.0,0
CLM103661,POL11873,CUS20356,Motor,East,PRV-12,32,2024-06-19,2025-01-23,2025-01-23,,Collision,Pending,,1690.91,17481.52,0.0,0
CLM103662,POL13872,CUS22264,Travel,Central,PRV-11,26,2024-07-09,2025-03-17,2025-03-17,2025-04-30,Medical,Settled,,800.0,10358.77,6750.37,0
CLM103663,POL13848,CUS23289,Travel,West,PRV-01,64,2025-03-03,2025-09-12,2025-09-23,,Lost Baggage,Pending,,2962.49,26053.76,0.0,1
CLM103664,POL12052,CUS21130,Motor,Central,PRV-03,51,2024-11-08,2024-12-18,2024-12-25,,Glass Damage,Pending,,6773.29,52946.52,0.0,2
CLM103665,POL11802,CUS20236,Health,North,PRV-17,62,2024-03-22,2024-10-26,2024-11-02,2024-11-09,Hospitalization,Settled,,5825.85,53498.4,50648.42,0
CLM103666,POL12355,CUS23064,Health,East,PRV-20,51,2024-09-04,2024-12-12,2024-12-15,2025-02-06,Diagnostic,Settled,,800.0,12953.96,7217.67,0
CLM103667,POL10723,CUS21659,Health,North,PRV-24,28,2025-05-25,2025-09-25,2025-09-28,2025-10-14,Hospitalization,Settled,,5883.22,45119.48,37734.51,0
CLM103668,POL11703,CUS20094,Health,North,PRV-04,52,2025-01-06,2025-03-23,2025-04-01,,Emergency,Rejected,Suspected Misrepresentation,13359.73,375968.45,0.0,0
CLM103669,POL10867,CUS22940,Home,West,PRV-05,18,2025-06-21,2026-02-11,2026-02-16,2026-04-16,Fire,Settled,,3992.52,43109.47,29870.36,1
CLM103670,POL10576,CUS22376,Motor,South,PRV-17,28,2024-11-11,2025-05-04,2025-05-05,,Theft,Approved,,5945.52,64513.28,40481.35,0
CLM103671,POL10380,CUS20246,Motor,Central,PRV-03,51,2024-10-27,2024-12-13,2024-12-18,,Collision,Approved,,8623.35,54939.46,50804.07,0
CLM103672,POL12348,CUS20905,Travel,Central,PRV-26,40,2025-08-11,2025-12-11,2025-12-17,,Trip Cancellation,Pending,,2018.5,12663.06,0.0,0
CLM103673,POL10002,CUS20063,Motor,North,PRV-14,63,2024-11-10,2025-07-06,2025-07-12,2025-07-18,Theft,Settled,,10600.48,72478.81,41197.61,0
CLM103674,POL12584,CUS23342,Motor,Central,PRV-18,44,2024-03-24,2024-12-30,2025-01-05,,Third Party,Approved,,7904.15,51674.83,41828.53,1
CLM103675,POL11727,CUS20087,Home,Central,PRV-24,57,2024-09-06,2025-06-14,2025-06-24,,Storm,Pending,,3761.79,59881.75,0.0,1
CLM103676,POL11465,CUS22785,Home,East,PRV-16,56,2025-02-05,2025-03-18,2025-03-20,,Storm,Approved,,3331.04,24235.89,13397.81,2
CLM103677,POL13076,CUS21789,Health,South,PRV-03,21,2024-08-02,2025-04-16,2025-04-23,,Surgery,Rejected,Late Notification,12897.65,90578.12,0.0,1
CLM103678,POL12154,CUS22039,Home,South,PRV-07,10,2024-09-11,2025-02-28,2025-03-10,,Storm,Pending,,8948.96,60997.18,0.0,0
CLM103679,POL12933,CUS22840,Health,East,PRV-11,42,2025-06-25,2026-02-02,2026-02-13,,Surgery,Approved,,3205.83,21484.31,19197.35,0
CLM103680,POL12837,CUS23132,Motor,South,PRV-05,22,2024-09-26,2025-01-20,2025-01-31,2025-04-01,Collision,Settled,,1793.33,32913.29,24727.47,0
CLM103681,POL10128,CUS20445,Health,Central,PRV-16,56,2024-07-08,2025-01-19,2025-01-27,,Diagnostic,Approved,,1967.73,28709.71,26100.06,0
CLM103682,POL10861,CUS20062,Home,West,PRV-01,73,2024-03-07,2024-05-24,2024-05-25,2024-07-19,Theft,Settled,,8038.76,54480.49,53716.03,0
CLM103683,POL12279,CUS20436,Home,Central,PRV-05,67,2024-09-06,2025-02-09,2025-02-20,,Water Damage,Approved,,2736.5,52521.67,38373.49,1
CLM103684,POL13902,CUS22388,Motor,Central,PRV-25,67,2025-04-20,2025-06-27,2025-06-27,,Third Party,Approved,,1210.85,24917.59,19932.37,1
CLM103685,POL10617,CUS21989,Motor,South,PRV-04,29,2024-07-04,2024-10-31,2024-11-06,,Theft,Pending,,3081.62,17454.45,0.0,0
CLM103686,POL10422,CUS20293,Home,South,PRV-01,40,2024-10-18,2025-02-17,2025-02-22,,Fire,Rejected,Late Notification,5627.41,32125.69,0.0,0
CLM103687,POL13764,CUS20820,Motor,North,PRV-14,48,2025-02-11,2025-10-28,2025-11-05,,Theft,Approved,,1813.97,22530.99,12941.32,1
CLM103688,POL13867,CUS21880,Motor,North,PRV-26,50,2025-07-29,2026-02-02,2026-02-11,,Theft,Approved,,1701.37,54376.15,41398.07,2
CLM103689,POL10669,CUS22555,Home,North,PRV-08,23,2025-05-19,2025-11-29,2025-12-07,,Water Damage,Rejected,Policy Exclusion,2548.96,28404.74,0.0,0
CLM103690,POL11606,CUS21201,Health,North,PRV-12,33,2024-06-26,2024-09-19,2024-09-21,2024-11-02,Emergency,Settled,,2167.73,63980.49,61937.01,1
CLM103691,POL12506,CUS23323,Motor,North,PRV-23,29,2024-04-11,2024-08-20,2024-08-29,2024-10-04,Theft,Settled,,2278.34,44227.38,33393.22,1
CLM103692,POL10780,CUS23472,Motor,Central,PRV-28,46,2025-02-19,2025-07-11,2025-07-20,,Third Party,Approved,,1530.05,24051.0,18033.18,1
CLM103693,POL11304,CUS22681,Motor,South,PRV-09,32,2024-06-06,2025-01-27,2025-01-27,,Collision,Approved,,5601.43,35933.54,27818.04,0
CLM103694,POL11581,CUS21589,Home,West,PRV-05,65,2024-08-31,2024-10-26,2024-11-02,,Water Damage,Rejected,Late Notification,5225.13,60549.62,0.0,2
CLM103695,POL12566,CUS23070,Health,North,PRV-08,47,2024-03-05,2024-03-22,2024-03-23,2024-04-02,Emergency,Settled,,1356.54,43432.84,41454.24,0
CLM103696,POL11232,CUS22547,Motor,West,PRV-25,18,2025-04-25,2025-09-24,2025-09-30,,Glass Damage,Rejected,Late Notification,12161.8,96882.46,0.0,2
CLM103697,POL11649,CUS21818,Motor,East,PRV-11,64,2024-04-09,2024-12-09,2024-12-11,,Glass Damage,Rejected,Suspected Misrepresentation,1410.33,34742.0,0.0,1
CLM103698,POL11158,CUS21553,Motor,West,PRV-26,69,2024-08-24,2025-04-01,2025-04-05,2025-06-15,Collision,Settled,,11468.26,69879.09,43295.71,2
CLM103699,POL13038,CUS22913,Motor,East,PRV-15,35,2024-09-09,2025-05-10,2025-05-13,2025-05-26,Glass Damage,Settled,,1699.63,25442.4,24022.44,3
CLM103700,POL10612,CUS21949,Motor,Central,PRV-13,48,2024-01-27,2024-05-24,2024-06-03,2024-08-08,Theft,Settled,,2557.41,38948.63,38423.64,0
CLM103701,POL10922,CUS20640,Health,East,PRV-22,30,2025-04-26,2025-07-04,2025-07-14,2025-09-10,Hospitalization,Settled,,9522.38,106328.11,104264.89,0
CLM103702,POL10999,CUS23499,Motor,West,PRV-30,53,2025-01-18,2025-08-04,2025-08-13,,Collision,Approved,,986.53,21391.96,21226.14,1
CLM103703,POL13623,CUS20239,Motor,West,PRV-23,47,2024-12-01,2024-12-13,2024-12-21,,Glass Damage,Rejected,Insufficient Documents,1050.35,31381.28,0.0,2
CLM103704,POL13777,CUS22432,Health,West,PRV-07,45,2024-04-20,2025-01-13,2025-01-17,2025-03-21,Diagnostic,Settled,,2699.63,16150.45,13763.04,2
CLM103705,POL12000,CUS22295,Health,West,PRV-10,28,2024-02-03,2024-09-04,2024-09-05,2024-09-14,Diagnostic,Settled,,2245.88,14077.1,8168.98,2
CLM103706,POL10625,CUS22051,Motor,South,PRV-04,32,2024-02-04,2024-07-04,2024-07-10,,Glass Damage,Approved,,4994.66,29828.09,20202.99,0
CLM103707,POL13024,CUS20181,Motor,Central,PRV-18,26,2025-01-22,2025-03-23,2025-03-28,,Collision,Rejected,Late Notification,5561.91,42297.23,0.0,0
CLM103708,POL11968,CUS21724,Motor,East,PRV-30,39,2025-04-08,2025-06-22,2025-06-25,,Collision,Rejected,Insufficient Documents,800.0,15466.41,0.0,3
CLM103709,POL13398,CUS23123,Motor,West,PRV-10,18,2025-05-08,2026-03-02,2026-03-04,2026-05-06,Glass Damage,Settled,,10084.26,57304.02,47518.44,3
CLM103710,POL11439,CUS20838,Health,North,PRV-08,47,2025-05-11,2025-05-16,2025-05-17,,Diagnostic,Rejected,Insufficient Documents,5305.74,38922.82,0.0,0
CLM103711,POL13995,CUS22420,Motor,West,PRV-28,38,2024-08-31,2024-09-03,2024-09-12,2024-10-31,Glass Damage,Settled,,8807.61,95439.38,77431.9,0
CLM103712,POL13228,CUS23005,Home,South,PRV-01,42,2024-01-01,2024-04-14,2024-04-17,2024-06-10,Theft,Settled,,8550.65,61132.02,43813.02,0
CLM103713,POL10895,CUS23332,Health,West,PRV-07,63,2024-05-31,2024-08-08,2024-08-19,2024-10-14,Hospitalization,Settled,,932.67,8105.84,7685.71,0
CLM103714,POL12902,CUS21806,Motor,North,PRV-12,51,2025-05-02,2025-11-21,2025-11-29,2026-01-02,Third Party,Settled,,3776.43,28882.38,19121.0,0
CLM103715,POL11147,CUS21098,Motor,North,PRV-29,73,2025-04-18,2025-05-01,2025-05-02,,Glass Damage,Approved,,7658.93,49857.75,44705.74,1
CLM103716,POL11399,CUS22448,Motor,West,PRV-30,19,2024-11-10,2025-07-03,2025-07-03,,Collision,Approved,,5301.32,31106.04,17463.56,2
CLM103717,POL11001,CUS21701,Motor,South,PRV-27,20,2024-01-15,2024-09-06,2024-09-10,,Collision,Pending,,1751.53,11716.06,0.0,1
CLM103718,POL12728,CUS22194,Health,South,PRV-26,59,2025-04-26,2025-07-04,2025-07-04,2025-07-14,Surgery,Settled,,7467.02,45424.67,40480.32,2
CLM103719,POL11051,CUS22595,Motor,North,PRV-01,66,2025-05-20,2025-11-10,2025-11-21,2026-01-07,Theft,Settled,,3590.0,31183.33,30887.94,2
CLM103720,POL12555,CUS22485,Home,North,PRV-03,49,2024-05-20,2024-12-07,2024-12-17,,Theft,Pending,,2060.16,25508.15,0.0,2
CLM103721,POL12329,CUS20849,Health,Central,PRV-27,39,2025-05-13,2026-01-22,2026-01-29,,Hospitalization,Approved,,3403.0,26085.94,23780.57,3
CLM103722,POL13003,CUS22645,Home,Central,PRV-11,70,2025-01-31,2025-09-08,2025-09-11,,Storm,Approved,,5316.65,46869.9,32296.24,3
CLM103723,POL13974,CUS21896,Home,Central,PRV-05,33,2025-07-04,2026-04-18,2026-04-28,,Fire,Pending,,923.86,24038.98,0.0,1
CLM103724,POL10035,CUS23257,Health,East,PRV-17,46,2025-01-23,2025-02-27,2025-03-06,2025-05-06,Hospitalization,Settled,,5383.28,46255.17,29708.12,1
CLM103725,POL13961,CUS22308,Travel,Central,PRV-28,74,2024-02-25,2024-08-26,2024-08-30,2024-10-01,Delay,Settled,,5147.2,55578.16,48536.0,3
CLM103726,POL10437,CUS23121,Travel,Central,PRV-24,20,2025-02-05,2025-09-25,2025-10-05,2025-11-16,Trip Cancellation,Settled,,1399.5,16380.68,15956.52,0
CLM103727,POL12107,CUS23425,Motor,Central,PRV-13,64,2024-03-07,2024-05-16,2024-05-18,,Third Party,Rejected,Late Notification,4561.66,32896.0,0.0,1
CLM103728,POL11363,CUS23480,Motor,South,PRV-06,65,2024-06-09,2024-08-14,2024-08-20,2024-10-13,Theft,Settled,,3338.36,20510.12,13733.86,2
CLM103729,POL12556,CUS22606,Motor,West,PRV-23,46,2025-06-25,2025-07-23,2025-07-31,,Theft,Approved,,4894.77,82167.03,59975.68,0
CLM103730,POL12886,,Motor,South,PRV-03,72,2025-08-23,2026-06-14,2026-06-24,2026-07-17,Third Party,Settled,,3762.42,25211.48,16600.76,1
CLM103731,POL13439,CUS20413,Health,North,PRV-04,28,2024-10-21,2025-07-08,2025-07-09,2025-08-15,Emergency,Settled,,1524.76,27503.36,15990.57,1
CLM103732,POL11607,CUS21351,Motor,Central,PRV-23,53,2024-06-29,2024-08-05,2024-08-08,2024-10-15,Collision,Settled,,8367.86,71847.56,64324.83,0
CLM103733,POL13731,CUS21663,Health,West,PRV-06,68,2024-08-31,2024-11-13,2024-11-23,,Emergency,Pending,,9557.4,60785.76,0.0,1
CLM103734,POL11289,CUS22731,Home,South,PRV-01,40,2024-05-30,2024-10-15,2024-10-20,,Fire,Approved,,13500.19,81387.27,68543.34,1
CLM103735,POL10815,CUS22060,Motor,South,PRV-30,33,2024-12-21,2025-09-15,2025-09-24,2025-10-26,Glass Damage,Settled,,951.9,12481.17,9270.05,1
CLM103736,POL11516,CUS21536,Health,Central,PRV-16,49,2024-09-18,2025-05-23,2025-06-01,2025-07-02,Emergency,Settled,,8386.6,54874.59,31974.96,0
CLM103737,POL12114,CUS20513,Motor,East,PRV-24,50,2024-02-06,2024-10-26,2024-10-29,2024-12-11,Glass Damage,Settled,,7004.41,43285.63,29680.05,1
CLM103738,POL12672,CUS22505,Home,Central,PRV-22,68,2025-01-13,2025-09-18,2025-09-21,,Theft,Approved,,2151.68,38480.37,22470.74,2
CLM103739,POL13331,CUS21511,Health,West,PRV-25,38,2025-02-03,2025-08-10,2025-08-15,,Emergency,Rejected,Late Notification,2315.38,26398.56,0.0,1
CLM103740,POL10899,CUS20126,Motor,Central,PRV-21,22,2025-02-17,2025-05-16,2025-05-16,2025-06-23,Glass Damage,Settled,,12266.12,83763.54,71218.62,1
CLM103741,POL11212,CUS20994,Health,East,PRV-22,66,2025-08-08,2026-02-05,2026-02-14,2026-03-17,Diagnostic,Settled,,800.0,6439.36,6134.42,1
CLM103742,POL13754,CUS23078,Motor,West,PRV-16,21,2025-03-12,2025-08-07,2025-08-08,,Glass Damage,Pending,,8058.07,65055.34,0.0,1
CLM103743,POL11759,CUS20415,Home,South,PRV-05,28,2025-02-22,2025-12-04,2025-12-15,,Water Damage,Rejected,Policy Exclusion,17530.29,190140.78,0.0,0
CLM103744,POL10966,CUS21421,Health,North,PRV-24,66,2024-05-11,2024-09-23,2024-10-02,,Emergency,Pending,,800.0,6327.94,0.0,0
CLM103745,POL13942,CUS21792,Health,South,PRV-15,60,2024-10-15,2025-05-30,2025-06-03,,Emergency,Pending,,7626.33,82220.19,0.0,0
CLM103746,POL11795,CUS20293,Health,North,PRV-18,27,2024-09-26,2024-11-17,2024-11-17,,Diagnostic,Approved,,3957.28,66723.79,82176.07547829187,2
CLM103747,POL13940,CUS20579,Home,East,PRV-10,24,2025-08-18,2026-03-11,2026-03-20,2026-03-23,Fire,Settled,,2352.94,28600.84,27879.74,2
CLM103748,POL13677,CUS23290,Home,South,PRV-25,58,2024-10-21,2025-03-06,2025-03-11,2025-05-15,Fire,Settled,,6187.72,38877.93,22935.4,2
CLM103749,POL13624,CUS22066,Health,North,PRV-23,54,2025-03-02,2025-07-11,2025-07-13,,Hospitalization,Rejected,Coverage Limit,11434.73,94001.4,0.0,1
CLM103750,POL12327,CUS20736,Home,North,PRV-18,71,2024-12-01,2025-07-15,2025-07-20,2025-09-11,Theft,Settled,,4541.19,44701.4,37924.26,1
CLM103751,POL13193,CUS20593,Health,West,PRV-06,46,2024-02-05,2024-06-29,2024-07-09,2024-08-29,Surgery,Settled,,3546.81,26097.16,17211.97,0
CLM103752,POL13842,CUS21490,Home,Central,PRV-13,31,2025-08-03,2025-08-21,2025-08-29,2025-08-26,Storm,Settled,,5143.38,89357.63,57507.27,1
CLM103753,POL11076,CUS22532,Home,South,PRV-08,20,2025-02-19,2025-06-16,2025-06-24,2025-08-21,Water Damage,Settled,,1518.81,35719.04,25785.91,0
CLM103754,POL10150,CUS22556,Motor,East,PRV-18,72,2024-05-22,2025-03-07,2025-03-13,2025-05-21,Collision,Settled,,4263.03,37964.53,26390.46,1
CLM103755,POL11283,CUS20683,Motor,East,PRV-03,23,2024-02-07,2024-11-16,2024-11-17,,Third Party,Rejected,Insufficient Documents,960.06,30261.71,0.0,2
CLM103756,POL12547,CUS22539,Motor,East,PRV-13,64,2025-08-03,2026-02-03,2026-02-14,,Collision,Approved,,7581.94,145157.42,127011.81,0
CLM103757,POL12189,CUS23136,Motor,East,PRV-30,54,2024-07-09,2025-01-16,2025-01-24,,Glass Damage,Rejected,Coverage Limit,10013.96,72797.7,0.0,1
CLM103758,POL10322,CUS20792,Health,South,PRV-07,57,2024-01-11,2024-03-30,2024-04-05,,Hospitalization,Approved,,16069.35,97246.93,86233.46,1
CLM103759,POL12243,CUS20091,Motor,South,PRV-15,53,2025-01-16,2025-09-07,2025-09-15,2025-10-26,Theft,Settled,,2461.96,33822.97,26203.87,0
CLM103760,POL10697,CUS23356,Health,North,PRV-15,48,2024-01-11,2024-07-09,2024-07-13,2024-08-14,Emergency,Settled,,2964.83,33924.94,21314.8,1
CLM103761,POL12022,CUS21826,Motor,North,PRV-26,56,2024-05-13,2024-05-25,2024-06-02,2024-07-20,Third Party,Settled,,17368.91,131430.16,111881.18,0
CLM103762,POL12302,CUS22717,Motor,Central,PRV-29,30,2025-07-07,2026-04-17,2026-04-28,2026-06-14,Glass Damage,Settled,,9973.45,66166.27,47520.68,0
CLM103763,POL12546,CUS21120,Health,Central,PRV-26,73,2024-01-24,2024-10-05,2024-10-09,2024-11-23,Surgery,Settled,,1452.47,21040.53,12830.99,0
CLM103764,POL11650,CUS21047,Health,North,PRV-18,51,2025-04-11,2025-05-06,2025-05-06,2025-05-10,Emergency,Settled,,16836.02,109377.83,89090.39,2
CLM103765,POL11633,CUS20787,Health,North,PRV-13,29,2025-01-18,2025-05-23,2025-05-31,,Diagnostic,Approved,,26647.68,151491.11,105130.6,2
CLM103766,POL12714,CUS20759,Home,North,PRV-22,20,2024-07-08,2025-02-16,2025-02-26,2025-03-11,Theft,Settled,,4356.73,100864.61,68347.08,2
CLM103767,POL12996,CUS21650,Travel,Central,PRV-02,60,2024-06-26,2025-02-02,2025-02-11,2025-04-22,Medical,Settled,,800.0,11197.83,8566.38,1
CLM103768,POL13230,CUS20370,Health,South,PRV-20,41,2024-10-21,2024-12-11,2024-12-22,,Emergency,Approved,,11735.31,84474.09,66222.3,1
CLM103769,POL11334,CUS22947,Motor,West,PRV-10,63,2024-11-26,2024-12-08,2024-12-12,,Collision,Approved,,850.44,23952.22,20749.51,0
CLM103770,POL11696,CUS21789,Motor,Central,PRV-14,55,2025-07-06,2026-04-27,2026-05-08,2026-06-08,Theft,Settled,,2082.08,28677.49,22124.09,0
CLM103771,POL11322,CUS23203,Travel,West,PRV-20,72,2024-06-10,2025-03-05,2025-03-07,,Lost Baggage,Approved,,1058.28,6754.46,5336.56,0
CLM103772,POL12110,CUS21757,Health,South,PRV-13,69,2024-12-31,2025-08-09,2025-08-16,2025-08-19,Emergency,Settled,,24407.25,184556.34,148881.5,0
CLM103773,POL10508,CUS21061,Home,Central,PRV-09,61,2025-03-01,2025-09-15,2025-09-25,2025-11-12,Theft,Settled,,16404.76,130087.13,125829.29,0
CLM103774,POL11720,CUS21802,Health,Central,PRV-06,29,2024-01-08,2024-08-01,2024-08-11,,Surgery,Approved,,2707.39,22228.21,13238.32,2
CLM103775,POL10754,CUS20539,Motor,East,PRV-13,58,2025-07-09,2025-11-23,2025-11-30,,Theft,Rejected,Late Notification,1891.03,17960.9,0.0,2
CLM103776,POL12129,CUS22884,Health,West,PRV-01,20,2025-09-07,2026-03-31,2026-04-06,2026-04-30,Emergency,Settled,,11484.89,79200.09,44891.99,1
CLM103777,POL13402,CUS22520,Home,South,PRV-26,28,2024-02-23,2024-05-24,2024-05-29,,Water Damage,Approved,,5560.11,34795.64,23194.8,0
CLM103778,POL13941,CUS20515,Home,East,PRV-26,18,2024-06-11,2024-07-07,2024-07-17,2024-08-04,Storm,Settled,,17640.42,118130.2,107016.65,0
CLM103779,POL11785,CUS22036,Motor,East,PRV-21,69,2025-05-02,2025-08-03,2025-08-13,2025-09-08,Collision,Settled,,1853.29,18097.79,12896.81,1
CLM103780,POL10225,CUS21882,Health,West,PRV-09,65,2025-05-16,2025-08-12,2025-08-14,2025-09-16,Diagnostic,Settled,,11201.68,76317.36,42891.41,0
CLM103781,POL10911,CUS20703,Motor,North,PRV-23,38,2024-04-06,2024-07-06,2024-07-07,2024-09-15,Third Party,Settled,,2664.28,18592.01,14520.38,2
CLM103782,POL10419,CUS20427,Travel,East,PRV-18,38,2025-07-22,2025-12-10,2025-12-19,2026-02-24,Lost Baggage,Settled,,3042.34,30929.28,23103.58,0
CLM103783,POL13037,CUS22661,Motor,East,PRV-08,36,2024-07-23,2024-09-01,2024-09-10,2024-11-11,Theft,Settled,,2780.09,34700.49,33558.02,1
CLM103784,POL13938,CUS20924,Home,West,PRV-14,24,2024-07-01,2024-10-31,2024-11-01,2024-12-03,Theft,Settled,,18828.7,205732.43,200382.85,1
CLM103785,POL12215,CUS21816,Motor,North,PRV-03,35,2024-08-09,2024-12-26,2024-12-31,,Theft,Approved,,4786.81,46035.36,31095.03,1
CLM103786,POL10707,CUS20866,Health,North,PRV-04,64,2025-02-20,2025-04-18,2025-04-24,,Diagnostic,Approved,,1824.05,35049.07,32215.05,0
CLM103787,POL10084,CUS22286,Health,South,PRV-12,24,2024-05-07,2024-09-20,2024-09-20,2024-10-26,Emergency,Settled,,3087.78,49190.22,38448.58,2
CLM103788,POL13904,CUS20171,Motor,Central,PRV-02,23,2024-12-02,2025-06-22,2025-06-29,,Third Party,Rejected,,1017.59,22475.18,0.0,1
CLM103789,POL11265,CUS21257,Home,East,PRV-27,31,2024-02-16,2024-06-19,2024-06-30,2024-07-21,Theft,Settled,,2125.72,52044.55,31297.43,0
CLM103790,POL10448,CUS21914,Home,South,PRV-29,50,2024-04-01,2024-04-02,2024-04-04,2024-05-18,Storm,Settled,,9193.88,80003.94,74118.62,1
CLM103791,POL10708,CUS21536,Home,East,PRV-10,70,2025-04-21,2025-11-18,2025-11-27,2025-12-14,Fire,Settled,,4665.43,34632.85,28491.72,0
CLM103792,POL11021,CUS22143,Motor,West,PRV-11,55,2024-08-25,2025-02-14,2025-02-14,,Third Party,Rejected,Suspected Misrepresentation,2790.55,22865.55,0.0,0
CLM103793,POL12623,CUS20631,Home,West,PRV-24,36,2025-05-07,2025-09-10,2025-09-12,2025-10-01,Theft,Settled,,1385.13,9962.46,8989.19,0
CLM103794,POL13567,CUS21546,Health,South,PRV-10,70,2025-04-02,2025-04-09,2025-04-15,2025-06-22,Diagnostic,Settled,,18796.04,206606.65,157016.84,1
CLM103795,POL11100,CUS22647,Health,West,PRV-24,46,2025-09-10,2025-10-07,2025-10-18,2025-12-27,Hospitalization,Settled,,16809.53,112158.94,104955.5,0
CLM103796,POL12748,CUS21167,Health,Central,PRV-03,43,2024-03-26,2024-04-19,2024-04-29,,Emergency,Approved,,5007.05,35223.07,24416.53,0
CLM103797,POL10259,CUS20549,Health,West,PRV-16,73,2025-08-02,2026-04-14,2026-04-25,,Hospitalization,Approved,,5674.31,41524.22,38963.84,1
CLM103798,POL10040,CUS22967,Motor,Central,PRV-01,57,2025-07-07,2025-10-08,2025-10-19,2025-12-18,Theft,Settled,,10414.43,71873.15,43277.32,0
CLM103799,POL10219,CUS22724,Health,Central,PRV-22,50,2024-09-26,2025-02-01,2025-02-10,2025-03-17,Diagnostic,Settled,,5132.49,79306.78,55628.7,1
CLM103800,POL13692,CUS22381,Motor,North,PRV-22,18,2024-03-24,2024-10-19,2024-10-23,2024-11-10,Theft,Settled,,1495.76,12959.74,12191.35,2
CLM103801,POL12326,CUS22793,Motor,East,PRV-14,31,2024-03-23,2024-10-05,2024-10-06,,Collision,Approved,,2011.2,13752.69,7712.31,0
CLM103802,POL13220,CUS22725,Motor,South,PRV-27,48,2024-11-12,2024-12-02,2024-12-11,,Third Party,Approved,,1756.45,39180.09,36863.16,0
CLM103803,POL10086,CUS22613,Motor,North,PRV-20,52,2024-01-07,2024-10-12,2024-10-14,,Theft,Approved,,3913.08,58351.32,33145.84,1
CLM103804,POL10088,CUS21783,Home,West,PRV-08,43,2024-02-29,2024-05-19,2024-05-25,2024-06-24,Storm,Settled,,7956.16,76778.53,64993.26,0
CLM103805,POL13395,CUS20067,Health,North,PRV-18,44,2024-11-25,2025-07-13,2025-07-22,2025-09-18,Emergency,Settled,,5193.7,56375.06,47194.61,1
CLM103806,POL10410,CUS22089,Motor,West,PRV-14,35,2024-12-15,2025-08-21,2025-08-21,,Theft,Pending,,10634.21,63624.51,0.0,0
CLM103807,POL10621,CUS20955,Home,West,PRV-21,18,2025-06-17,2025-11-26,2025-12-06,,Theft,Approved,,20775.96,145697.61,135090.39,0
CLM103808,POL12075,CUS22706,Travel,Central,PRV-19,71,2025-08-27,2025-10-15,2025-10-18,,Medical,Approved,,800.0,7634.47,4494.14,1
CLM103809,POL12426,CUS21639,Home,West,PRV-24,24,2024-06-15,2024-11-25,2024-11-27,,Storm,Rejected,Late Notification,3772.98,37806.93,0.0,1
CLM103810,POL10915,CUS23168,Home,North,PRV-06,56,2024-07-23,2024-10-05,2024-10-09,,Fire,Approved,,13018.91,90168.65,89484.09,0
CLM103811,,CUS22084,Travel,South,PRV-01,56,2024-05-03,2025-01-13,2025-01-18,2025-02-26,Delay,Settled,,1781.14,13664.15,11648.07,1
CLM103812,,CUS21926,Health,West,PRV-12,50,2024-05-19,2024-12-31,2025-01-05,,Emergency,Approved,,6278.83,56746.2,54965.55,2
CLM103813,POL11771,CUS23217,Travel,South,PRV-03,57,2024-09-29,2025-06-03,2025-06-04,,Trip Cancellation,Rejected,Late Notification,800.0,6505.77,0.0,1
CLM103814,POL11530,CUS21662,Travel,Central,PRV-15,25,2025-09-07,2026-05-13,2026-05-15,2026-06-05,Delay,Settled,,2677.61,16007.7,15871.16,0
CLM103815,POL10287,CUS21314,Motor,Central,PRV-11,39,2025-07-07,2025-08-30,2025-09-04,2025-11-17,Third Party,Settled,,3132.01,33945.97,30842.59,1
CLM103816,POL11807,CUS21300,Home,East,PRV-20,57,2025-07-20,2025-07-30,2025-08-01,2025-09-26,Theft,Settled,,5103.31,98576.1,84349.11,2
CLM103817,POL13211,CUS23062,Home,North,PRV-21,51,2024-10-07,2025-04-13,2025-04-20,,Water Damage,Rejected,Coverage Limit,1987.58,46591.87,0.0,0
CLM103818,POL12507,CUS22646,Home,East,PRV-30,44,2025-02-11,2025-08-14,2025-08-24,,Fire,Pending,,9840.53,66616.46,0.0,0
CLM103819,POL13572,CUS20572,Home,South,PRV-01,32,2025-03-24,2025-12-08,2025-12-08,,Theft,Approved,,4788.43,39277.7,30151.5,1
CLM103820,POL10504,CUS21723,Health,West,PRV-15,58,2024-05-30,2024-12-07,2024-12-07,,Hospitalization,Approved,,1757.17,25933.38,24202.01,1
CLM103821,POL10044,CUS21299,Health,Central,PRV-24,18,2024-10-13,2025-06-11,2025-06-18,2025-08-26,Surgery,Settled,,8566.33,77907.82,66488.89,0
CLM103822,POL12192,CUS22263,Health,East,PRV-08,60,2024-12-07,2025-03-22,2025-03-22,2025-04-14,Hospitalization,Settled,,5650.14,32855.37,20202.61,0
CLM103823,POL10714,CUS20182,Home,Central,PRV-26,64,2024-08-19,2024-09-26,2024-10-03,,Fire,Rejected,Late Notification,3446.02,33145.21,0.0,0
CLM103824,POL12375,CUS22499,Home,West,PRV-20,65,2024-10-20,2024-11-01,2024-11-06,2024-12-21,Fire,Settled,,1349.59,15233.2,12386.38,1
CLM103825,POL13615,CUS22598,Home,Central,PRV-15,49,2024-09-30,2025-02-08,2025-02-13,2025-03-06,Fire,Settled,,3661.33,48063.78,26781.3,3
CLM103826,POL11348,CUS20793,Home,East,PRV-04,43,2024-02-07,2024-02-08,2024-02-15,2024-04-17,Storm,Settled,,22666.1,395281.72,308192.35,1
CLM103827,POL12197,CUS20527,Travel,West,PRV-18,28,2025-04-21,2025-09-23,2025-10-03,,Delay,Rejected,Coverage Limit,5194.38,31187.68,0.0,3
CLM103828,POL12726,CUS22196,Motor,West,PRV-01,68,2025-07-12,2025-11-09,2025-11-10,2026-01-08,Glass Damage,Settled,,3604.71,64653.11,42448.56,0
CLM103829,POL10600,CUS20899,Travel,Central,PRV-10,59,2025-04-12,2025-06-29,2025-06-30,,Medical,Rejected,Coverage Limit,800.0,12406.31,0.0,2
CLM103830,POL13589,CUS23295,Motor,South,PRV-12,39,2025-08-01,2026-01-25,2026-02-02,,Glass Damage,Approved,,3171.37,61688.8,41762.32,0
CLM103831,POL10811,CUS22713,Health,Central,PRV-03,39,2024-09-24,2025-04-16,2025-04-16,,Diagnostic,Approved,,4441.12,77406.24,73861.7,0
CLM103832,POL13233,CUS23342,Motor,North,PRV-03,56,2024-02-04,2024-02-16,2024-02-21,2024-04-22,Glass Damage,Settled,,2277.7,24302.34,19203.08,1
CLM103833,POL12639,CUS21871,Health,South,PRV-27,30,2024-06-14,2024-11-04,2024-11-09,2024-12-23,Emergency,Settled,,13647.77,81995.15,79333.56,3
CLM103834,POL10563,CUS23284,Health,South,PRV-15,38,2025-06-13,2026-03-21,2026-03-25,,Surgery,Approved,,3090.4,61533.77,54035.94,2
CLM103835,POL12899,CUS20048,Motor,South,PRV-03,53,2024-03-27,2024-06-24,2024-06-30,,Third Party,Approved,,1733.98,33393.28,24587.8,1
CLM103836,POL10785,CUS21014,Health,Central,PRV-10,69,2024-12-05,2025-07-27,2025-07-28,2025-09-20,Diagnostic,Settled,,16969.17,177501.17,100436.19,0
CLM103837,POL12397,CUS20007,Home,Central,PRV-18,69,2024-01-01,2024-04-11,2024-04-14,2024-06-10,Water Damage,Settled,,5945.82,35912.07,34161.0,1
CLM103838,POL13838,CUS22371,Motor,North,PRV-27,42,2024-07-19,2024-10-09,2024-10-09,2024-11-08,Theft,Settled,,6703.01,39646.36,34425.05,2
CLM103839,POL13812,CUS21787,Health,North,PRV-14,49,2024-03-11,2024-11-23,2024-12-04,2025-01-02,Hospitalization,Settled,,6797.52,39377.45,24045.53,1
CLM103840,POL13484,CUS21006,Motor,South,PRV-06,30,2024-03-11,2024-06-26,2024-07-05,2024-08-23,Collision,Settled,,1162.64,23711.96,23020.01,2
CLM103841,POL11976,CUS21067,Motor,South,PRV-15,27,2024-04-12,2024-12-27,2024-12-30,,Glass Damage,Pending,,5272.29,38815.07,0.0,0
CLM103842,POL12238,CUS22253,Motor,Central,PRV-21,75,2024-11-29,2025-06-13,2025-06-13,,Third Party,Rejected,Policy Exclusion,4011.51,31560.33,0.0,1
CLM103843,POL11201,CUS20631,Health,South,PRV-04,19,2025-03-03,2025-11-01,2025-11-04,2025-12-02,Diagnostic,Settled,,1377.07,39833.11,27211.76,0
CLM103844,POL13683,CUS21800,Home,Central,PRV-19,35,2024-06-27,2025-02-26,2025-03-09,,Theft,Pending,,2403.3,18367.57,0.0,2
CLM103845,POL11908,CUS22147,Health,South,PRV-11,54,2025-05-22,2026-02-20,2026-03-01,,Surgery,Pending,,9542.32,70921.42,0.0,0
CLM103846,POL13086,CUS20839,Home,Central,PRV-30,70,2024-08-31,2025-02-13,2025-02-20,2025-03-23,Fire,Settled,,4430.11,34475.83,31493.76,0
CLM103847,POL11438,CUS20799,Health,South,PRV-14,61,2025-04-01,2026-01-11,2026-01-22,,Emergency,Approved,,2198.92,35264.63,25787.15,1
CLM103848,POL12961,CUS21239,Home,Central,PRV-18,66,2024-11-24,2024-12-12,2024-12-14,2025-02-10,Storm,Settled,,3295.31,41266.66,25184.11,2
CLM103849,POL10897,CUS22072,Travel,East,PRV-22,19,2025-03-24,2025-08-19,2025-08-25,,Medical,Pending,,6588.61,58273.25,0.0,2
CLM103850,POL12935,CUS20890,Health,Central,PRV-25,49,2025-08-29,2025-12-26,2026-01-04,2026-03-16,Emergency,Settled,,2724.9,53678.71,50809.2,0
CLM103851,POL10183,CUS21327,Motor,West,PRV-02,40,2025-09-08,2025-10-07,2025-10-07,,Theft,Approved,,800.0,8389.73,5298.59,0
CLM103852,POL10419,CUS21902,Motor,South,PRV-11,34,2024-12-30,2025-09-18,2025-09-23,2025-10-26,Third Party,Settled,,15603.51,115742.46,112380.18,3
CLM103853,POL11408,CUS20653,Health,West,PRV-01,50,2025-08-19,2026-04-16,2026-04-20,,Hospitalization,Pending,,1552.47,28300.6,0.0,0
CLM103854,POL11928,CUS21991,Health,North,PRV-03,22,2025-03-10,2025-10-20,2025-10-22,,Surgery,Approved,,6418.71,197480.24,194959.72,1
CLM103855,POL12845,CUS20483,Motor,South,PRV-15,34,2024-06-15,2024-12-22,2024-12-24,,Collision,Pending,,1347.56,23328.33,0.0,1
CLM103856,POL11436,CUS20498,Home,North,PRV-13,32,2025-08-02,2026-01-29,2026-02-09,,Storm,Pending,,6332.71,153227.18,0.0,1
CLM103857,POL10073,CUS20829,Travel,South,PRV-22,38,2024-03-30,2024-07-22,2024-07-28,2024-08-04,Trip Cancellation,Settled,,800.0,7220.47,4086.87,0
CLM103858,POL11301,CUS21002,Motor,East,PRV-21,69,2024-10-17,2025-05-10,2025-05-10,,Theft,Approved,,10022.8,69578.79,46302.35,1
CLM103859,POL11756,CUS20104,Motor,Central,PRV-28,54,2024-04-05,2025-01-22,2025-01-30,2025-03-02,Third Party,Settled,,4674.92,31605.68,29548.47,0
CLM103860,POL12174,CUS23365,Motor,North,PRV-08,34,2025-05-01,2025-07-16,2025-07-23,,Glass Damage,Approved,,965.44,23719.25,15041.63,0
CLM103861,POL12576,CUS21078,Health,South,PRV-17,67,2025-07-09,2025-10-19,2025-10-23,2025-10-31,Surgery,Settled,,3190.33,27611.68,26263.86,1
CLM103862,POL10990,CUS22816,Home,West,PRV-05,31,2025-05-22,2025-06-24,2025-06-28,2025-08-01,Theft,Settled,,1099.4,25444.74,20747.98,0
CLM103863,POL12441,CUS23156,Health,North,PRV-13,73,2024-03-04,2024-12-01,2024-12-07,,Diagnostic,Approved,,1140.46,19641.73,17225.03,1
CLM103864,POL12526,CUS22802,Motor,North,PRV-04,21,2024-06-16,2024-11-22,2024-12-03,,Theft,Approved,,3626.39,24563.69,17482.87,1
CLM103864,POL13106,CUS22909,Health,East,PRV-28,70,2024-07-29,2025-01-23,2025-02-01,,Emergency,Rejected,Coverage Limit,16699.67,94991.74,0.0,0
CLM103866,POL12088,CUS20350,Motor,North,PRV-16,48,2024-03-12,2024-05-31,2024-06-04,,Collision,Pending,,800.0,11115.63,0.0,0
CLM103867,POL13242,CUS21302,Health,South,PRV-03,31,2024-11-24,2024-12-05,2024-12-07,,Emergency,Rejected,Coverage Limit,26324.08,179668.76,0.0,0
CLM103868,POL10886,CUS22611,Health,Central,PRV-11,49,2024-01-22,2024-09-19,2024-09-20,2024-11-29,Surgery,Settled,,6037.82,74259.07,45715.74,0
CLM103869,POL12846,CUS22015,Health,Central,PRV-24,63,2025-01-15,2025-09-30,2025-10-02,,Hospitalization,Approved,,4528.36,30662.42,20545.77,0
CLM103870,POL10183,CUS20019,Health,West,PRV-23,57,2024-12-22,2025-04-03,2025-04-04,2025-04-25,Emergency,Settled,,3105.72,26880.06,24956.71,1
CLM103871,POL10411,CUS21985,Home,South,PRV-23,75,2025-01-04,2025-08-20,2025-08-29,2025-10-24,Storm,Settled,,5182.64,46294.62,39409.75,0
CLM103872,POL13458,CUS22815,Motor,East,PRV-20,68,2025-07-19,2026-01-07,2026-01-13,,Glass Damage,Approved,,8583.91,56728.3,41024.84,3
CLM103873,POL11900,CUS22900,Home,Central,PRV-30,33,2025-05-02,2025-11-11,2025-11-11,2026-01-09,Fire,Settled,,15693.85,116747.5,88607.36,3
CLM103874,POL12483,CUS21343,Motor,Central,PRV-29,24,2024-06-10,2024-08-01,2024-08-12,2024-10-13,Glass Damage,Settled,,3872.34,22050.5,16479.26,1
CLM103875,POL12413,CUS20827,Motor,Central,PRV-13,58,2024-12-20,2025-06-22,2025-06-23,,Third Party,Rejected,Insufficient Documents,3021.14,35795.32,0.0,1
CLM103876,POL12779,CUS21083,Home,North,PRV-30,39,2025-05-12,2025-06-30,2025-07-07,2025-08-12,Storm,Settled,,13587.72,78425.26,60392.52,1
CLM103877,POL10982,CUS21037,Health,West,PRV-21,50,2025-06-11,2025-08-16,2025-08-16,2025-10-20,Surgery,Settled,,2936.55,19050.41,14375.91,0
CLM103878,POL10713,CUS21213,Motor,South,PRV-01,53,2025-02-02,2025-05-20,2025-05-27,2025-07-05,Glass Damage,Settled,,6918.07,66500.39,46381.27,1
CLM103879,POL10170,CUS21056,Health,South,PRV-23,23,2024-02-22,2024-04-27,2024-05-03,2024-05-19,Diagnostic,Settled,,5899.78,56123.08,42203.96,1
CLM103880,POL13459,CUS21600,Home,West,PRV-08,29,2024-09-26,2025-06-25,2025-07-05,,Water Damage,Rejected,Coverage Limit,4954.56,29974.35,0.0,1
CLM103881,POL10894,CUS20143,Travel,North,,66,2025-06-16,2025-06-25,2025-07-02,,Medical,Approved,,3383.47,28645.18,18215.18,0
CLM103882,POL12300,CUS20963,Health,South,PRV-08,33,2024-02-15,2024-11-12,2024-11-17,2024-11-27,Emergency,Settled,,11279.22,139819.49,120206.97,1
CLM103883,POL11819,CUS21101,Motor,North,PRV-15,39,2024-12-31,2025-02-16,2025-02-22,,Third Party,Rejected,Policy Exclusion,3069.43,84776.09,0.0,0
CLM103884,POL10649,CUS20536,Health,West,PRV-27,64,2024-12-01,2025-08-19,2025-08-26,2025-10-10,Hospitalization,Settled,,4525.4,60383.27,38981.98,1
CLM103885,POL11655,CUS23072,Motor,West,PRV-24,31,2024-05-18,2024-08-27,2024-08-31,2024-10-11,Collision,Settled,,3872.61,61861.59,59438.06,1
CLM103886,POL10332,CUS22364,Motor,North,PRV-04,19,2024-08-01,2025-05-04,2025-05-12,,Glass Damage,Pending,,800.0,15638.29,0.0,0
CLM103887,POL10706,CUS23191,Health,West,PRV-30,46,2025-08-29,2026-02-07,2026-02-13,2026-03-14,Hospitalization,Settled,,10128.4,77378.92,75736.21,1
CLM103888,POL10558,CUS21965,Home,West,PRV-13,69,2025-01-04,2025-05-31,2025-06-11,2025-07-21,Fire,Settled,,15079.05,168754.9,122830.62,2
CLM103889,POL13297,CUS20383,Motor,East,PRV-16,49,2025-08-05,2025-09-14,2025-09-16,2025-11-24,Third Party,Settled,,1292.0,29240.7,25165.72,1
CLM103890,POL12269,CUS23166,Home,West,PRV-02,63,2024-10-19,2025-02-26,2025-03-06,2025-04-30,Storm,Settled,,2281.97,28868.41,22942.76,1
CLM103891,POL13702,CUS21603,Health,South,PRV-01,49,2025-06-08,2025-11-22,2025-12-01,,Surgery,Rejected,Insufficient Documents,2048.82,40123.93,0.0,1
CLM103891,POL11743,CUS22395,Home,West,PRV-15,36,2025-01-19,2025-11-10,2025-11-18,2025-12-10,Theft,Settled,,2181.96,18214.77,10513.98,1
CLM103893,POL10805,CUS21334,Motor,East,PRV-11,68,2025-07-19,2025-10-06,2025-10-17,,Third Party,Pending,,2148.48,22847.26,0.0,0
CLM103894,POL12434,CUS21729,Health,Central,PRV-02,38,2024-07-21,2024-08-15,2024-08-20,2024-10-24,Diagnostic,Settled,,2909.63,17102.3,16056.74,1
CLM103895,POL13718,CUS21712,Motor,North,PRV-03,32,2024-08-24,2024-11-08,2024-11-14,2024-12-17,Third Party,Settled,,3149.04,25958.31,14901.97,0
CLM103896,POL12130,CUS20996,Motor,North,PRV-22,32,2024-01-26,2024-04-08,2024-04-09,2024-04-30,Collision,Settled,,4226.66,29194.52,27977.58,0
CLM103897,POL10071,CUS21941,Motor,North,PRV-18,32,2024-05-21,2025-03-01,2025-03-05,,Third Party,Pending,,1796.44,22383.24,0.0,0
CLM103898,POL11214,CUS22568,Motor,North,PRV-16,18,2024-03-26,2024-05-10,2024-05-11,2024-07-12,Collision,Settled,,11092.82,77479.0,46533.37,0
CLM103899,POL13699,CUS20070,Motor,North,PRV-18,68,2024-04-23,2025-02-14,2025-02-23,,Third Party,Rejected,Coverage Limit,8955.15,63866.13,0.0,0
CLM103900,POL12073,CUS20458,Motor,South,PRV-30,58,2024-07-10,2024-08-13,2024-08-22,2024-08-31,Glass Damage,Settled,,4735.71,26510.7,23251.16,1
CLM103901,POL13807,CUS22947,Travel,Central,PRV-14,21,2025-06-25,2026-02-23,2026-02-25,2026-04-05,Delay,Settled,,2626.32,20331.42,16461.08,0
CLM103902,POL12037,CUS21993,Home,Central,PRV-30,64,2024-08-22,2024-12-24,2025-01-02,2025-02-18,Fire,Settled,,12820.8,76577.3,73439.93,2
CLM103902,POL10048,CUS23407,Motor,North,PRV-09,63,2025-05-27,2025-06-13,2025-06-16,2025-08-07,Glass Damage,Settled,,4666.87,29161.16,24301.07,1
CLM103904,POL13492,CUS22116,Travel,West,PRV-24,28,2025-05-20,2025-11-20,2025-11-28,2026-02-04,Trip Cancellation,Settled,,2388.87,14235.62,11645.66,1
CLM103905,POL13052,CUS22286,Motor,East,PRV-19,33,2025-08-31,2026-04-06,2026-04-17,,Collision,Rejected,Coverage Limit,6397.88,55166.0,0.0,2
CLM103906,POL12860,CUS23146,Health,North,PRV-09,41,2024-11-11,2025-07-20,2025-07-29,2025-10-05,Diagnostic,Settled,,1743.38,27412.67,20085.95,0
CLM103907,POL13880,CUS22311,Home,Central,PRV-04,53,2025-06-09,2025-08-02,2025-08-04,2025-10-08,Theft,Settled,,6197.2,52628.3,44083.14,0
CLM103908,POL10784,CUS21153,Health,West,PRV-04,44,2024-09-17,2025-03-21,2025-03-23,2025-03-29,Surgery,Settled,,7712.87,45841.5,45285.56,3
CLM103909,POL13623,CUS21847,Motor,Central,PRV-20,32,2025-01-27,2025-07-17,2025-07-18,2025-08-28,Third Party,Settled,,7197.5,40905.87,40393.14,1
CLM103910,POL10930,CUS20824,Motor,South,PRV-05,23,2025-05-17,2025-09-27,2025-10-07,,Third Party,Pending,,6390.19,37168.49,0.0,0
CLM103911,POL13882,CUS21169,Health,South,PRV-19,72,2024-03-29,2024-12-22,2024-12-28,,Hospitalization,Rejected,Late Notification,6482.46,67410.82,0.0,1
CLM103912,POL10765,CUS22380,Health,North,PRV-21,34,2024-02-05,2024-06-11,2024-06-12,2024-06-17,Diagnostic,Settled,,2115.52,14042.64,11466.53,1
CLM103913,POL12201,CUS20521,Health,South,PRV-23,63,2024-04-12,2024-08-04,2024-08-11,,Surgery,Approved,,2594.35,25118.55,21907.55,1
CLM103914,POL13157,CUS22351,Health,East,PRV-05,34,2025-03-23,2025-08-28,2025-09-03,2025-11-07,Hospitalization,Settled,,5784.94,43249.04,29635.69,0
CLM103915,POL10312,CUS22044,Motor,East,PRV-04,74,2024-10-20,2025-07-25,2025-08-01,2025-09-08,Theft,Settled,,6509.73,68718.35,68190.65,1
CLM103916,POL10266,CUS21079,Health,East,PRV-09,67,2024-06-22,2025-03-09,2025-03-16,2025-05-28,Emergency,Settled,,6303.51,83616.84,61614.42,1
CLM103917,POL13399,CUS20157,Motor,South,PRV-15,30,2025-04-21,2025-11-19,2025-11-20,2026-01-10,Third Party,Settled,,3569.28,37067.86,25147.36,1
CLM103918,POL10241,CUS22466,Home,North,PRV-03,24,2024-01-10,2024-02-04,2024-02-08,2024-02-14,Water Damage,Settled,,4279.42,56273.43,50704.16,1
CLM103919,POL12455,CUS22885,Home,West,PRV-15,60,2024-04-17,2024-07-17,2024-07-25,2024-08-20,Water Damage,Settled,,4725.54,50553.09,41181.69,0
CLM103920,POL13752,CUS22555,Health,East,PRV-02,31,2024-10-18,2024-10-23,2024-11-02,,Emergency,Approved,,13099.52,99500.49,95226.25,0
CLM103921,POL12458,CUS21473,Home,North,PRV-05,52,2025-07-21,2025-08-19,2025-08-21,2025-10-13,Theft,Settled,,3874.77,64458.95,38537.75,0
CLM103922,POL11924,CUS22287,Motor,West,PRV-12,44,2025-04-09,2025-12-14,2025-12-20,2026-02-12,Glass Damage,Settled,,2447.69,18612.54,10694.79,3
CLM103923,POL11669,CUS21451,Motor,East,PRV-18,46,2025-02-27,2025-10-29,2025-11-09,2026-01-03,Third Party,Settled,,1089.92,26555.62,25876.21,1
CLM103924,POL12552,CUS21253,Health,East,PRV-13,26,2025-03-16,2025-04-16,2025-04-23,,Emergency,Pending,,800.0,24230.25,0.0,1
CLM103925,POL12287,CUS21145,Health,South,PRV-22,22,2024-07-12,2024-11-26,2024-11-28,,Diagnostic,Approved,,3540.04,54498.5,35275.26,2
CLM103926,POL12007,CUS20737,Home,South,PRV-06,29,2024-10-04,2024-12-27,2025-01-03,,Water Damage,Approved,,11574.67,191779.78,169608.32,1
CLM103927,POL10614,CUS23392,Travel,West,PRV-03,51,2025-07-03,2025-07-25,2025-07-25,,Trip Cancellation,Rejected,Coverage Limit,3278.3,21153.96,0.0,1
CLM103928,POL12650,CUS22331,Motor,North,PRV-28,73,2025-03-28,2025-07-21,2025-07-26,2025-08-11,Collision,Settled,,24969.12,174114.64,174016.17,0
CLM103929,POL12959,CUS20612,Motor,West,PRV-14,33,2025-01-06,2025-02-06,2025-02-12,2025-03-02,Glass Damage,Settled,,8194.58,63055.49,62010.58,3
CLM103930,POL12835,CUS23027,Health,North,PRV-19,68,2024-02-21,2024-09-29,2024-09-29,,Emergency,Approved,,5687.36,41837.93,25959.12,2
CLM103931,POL10300,CUS20529,Motor,East,PRV-22,51,2025-03-30,2026-01-14,2026-01-16,,Third Party,Rejected,Late Notification,4548.86,35140.47,0.0,2
CLM103932,POL12811,CUS22077,Motor,Central,PRV-09,25,2024-08-14,2024-12-19,2024-12-30,,Theft,Rejected,Late Notification,8698.41,56495.07,0.0,0
CLM103933,POL12919,CUS20579,Travel,South,PRV-02,53,2024-08-26,2024-11-07,2024-11-14,2025-01-05,Medical,Settled,,2427.44,22050.74,15668.59,2
CLM103934,POL10733,CUS21264,Home,Central,PRV-26,33,2025-02-21,2025-07-21,2025-07-26,2025-08-26,Theft,Settled,,6927.01,212182.73,133727.61,1
CLM103935,POL13395,CUS22304,Travel,West,PRV-21,47,2024-09-01,2025-06-18,2025-06-20,2025-07-27,Medical,Settled,,6015.94,37718.09,26787.74,2
CLM103936,POL12095,CUS23496,Motor,Central,PRV-17,68,2024-12-21,2025-02-07,2025-02-08,2025-04-01,Third Party,Settled,,10295.39,102376.89,67730.5,1
CLM103937,POL11889,CUS23471,Motor,North,PRV-27,66,2024-01-08,2024-07-30,2024-08-04,,Theft,Pending,,4619.97,27294.48,0.0,1
CLM103938,POL12890,CUS23134,Health,East,PRV-14,38,2024-04-24,2024-05-22,2024-05-28,,Emergency,Approved,,2161.34,13182.9,13110.18,0
CLM103939,POL12039,CUS20824,Travel,West,PRV-02,34,2024-11-29,2025-02-27,2025-03-01,2025-05-12,Delay,Settled,,1966.0,21868.5,13737.96,1
CLM103940,POL12178,CUS20327,Motor,Central,PRV-23,43,2025-08-16,2025-12-26,2026-01-04,2026-02-26,Collision,Settled,,800.0,4021.53,2446.5,3
CLM103941,POL11248,CUS23169,Motor,South,PRV-25,53,2025-04-16,2025-08-09,2025-08-14,,Theft,Rejected,Policy Exclusion,2284.32,58892.97,0.0,0
CLM103942,POL13711,CUS23231,Motor,South,PRV-12,28,2024-09-15,2024-11-08,2024-11-08,,Glass Damage,Rejected,Coverage Limit,6674.32,51599.09,0.0,1
CLM103943,POL13877,CUS20975,Home,West,PRV-06,69,2025-08-23,2026-04-13,2026-04-14,2026-04-26,Fire,Settled,,14208.0,107454.25,101752.33,1
CLM103944,POL10521,CUS20067,Home,South,PRV-25,49,2024-06-19,2025-01-07,2025-01-17,2025-02-06,Theft,Settled,,8278.6,53061.26,46984.44,4
CLM103945,POL12932,CUS22267,Health,Central,PRV-02,31,2025-07-07,2025-11-15,2025-11-19,,Hospitalization,Pending,,13778.7,136806.64,0.0,1
CLM103946,POL10093,CUS20266,Motor,East,PRV-01,26,2024-09-07,2025-01-11,2025-01-15,2025-02-11,Theft,Settled,,2028.3,30692.39,30126.87,1
CLM103947,POL11475,CUS20141,Home,West,PRV-26,53,2024-02-23,2024-03-17,2024-03-19,2024-04-12,Fire,Settled,,800.0,16587.44,13142.96,0
CLM103948,POL13879,CUS23280,Health,East,PRV-08,48,2024-01-02,2024-07-18,2024-07-27,,Hospitalization,Approved,,6246.72,62408.76,56366.13,1
CLM103949,POL10699,CUS21734,Motor,East,PRV-24,31,2025-08-30,2025-11-07,2025-11-16,2026-01-24,Theft,Settled,,2743.17,27994.01,21695.26,0
CLM103950,POL11507,CUS20392,Motor,Central,PRV-16,71,2025-02-02,2025-05-04,2025-05-06,,Collision,Approved,,933.94,11190.58,9509.84,1
CLM103951,POL10878,CUS22290,Health,West,PRV-28,52,2024-04-02,2024-12-16,2024-12-24,,Emergency,Approved,,7976.22,63574.1,45733.58,1
CLM103952,POL12912,CUS21292,Motor,East,PRV-26,45,2025-09-07,2026-03-19,2026-03-24,2026-05-06,Third Party,Settled,,3582.57,32655.75,18732.9,0
CLM103953,POL11855,CUS21877,Travel,East,PRV-15,34,2024-01-26,2024-08-22,2024-08-24,,Trip Cancellation,Pending,,800.0,14050.16,0.0,0
CLM103954,POL12372,CUS23146,Health,Central,PRV-23,65,2024-07-26,2024-10-14,2024-10-23,2024-12-22,Surgery,Settled,,800.0,17339.38,11790.51,2
CLM103955,POL13770,CUS20832,Motor,North,PRV-05,68,2025-04-09,2025-09-06,2025-09-06,2025-10-10,Glass Damage,Settled,,4780.93,29223.15,23313.84,0
CLM103956,POL12084,CUS22262,Health,South,PRV-29,51,2024-02-03,2024-02-08,2024-02-18,,Emergency,Rejected,Late Notification,4510.1,31912.81,0.0,2
CLM103957,POL12936,CUS22899,Health,West,PRV-28,72,2025-07-15,2025-09-27,2025-09-27,,Hospitalization,Approved,,5823.67,58541.5,44097.59,2
CLM103958,POL10391,CUS21483,Motor,South,PRV-08,39,2025-02-24,2025-10-22,2025-10-25,,Third Party,Approved,,807.22,7731.52,4798.8,0
CLM103959,POL10860,CUS23395,Health,Central,PRV-16,21,2025-08-11,2025-12-31,2026-01-02,,Surgery,Approved,,1434.05,30402.92,27737.52,0
CLM103960,POL13787,CUS21569,Motor,South,PRV-28,72,2025-06-03,2025-12-10,2025-12-12,2025-12-28,Glass Damage,Settled,,992.68,14277.64,8960.71,1
CLM103961,POL13438,CUS21607,Motor,North,PRV-10,58,2025-05-26,2026-01-17,2026-01-22,,Glass Damage,Pending,,3279.83,21336.94,0.0,1
CLM103962,POL12626,CUS23094,Health,West,PRV-04,75,2024-05-21,2025-02-26,2025-03-07,,Diagnostic,Rejected,Insufficient Documents,4931.56,100744.55,0.0,0
CLM103963,POL11512,CUS22225,Health,West,PRV-30,60,2024-05-07,2024-06-01,2024-06-05,2024-07-27,Diagnostic,Settled,,854.55,18721.82,10787.35,1
CLM103964,POL10799,CUS23040,Motor,North,PRV-06,36,2024-05-30,2024-11-20,2024-11-26,2025-01-10,Collision,Settled,,5431.18,47759.01,33858.78,0
CLM103965,POL13406,CUS22766,Motor,North,PRV-05,57,2024-04-05,2025-01-28,2025-02-08,2025-02-15,Glass Damage,Settled,,4166.35,26699.28,23786.78,0
CLM103966,POL13141,CUS22493,Health,East,PRV-15,75,2025-02-15,2025-04-16,2025-04-21,,Diagnostic,Pending,,1732.69,19946.2,0.0,0
CLM103967,POL10966,CUS20845,Motor,East,PRV-14,43,2024-02-06,2024-10-21,2024-10-30,2024-12-03,Theft,Settled,,5178.3,40812.17,30834.6,1
CLM103968,POL12359,CUS21395,Travel,North,PRV-07,75,2024-09-22,2025-03-15,2025-03-19,,Medical,Rejected,Policy Exclusion,5231.91,31646.81,0.0,1
CLM103969,POL12474,CUS23025,Health,East,PRV-27,39,2024-12-26,2025-04-01,2025-04-01,2025-06-09,Diagnostic,Settled,,3438.35,21005.46,20757.27,0
CLM103970,POL11909,CUS22156,Home,North,PRV-01,36,2024-11-30,2025-07-23,2025-07-26,2025-08-23,Water Damage,Settled,,5463.93,54540.49,50216.46,0
CLM103971,POL13706,CUS20980,Health,West,PRV-28,40,2024-10-29,2025-07-17,2025-07-18,2025-07-21,Diagnostic,Settled,,8614.76,115887.36,64011.37,1
CLM103972,POL10496,CUS21145,Home,West,PRV-20,44,2024-05-18,2024-06-30,2024-07-10,2024-08-12,Water Damage,Settled,,3094.46,26674.6,21957.36,0
CLM103973,POL11031,CUS22715,Motor,East,PRV-08,72,2024-03-08,2024-09-28,2024-09-28,2024-11-15,Collision,Settled,,4163.46,24689.97,24081.71,0
CLM103974,POL10380,CUS20623,Motor,North,PRV-13,20,2025-09-04,2026-06-11,2026-06-20,2026-07-20,Theft,Settled,,1263.66,9563.77,9259.13,0
CLM103975,POL12771,CUS20392,Motor,East,PRV-03,26,2024-10-15,2025-05-03,2025-05-04,,Glass Damage,Pending,,5359.86,30932.53,0.0,0
CLM103976,POL12576,CUS22677,Motor,South,PRV-28,18,2025-01-03,2025-06-16,2025-06-17,2025-08-16,Glass Damage,Settled,,1654.39,14155.27,11679.65,1
CLM103977,POL13949,CUS21009,Travel,Central,PRV-22,50,2024-12-17,2025-01-28,2025-02-03,2025-03-08,Trip Cancellation,Settled,,1776.03,53521.62,44281.06,1
CLM103978,POL12169,CUS22678,Health,Central,PRV-30,27,2024-08-16,2024-12-29,2024-12-29,2025-03-07,Emergency,Settled,,942.8,9700.71,8522.07,0
CLM103979,POL10602,CUS21867,Health,South,PRV-02,74,2025-03-24,2025-12-20,2025-12-20,,Hospitalization,Rejected,,2516.78,15207.91,0.0,1
CLM103980,POL11803,CUS23492,Health,Central,PRV-28,33,2024-08-21,2025-04-17,2025-04-26,2025-04-17,Emergency,Settled,,1890.42,53912.42,40968.35,2
CLM103981,POL10353,CUS21837,Health,Central,PRV-25,39,2024-09-13,2025-01-26,2025-01-26,2025-03-22,Emergency,Settled,,8678.87,70732.95,40867.78,0
CLM103982,POL12683,CUS23036,Health,South,PRV-16,69,2025-05-13,2025-08-14,2025-08-21,,Hospitalization,Approved,,845.32,9751.16,8531.19,0
CLM103983,POL12696,CUS22976,Home,West,PRV-19,56,2024-07-16,2025-03-14,2025-03-15,2025-04-13,Theft,Settled,,31172.7,344280.0,335934.36,1
CLM103984,POL13430,CUS20741,Health,North,PRV-10,36,2025-03-09,2025-12-24,2025-12-25,,Surgery,Approved,,10994.73,95493.16,89931.9,0
CLM103984,POL11358,CUS23486,Home,Central,PRV-16,72,2025-02-16,2025-05-17,2025-05-25,2025-06-21,Storm,Settled,,4331.79,47219.98,26491.57,1
CLM103986,POL11240,CUS22610,Motor,South,PRV-29,59,2024-01-19,2024-09-18,2024-09-22,,Collision,Approved,,6259.29,37253.01,35285.42,2
CLM103987,POL10284,CUS20375,Travel,West,PRV-25,19,2025-02-28,2025-06-01,2025-06-01,,Delay,Pending,,1300.63,17214.57,0.0,0
CLM103988,POL11660,CUS20021,Motor,East,PRV-12,72,2025-05-11,2026-01-14,2026-01-22,2026-03-31,Glass Damage,Settled,,10631.28,73883.64,73179.65,3
CLM103989,POL11901,CUS20949,Health,East,PRV-17,19,2024-06-16,2025-04-01,2025-04-12,,Surgery,Approved,,800.0,9771.87,8634.25,1
CLM103990,POL13017,CUS20056,Home,West,PRV-12,48,2025-07-20,2026-02-04,2026-02-10,,Water Damage,Rejected,Coverage Limit,7057.82,88303.87,0.0,0
CLM103991,POL13015,CUS21251,Motor,Central,PRV-11,24,2024-01-13,2024-06-10,2024-06-14,,Third Party,Pending,,3399.47,63327.4,0.0,0
CLM103992,POL10561,CUS23487,Motor,North,PRV-20,66,2024-04-21,2024-07-24,2024-08-03,2024-09-23,Collision,Settled,,3159.29,50168.4,33865.99,0
CLM103993,POL11140,CUS21676,Motor,East,PRV-13,65,2025-08-09,2025-08-27,2025-08-31,2025-09-12,Glass Damage,Settled,,4262.75,37172.7,24283.23,0
CLM103994,POL12045,CUS20083,Health,Central,PRV-20,42,2025-06-14,2025-06-30,2025-07-07,2025-08-26,Hospitalization,Settled,,2135.49,26264.89,14493.29,0
CLM103995,POL11340,CUS21728,Travel,North,PRV-30,37,2025-04-13,2025-12-19,2025-12-24,2026-01-17,Medical,Settled,,800.0,11624.3,11050.72,0
CLM103996,POL10102,CUS20766,Home,West,PRV-04,32,2025-01-09,2025-07-26,2025-08-03,,Theft,Approved,,9442.34,59195.77,35926.65,0
CLM103997,POL13382,CUS22996,Health,Central,PRV-13,71,2024-05-04,2024-07-11,2024-07-17,,Surgery,Rejected,Suspected Misrepresentation,5403.45,41150.63,0.0,1
CLM103998,POL12925,CUS20316,Travel,West,PRV-06,62,2024-10-30,2025-04-14,2025-04-19,2025-04-22,Medical,Settled,,1361.33,7856.12,5253.9,3
CLM103999,POL12080,CUS22696,Health,South,PRV-02,24,2024-12-16,2025-09-05,2025-09-10,,Emergency,Approved,,4865.21,32420.24,26211.89,0
CLM104000,POL11269,CUS21560,Home,Central,PRV-01,55,2024-02-25,2024-09-06,2024-09-09,,Fire,Pending,,1230.8,10805.41,0.0,2
CLM104001,POL13370,CUS20065,Motor,North,PRV-12,72,2025-01-03,2025-10-05,2025-10-10,,Collision,Pending,,962.28,9714.48,0.0,1
CLM104002,POL10141,CUS22355,Health,South,PRV-03,56,2024-02-25,2024-04-01,2024-04-01,2024-06-13,Diagnostic,Settled,,2124.73,12353.68,9329.32,2
CLM104003,POL11785,CUS21592,Motor,West,PRV-22,37,2024-03-19,2024-04-10,2024-04-14,,Glass Damage,Pending,,2880.11,30771.29,0.0,0
CLM104004,POL13203,CUS22700,Motor,Central,PRV-11,37,2024-04-15,2024-11-01,2024-11-01,2024-12-14,Collision,Settled,,1252.03,11205.37,6488.79,0
CLM104005,POL13811,CUS22163,Health,East,PRV-07,68,2024-04-28,2024-10-20,2024-10-23,2024-11-02,Surgery,Settled,,3277.97,40943.72,29183.23,0
CLM104006,POL11005,CUS22755,Motor,West,PRV-29,46,2024-02-20,2024-09-13,2024-09-17,,Glass Damage,Rejected,Insufficient Documents,4728.35,65584.94,0.0,0
CLM104007,POL12603,CUS21611,Health,Central,PRV-19,34,2025-08-16,2026-06-06,2026-06-06,,Emergency,Approved,,2988.88,19057.7,13328.68,1
CLM104008,POL10758,CUS20027,Health,North,PRV-24,40,2025-05-12,2025-06-14,2025-06-17,2025-07-10,Hospitalization,Settled,,1423.4,21228.4,12241.8,2
CLM104009,POL10463,CUS20457,Motor,East,PRV-24,33,2024-11-10,2025-08-16,2025-08-24,,Third Party,Approved,,5703.1,110509.76,70117.15,0
CLM104010,POL11412,CUS21606,Health,North,PRV-07,9,2024-08-16,2024-09-04,2024-09-15,,Emergency,Rejected,Insufficient Documents,4035.16,28986.98,0.0,2
CLM104011,POL13540,CUS21391,Health,West,PRV-19,22,2024-04-28,2024-10-03,2024-10-10,2024-11-21,Diagnostic,Settled,,15784.42,101069.55,99590.19,1
CLM104012,POL12757,CUS22780,Home,North,PRV-04,72,2025-08-11,2026-04-17,2026-04-25,2026-07-07,Theft,Settled,,6410.16,37894.44,24743.33,1
CLM104013,POL11957,CUS21440,Motor,West,PRV-16,49,2025-05-09,2025-11-29,2025-12-07,,Glass Damage,Pending,,6189.36,47591.21,0.0,1
CLM104014,POL11131,CUS23010,Travel,West,PRV-30,24,2025-04-11,2025-06-17,2025-06-28,2025-07-14,Trip Cancellation,Settled,,1265.48,15384.48,10126.52,1
CLM104015,POL10566,CUS20657,Home,Central,PRV-07,51,2024-10-18,2025-04-17,2025-04-28,,Fire,Approved,,6666.03,62532.02,60373.93,0
CLM104016,POL11083,CUS21347,Health,East,PRV-22,59,2024-01-18,2024-10-14,2024-10-15,2024-11-22,Diagnostic,Settled,,928.44,16023.99,15303.72,0
CLM104017,POL10610,CUS22647,Health,South,PRV-02,66,2025-01-30,2025-04-01,2025-04-06,2025-05-12,Diagnostic,Settled,,800.0,3900.05,2831.6,1
CLM104018,POL10748,CUS20434,Health,East,PRV-16,33,2024-10-29,2025-08-06,2025-08-16,2025-09-04,Emergency,Settled,,2697.58,16404.71,9296.18,0
CLM104019,POL12750,CUS21124,Home,North,PRV-04,52,2024-07-03,2025-01-15,2025-01-25,2025-04-09,Storm,Settled,,14227.82,90435.57,74463.53,0
CLM104020,POL10530,CUS22631,Motor,South,PRV-30,59,2024-07-14,2024-08-09,2024-08-15,,Theft,Approved,,1065.43,14829.23,12345.02,0
CLM104021,POL10189,CUS22061,Travel,Central,PRV-14,63,2024-02-05,2024-05-15,2024-05-20,2024-05-24,Delay,Settled,,800.0,8588.85,7111.42,0
CLM104022,POL12169,CUS22723,Travel,West,PRV-29,32,2025-06-24,2026-03-09,2026-03-09,2026-03-29,Medical,Settled,,5827.21,33524.64,22904.12,1
CLM104023,POL11146,CUS21805,Health,East,PRV-28,23,2024-04-12,2024-07-23,2024-07-28,2024-09-22,Emergency,Settled,,6273.94,70654.34,39619.71,0
CLM104024,POL11818,CUS23007,Home,South,PRV-04,43,2025-05-19,2026-02-27,2026-03-05,2026-03-17,Fire,Settled,,9599.48,121333.11,68488.91,0
CLM104025,POL10559,CUS23070,Health,Central,PRV-16,33,2025-08-26,2025-12-30,2026-01-06,,Diagnostic,Approved,,5436.69,90471.99,81471.44,0
CLM104026,POL10839,CUS23410,Home,North,PRV-20,41,2024-01-29,2024-05-11,2024-05-17,2024-06-17,Theft,Settled,,3982.61,43693.73,34474.2,0
CLM104027,POL11764,CUS20427,Home,East,PRV-13,65,2025-01-21,2025-10-03,2025-10-05,2025-12-02,Theft,Settled,,8140.0,96282.21,64704.74,1
CLM104028,POL12760,CUS22069,Motor,North,PRV-21,65,2024-02-11,2024-10-03,2024-10-14,2024-11-01,Glass Damage,Settled,,8374.65,59724.57,57427.46,0
CLM104029,POL11657,CUS20399,Motor,West,PRV-14,30,2025-05-30,2025-08-10,2025-08-12,2025-10-09,Third Party,Settled,,2668.86,32527.89,30834.7,1
CLM104030,POL12166,CUS20801,Motor,North,PRV-26,38,2024-11-10,2025-07-02,2025-07-06,2025-07-09,Collision,Settled,,3767.9,38157.14,35000.35,1
CLM104031,POL12087,CUS21051,Travel,East,PRV-19,31,2024-01-14,2024-03-29,2024-04-04,2024-05-28,Lost Baggage,Settled,,1309.59,16745.89,13896.04,1
CLM104032,POL11075,CUS22261,Health,West,PRV-15,70,2025-04-23,2026-01-16,2026-01-19,2026-01-23,Surgery,Settled,,3114.25,39974.3,33048.35,0
CLM104033,POL11118,CUS21509,Home,Central,PRV-26,71,2025-04-19,2025-04-22,2025-04-22,2025-05-25,Theft,Settled,,4102.19,60608.0,47810.09,0
CLM104034,POL11702,CUS23026,Health,East,PRV-21,24,2025-07-27,2026-02-10,2026-02-17,,Surgery,Approved,,13355.28,127536.92,80659.6,0
CLM104035,POL10128,CUS21044,Motor,Central,PRV-09,51,2024-10-27,2024-12-13,2024-12-15,2024-12-21,Collision,Settled,,2632.04,27895.51,24472.61,1
CLM104036,POL12741,CUS22160,Travel,North,PRV-11,31,2025-08-01,2026-02-20,2026-03-02,,Lost Baggage,Pending,,800.0,12106.59,0.0,1
CLM104037,POL12457,CUS22671,Health,North,PRV-03,71,2025-02-16,2025-12-06,2025-12-15,,Hospitalization,Rejected,Late Notification,6487.95,38258.31,0.0,0
CLM104038,POL11224,CUS23431,Motor,Central,PRV-13,31,2024-11-22,2025-06-10,2025-06-15,2025-08-06,Theft,Settled,,4181.48,50795.73,43673.69,0
CLM104039,POL11494,CUS20858,Motor,West,PRV-17,35,2024-08-10,2024-12-18,2024-12-23,2025-01-12,Third Party,Settled,,17664.02,122981.1,88227.34,1
CLM104040,POL11314,CUS22567,Motor,Central,PRV-17,32,2024-06-30,2025-03-04,2025-03-15,,Glass Damage,Approved,,7666.81,46174.67,40032.3,2
CLM104041,POL12605,CUS20296,Motor,West,PRV-24,45,2025-01-19,2025-03-19,2025-03-19,2025-04-12,Theft,Settled,,878.16,27694.13,18324.56,2
CLM104042,POL13038,CUS21902,Motor,West,PRV-07,52,2025-04-03,2025-09-13,2025-09-17,,Theft,Pending,,1172.12,24168.78,0.0,1
CLM104043,POL10434,CUS21448,Health,North,PRV-12,44,2024-01-23,2024-11-07,2024-11-07,2024-11-20,Surgery,Settled,,2316.25,39538.37,39290.55,0
CLM104044,POL11653,,Motor,South,PRV-24,40,2024-09-12,2024-12-28,2024-12-29,,Third Party,Approved,,8472.45,52019.24,42464.69,0
CLM104045,POL10055,CUS22706,Motor,West,PRV-22,69,2024-01-29,2024-02-07,2024-02-18,,Collision,Approved,,3464.57,30975.07,22355.42,1
CLM104046,POL11808,CUS23245,Motor,South,PRV-15,44,2024-09-02,2025-01-13,2025-01-14,,Third Party,Approved,,1070.32,13965.32,9492.92,2
CLM104047,POL10993,CUS22976,Health,East,PRV-24,65,2025-05-10,2025-10-02,2025-10-13,,Emergency,Approved,,2190.38,59817.7,56930.07,2
CLM104048,POL11343,CUS21437,Travel,South,PRV-26,75,2025-03-04,2025-11-02,2025-11-11,2025-12-03,Medical,Settled,,800.0,18920.87,13188.16,1
CLM104049,POL11826,CUS22566,Health,South,PRV-13,70,2024-03-18,2024-11-14,2024-11-21,2024-12-19,Emergency,Settled,,16709.65,143274.3,131285.82,1
CLM104050,POL11294,CUS20106,Motor,North,PRV-24,65,2025-03-20,2025-06-30,2025-07-08,2025-09-12,Third Party,Settled,,1872.82,13824.73,10145.43,2
CLM104051,POL11576,CUS21952,Health,South,PRV-07,26,2024-01-09,2024-08-28,2024-08-30,2024-10-01,Diagnostic,Settled,,8488.09,96636.35,91405.29,0
CLM104052,POL13059,CUS20165,Travel,South,PRV-17,43,2024-01-08,2024-02-20,2024-02-21,,Lost Baggage,Rejected,Suspected Misrepresentation,800.0,6362.4,0.0,0
CLM104053,POL13241,CUS22534,Home,Central,PRV-08,39,2025-07-19,2025-09-14,2025-09-18,2025-11-08,Storm,Settled,,8089.48,53578.59,43402.46,1
CLM104054,POL10023,CUS23383,Home,West,PRV-21,61,2024-01-21,2024-07-20,2024-07-29,2024-09-13,Theft,Settled,,11198.19,70062.5,42401.26,1
CLM104055,POL11511,CUS22384,Travel,North,PRV-11,24,2024-06-13,2025-01-11,2025-01-14,,Delay,Approved,,1605.82,18347.54,18145.71,0
CLM104056,POL13387,CUS22939,Health,North,PRV-26,25,2024-03-22,2024-11-19,2024-11-21,2024-11-27,Surgery,Settled,,18560.85,130499.81,104836.02,0
CLM104057,POL12121,CUS20820,Travel,West,PRV-28,51,2024-12-27,2025-07-02,2025-07-11,,Medical,Pending,,2338.84,14579.68,0.0,0
CLM104058,POL10821,CUS23478,Motor,Central,PRV-11,36,2024-11-19,2024-12-28,2025-01-04,,Third Party,Pending,,6889.08,79107.26,0.0,2
CLM104059,POL12374,CUS21927,Home,North,PRV-02,65,2025-06-04,2025-12-23,2025-12-29,,Fire,Pending,,1902.9,35166.85,0.0,1
CLM104060,POL10579,CUS22360,Home,North,PRV-22,72,2025-09-03,2026-01-10,2026-01-14,2026-02-17,Fire,Settled,,6793.04,79671.82,59108.9,0
CLM104061,POL10087,CUS22697,Travel,East,PRV-28,18,2025-04-07,2025-06-26,2025-07-05,,Medical,Pending,,800.0,14827.15,0.0,1
CLM104062,POL12529,CUS22238,Health,North,PRV-28,74,2024-10-16,2025-01-26,2025-02-03,,Surgery,Pending,,1116.53,31598.03,0.0,0
CLM104063,POL12060,CUS21109,Home,South,,53,2024-01-29,2024-09-28,2024-10-02,2024-11-01,Fire,Settled,,3023.62,19667.81,15560.55,1
CLM104064,POL13026,CUS22140,Motor,North,PRV-01,67,2025-07-25,2025-09-17,2025-09-18,2025-10-17,Third Party,Settled,,15921.51,100823.3,91907.42,0
CLM104065,POL11379,CUS22288,Health,South,PRV-03,64,2024-12-13,2025-05-30,2025-06-09,,Diagnostic,Approved,,5816.55,45764.12,32211.91,1
CLM104066,POL13417,CUS23000,Motor,East,PRV-15,55,2024-05-14,2024-06-08,2024-06-09,,Collision,Approved,,2837.86,17903.67,16942.78,1
CLM104067,POL11685,CUS21685,Health,East,PRV-09,52,2024-12-01,2025-07-06,2025-07-11,2025-08-26,Surgery,Settled,,3406.82,20002.46,11998.75,0
CLM104068,POL12952,CUS21756,Health,West,PRV-05,65,2024-08-30,2024-10-14,2024-10-24,2024-11-23,Emergency,Settled,,11262.46,84702.09,66808.96,2
CLM104069,POL10401,CUS21761,Motor,West,PRV-06,21,2024-08-05,2025-05-13,2025-05-18,2025-07-30,Glass Damage,Settled,,6772.68,40616.83,34732.86,0
CLM104070,POL10388,CUS20400,Motor,Central,PRV-12,26,2024-10-08,2025-06-29,2025-07-08,2025-09-10,Collision,Settled,,9143.4,54445.29,53719.75,0
CLM104071,POL13131,CUS20315,Motor,Central,PRV-02,36,2025-04-12,2025-12-24,2025-12-29,,Third Party,Rejected,Policy Exclusion,1123.8,15790.49,0.0,1
CLM104072,POL13335,CUS20071,Health,North,PRV-25,41,2024-04-11,2024-07-25,2024-08-02,2024-08-18,Surgery,Settled,,4467.31,25898.75,22151.56,1
CLM104073,POL13769,CUS22331,Health,North,PRV-29,56,2025-08-20,2026-04-11,2026-04-18,2026-06-11,Surgery,Settled,,10996.09,61923.05,55968.69,1
CLM104074,POL11298,CUS21466,Home,West,PRV-06,52,2024-02-08,2024-03-20,2024-03-23,2024-05-28,Theft,Settled,,4775.75,66363.29,61363.33,0
CLM104075,POL10089,CUS23029,Motor,North,PRV-18,69,2024-04-01,2024-06-27,2024-07-07,2024-09-02,Glass Damage,Settled,,5155.38,41536.17,39984.11,0
CLM104076,POL13919,CUS22457,Home,South,PRV-02,52,2025-02-23,2025-04-04,2025-04-09,2025-06-10,Theft,Settled,,1684.8,26730.16,18862.05,0
CLM104077,POL12405,CUS20495,Health,South,PRV-03,42,2024-03-31,2024-04-17,2024-04-22,2024-05-02,Emergency,Settled,,4211.5,47286.54,43934.43,2
CLM104078,POL10988,CUS20350,Motor,Central,PRV-09,33,2025-04-27,2025-08-15,2025-08-22,2025-09-06,Glass Damage,Settled,,5780.89,46767.66,45860.89,0
CLM104079,POL13055,CUS21281,Motor,North,PRV-26,68,2025-03-31,2025-09-19,2025-09-30,2025-11-03,Glass Damage,Settled,,3126.57,87786.07,66824.24,1
CLM104080,POL13615,CUS23223,Health,West,PRV-24,54,2024-09-23,2025-06-08,2025-06-18,2025-08-02,Emergency,Settled,,13885.87,109370.06,94173.77,1
CLM104081,POL11139,CUS20170,Motor,East,PRV-22,46,2024-10-08,2024-10-19,2024-10-23,2024-11-05,Glass Damage,Settled,,2808.19,27288.78,18975.11,3
CLM104082,POL13078,CUS20655,Motor,South,PRV-04,34,2025-09-11,2026-01-11,2026-01-13,,Theft,Rejected,Coverage Limit,1081.69,22272.51,0.0,0
CLM104083,POL13150,CUS20103,Motor,Central,PRV-07,49,2025-05-08,2025-12-08,2025-12-11,2026-01-08,Glass Damage,Settled,,13244.28,99814.64,67383.3,1
CLM104084,POL12006,CUS21447,Motor,North,PRV-18,61,2025-01-26,2025-03-28,2025-03-31,,Glass Damage,Pending,,1799.84,10502.66,0.0,0
CLM104085,POL12529,CUS23463,Motor,Central,PRV-12,24,2024-03-28,2024-11-04,2024-11-07,2025-01-07,Third Party,Settled,,2540.89,83753.7,67864.7,1
CLM104086,POL11078,CUS22393,Motor,West,PRV-23,45,2024-12-31,2025-06-20,2025-06-25,2025-08-25,Third Party,Settled,,2718.68,28419.23,26651.57,1
CLM104087,POL13716,CUS21727,Home,East,PRV-17,65,2024-01-25,2024-07-12,2024-07-12,,Storm,Pending,,13923.95,284620.0,0.0,1
CLM104088,POL13932,CUS20505,Health,South,PRV-18,49,2024-06-05,2024-07-13,2024-07-19,,Hospitalization,Rejected,Coverage Limit,2901.44,47524.8,0.0,0
CLM104089,POL13924,CUS21244,Health,East,PRV-18,20,2025-03-08,2025-04-28,2025-05-08,2025-07-17,Hospitalization,Settled,,1640.92,15817.5,10714.9,0
CLM104090,POL12948,CUS21835,Health,East,PRV-29,72,2024-09-09,2025-05-30,2025-06-04,,Emergency,Pending,,1378.27,18702.23,0.0,0
CLM104091,POL10169,CUS20962,Health,South,PRV-17,33,2025-09-08,2026-05-28,2026-05-28,2026-07-25,Diagnostic,Settled,,10107.9,79355.68,59630.23,1
CLM104092,POL11465,CUS22467,Motor,North,PRV-23,74,2025-08-05,2025-12-19,2025-12-23,,Third Party,Pending,,5163.86,74187.29,0.0,0
CLM104093,POL11779,CUS23430,Motor,South,PRV-15,29,2024-02-28,2024-08-25,2024-08-29,2024-09-19,Third Party,Settled,,2806.31,19163.91,12411.7,0
CLM104094,POL13839,CUS20720,Motor,South,PRV-03,64,2025-07-01,2025-12-11,2025-12-18,,Third Party,Pending,,3223.56,56041.82,0.0,0
CLM104095,POL12187,CUS20882,Health,West,PRV-17,36,2025-06-19,2025-11-20,2025-11-23,2025-12-26,Hospitalization,Settled,,3664.2,22061.95,19391.4,0
CLM104096,POL12144,CUS20441,Health,South,PRV-26,43,2024-03-06,2024-10-05,2024-10-08,2024-10-18,Surgery,Settled,,9154.94,101696.43,92964.66,2
CLM104097,POL10586,CUS22539,Health,North,PRV-23,38,2024-08-26,2025-02-12,2025-02-20,2025-04-08,Hospitalization,Settled,,800.0,17281.25,14824.33,1
CLM104098,POL13174,CUS21616,Health,North,PRV-17,44,2025-08-11,2025-09-18,2025-09-20,2025-10-24,Surgery,Settled,,1996.44,44406.58,42623.78,0
CLM104099,POL11345,CUS20993,Travel,South,PRV-29,64,2024-01-11,2024-02-05,2024-02-16,2024-04-02,Medical,Settled,,1461.66,13294.81,8066.06,0
CLM104100,POL10367,CUS20767,Motor,West,PRV-30,47,2024-02-06,2024-10-18,2024-10-21,2024-12-15,Glass Damage,Settled,,8146.16,48880.38,38996.42,1
CLM104101,POL13950,CUS20246,Health,North,PRV-29,21,2024-11-12,2025-06-22,2025-07-01,,Surgery,Rejected,Insufficient Documents,3277.34,30543.33,0.0,0
CLM104102,POL10760,CUS21666,Health,North,PRV-30,62,2025-08-13,2025-10-12,2025-10-12,,Diagnostic,Pending,,4249.82,43575.97,0.0,1
CLM104103,POL10064,CUS22391,Health,East,PRV-10,24,2024-06-21,2024-07-10,2024-07-13,2024-08-12,Hospitalization,Settled,,16175.66,110853.05,88372.92,1
CLM104104,POL10311,CUS20822,Home,West,PRV-05,60,2025-04-24,2025-06-29,2025-07-03,,Fire,Rejected,Policy Exclusion,4753.36,74249.09,0.0,0
CLM104105,POL11810,CUS20005,Home,East,PRV-14,66,2025-03-05,2025-08-25,2025-08-30,2025-11-08,Water Damage,Settled,,9733.34,74019.87,71322.88,1
CLM104106,POL10411,CUS21656,Motor,East,PRV-08,34,2024-03-31,2024-09-22,2024-09-23,,Glass Damage,Rejected,Insufficient Documents,1154.98,18408.83,0.0,1
CLM104107,,CUS22365,Health,North,PRV-05,35,2024-06-27,2024-08-17,2024-08-19,,Emergency,Rejected,Suspected Misrepresentation,21009.5,133989.21,0.0,2
CLM104108,POL12049,CUS21207,Home,Central,PRV-20,44,2025-01-21,2025-03-15,2025-03-25,2025-05-24,Theft,Settled,,27265.11,168095.65,116909.18,1
CLM104109,POL11295,CUS20876,Health,Central,PRV-04,60,2024-10-25,2024-12-27,2025-01-07,2025-02-24,Diagnostic,Settled,,6624.91,111932.57,67452.03,1
CLM104110,POL10012,CUS20540,Travel,South,PRV-02,57,2024-05-27,2024-10-07,2024-10-12,,Lost Baggage,Pending,,800.0,5846.33,0.0,0
CLM104111,POL11919,CUS22611,Motor,North,PRV-06,54,2024-05-04,2024-07-13,2024-07-14,2024-07-19,Third Party,Settled,,4210.91,30403.44,20916.03,3
CLM104112,POL10605,CUS23015,Health,West,PRV-13,22,2024-12-11,2025-04-27,2025-04-30,2025-06-03,Diagnostic,Settled,,7702.09,60206.99,37588.73,2
CLM104113,POL13912,CUS22694,Health,West,PRV-20,71,2025-05-28,2025-06-02,2025-06-13,,Hospitalization,Approved,,8286.4,67233.36,37640.7,3
CLM104114,POL11164,CUS21813,Health,South,PRV-30,24,2024-09-13,2025-06-20,2025-07-01,2025-08-27,Surgery,Settled,,1607.93,15110.93,8481.38,0
CLM104115,POL11899,CUS22534,Home,Central,PRV-19,55,2025-07-27,2026-04-20,2026-04-29,2026-05-15,Storm,Settled,,3220.92,65254.86,47364.79,0
CLM104116,POL10074,CUS21389,Motor,Central,PRV-16,65,2025-02-17,2025-05-30,2025-06-09,,Theft,Pending,,4828.58,35009.58,0.0,2
CLM104117,POL10523,CUS20085,Health,West,PRV-09,60,2024-09-07,2025-05-06,2025-05-14,2025-05-23,Hospitalization,Settled,,5329.44,98059.39,63312.46,1
CLM104118,POL10829,CUS21286,Health,North,PRV-10,71,2025-03-14,2025-08-22,2025-08-29,2025-10-29,Diagnostic,Settled,,30384.75,272690.14,261661.91,0
CLM104119,POL10206,CUS22463,Home,North,PRV-19,24,2024-10-05,2024-10-15,2024-10-24,2024-10-30,Water Damage,Settled,,5482.68,66868.17,43102.11,0
CLM104120,POL12903,CUS22265,Health,East,PRV-06,28,2025-04-14,2025-07-09,2025-07-16,,Diagnostic,Pending,,5092.16,63853.68,0.0,0
CLM104121,POL13781,CUS23465,Travel,East,PRV-03,29,2025-09-01,2025-09-19,2025-09-23,,Lost Baggage,Rejected,Insufficient Documents,1918.63,12391.1,0.0,0
CLM104122,POL13941,CUS23491,Home,East,PRV-23,71,2025-05-03,2025-12-01,2025-12-08,,Theft,Pending,,4035.19,40994.56,0.0,0
CLM104123,POL11063,CUS20849,Motor,South,PRV-30,74,2024-03-29,2024-11-19,2024-11-22,2024-12-04,Glass Damage,Settled,,2456.61,23616.98,23607.32,1
CLM104124,POL13154,CUS20033,Home,West,PRV-28,67,2024-02-14,2024-08-17,2024-08-24,2024-10-12,Theft,Settled,,9901.3,60216.36,52546.72,1
CLM104125,POL12016,CUS20959,Travel,South,PRV-21,56,2025-05-16,2025-05-19,2025-05-23,2025-06-20,Delay,Settled,,8089.83,71108.76,48722.03,0
CLM104126,POL10183,CUS23066,Motor,West,PRV-28,26,2025-06-09,2025-08-19,2025-08-24,,Collision,Pending,,6692.32,44557.3,0.0,0
CLM104127,POL10362,CUS22847,Health,South,PRV-23,42,2024-12-17,2025-05-07,2025-05-09,2025-06-14,Emergency,Settled,,13198.75,82786.95,69180.41,1
CLM104128,POL12191,CUS20345,Motor,East,PRV-02,26,2024-05-31,2024-07-14,2024-07-25,2024-08-22,Theft,Settled,,9929.56,73948.16,66272.75,1
CLM104129,POL11694,CUS20561,Health,West,PRV-12,23,2025-06-30,2025-08-02,2025-08-10,2025-08-14,Diagnostic,Settled,,3847.95,74566.15,52544.21,0
CLM104130,POL10033,CUS21972,Motor,West,PRV-03,46,2024-10-05,2025-01-05,2025-01-06,2025-02-04,Collision,Settled,,3363.81,70242.35,45483.89,0
CLM104131,POL13720,CUS22312,Home,North,PRV-08,62,2024-06-30,2024-12-24,2024-12-29,2025-03-08,Theft,Settled,,8681.77,91258.61,68664.12,0
CLM104132,POL12921,CUS23438,Health,North,PRV-30,63,2024-08-15,2024-09-11,2024-09-16,,Hospitalization,Approved,,1142.87,28949.29,21350.73,0
CLM104133,POL12009,CUS22642,Health,East,PRV-25,54,2024-07-02,2025-04-27,2025-05-07,2025-05-11,Diagnostic,Settled,,4991.16,66453.56,65991.46,1
CLM104134,POL13947,CUS20741,Motor,South,PRV-29,46,2024-06-24,2024-11-09,2024-11-18,2024-12-05,Collision,Settled,,9787.81,159747.33,98293.13,1
CLM104135,POL13884,CUS20130,Health,Central,PRV-15,74,2024-07-21,2024-09-11,2024-09-21,,Hospitalization,Approved,,1736.21,48501.33,29625.94,2
CLM104136,POL13895,CUS22217,Health,East,PRV-07,65,2025-02-21,2025-02-27,2025-03-04,2025-05-05,Hospitalization,Settled,,1779.07,19796.14,16421.55,0
CLM104137,POL11035,CUS21938,Health,East,PRV-12,62,2024-01-11,2024-10-24,2024-10-25,2024-10-30,Surgery,Settled,,2896.82,43003.7,34526.05,2
CLM104138,POL13523,CUS23226,Motor,Central,PRV-06,25,2024-08-12,2025-02-06,2025-02-14,2025-03-19,Glass Damage,Settled,,1163.1,25679.99,20436.2,2
CLM104139,POL12018,CUS22015,Motor,South,PRV-29,21,2024-04-15,2024-12-30,2025-01-01,2025-02-02,Glass Damage,Settled,,11493.42,82363.73,60571.42,0
CLM104140,POL12904,CUS21754,Health,Central,PRV-18,32,2025-02-05,2025-09-26,2025-10-03,2025-12-15,Hospitalization,Settled,,4458.63,26716.46,19035.61,1
CLM104141,POL13438,CUS21062,Travel,South,PRV-02,69,2025-09-08,2026-06-30,2026-07-04,,Delay,Approved,,1854.13,15060.26,8873.64,3
CLM104142,POL10653,CUS20301,Motor,South,PRV-10,60,2025-05-03,2026-01-25,2026-01-29,,Third Party,Approved,,6962.81,41103.15,37264.75,1
CLM104143,POL11793,CUS23067,Health,East,PRV-15,32,2024-06-03,2025-01-19,2025-01-20,,Surgery,Approved,,800.0,7202.25,5408.27,1
CLM104144,POL10515,CUS22891,Motor,North,PRV-22,47,2024-11-14,2025-07-27,2025-08-05,2025-09-26,Glass Damage,Settled,,8383.2,57730.22,55061.71,0
CLM104145,POL11117,CUS20569,Health,West,PRV-27,18,2024-01-13,2024-09-26,2024-10-04,,Hospitalization,Approved,,7398.87,81047.0,62651.0,0
CLM104146,POL11654,CUS22463,Motor,Central,PRV-07,41,2024-09-13,2024-11-29,2024-12-03,2025-01-04,Collision,Settled,,4702.74,45468.06,43494.37,0
CLM104147,POL13421,CUS21274,Health,East,PRV-22,49,2024-06-21,2024-12-16,2024-12-24,2025-01-29,Hospitalization,Settled,,3342.59,25783.11,24901.42,1
CLM104148,POL13450,CUS21529,Motor,East,PRV-25,66,2024-11-07,2025-08-29,2025-09-09,,Collision,Approved,,9343.14,63329.83,50767.94,0
CLM104149,POL11559,CUS22970,Motor,North,PRV-24,57,2024-09-10,2025-05-28,2025-06-05,,Theft,Rejected,Insufficient Documents,800.0,14933.25,0.0,0
CLM104150,POL11316,CUS22947,Motor,Central,PRV-09,26,2025-02-27,2025-03-31,2025-04-11,2025-05-08,Collision,Settled,,1054.41,11951.05,7131.99,1
CLM104151,POL12122,CUS20667,Motor,Central,PRV-11,21,2024-12-05,2025-01-08,2025-01-13,,Collision,Pending,,9915.0,68498.79,0.0,0
CLM104152,POL13647,CUS21076,Health,North,PRV-05,41,2025-08-05,2025-10-04,2025-10-08,2025-12-21,Surgery,Settled,,20432.69,185343.12,160346.24,0
CLM104153,POL13906,CUS22874,Travel,North,PRV-18,72,2024-02-12,2024-09-21,2024-10-01,,Lost Baggage,Pending,,2546.52,31340.47,0.0,1
CLM104154,POL10907,CUS23209,Health,West,PRV-11,70,2025-08-08,2025-12-04,2025-12-11,,Emergency,Approved,,1853.36,51368.64,44698.21,0
CLM104155,POL10745,CUS20276,Travel,Central,PRV-13,18,2025-05-05,2025-11-09,2025-11-16,,Medical,Pending,,800.0,3787.09,0.0,4
CLM104156,POL12827,CUS22917,Health,East,PRV-01,70,2025-03-17,2025-04-28,2025-05-05,,Diagnostic,Rejected,Coverage Limit,1036.4,11053.12,0.0,1
CLM104157,POL11205,CUS21712,Motor,East,,19,2025-05-26,2025-06-13,2025-06-24,,Collision,Rejected,Insufficient Documents,3649.18,35588.28,0.0,0
CLM104158,POL10799,CUS22066,Motor,North,PRV-20,39,2024-02-01,2024-09-19,2024-09-27,,Glass Damage,Approved,,2675.31,41555.13,40142.3,2
CLM104159,POL10124,CUS20263,Health,West,PRV-08,18,2024-05-12,2024-08-08,2024-08-17,2024-09-11,Surgery,Settled,,6630.42,44219.39,38461.36,0
CLM104160,POL11612,CUS22381,Motor,North,PRV-03,42,2024-01-01,2024-01-14,2024-01-14,,Glass Damage,Rejected,Policy Exclusion,2882.39,20808.65,0.0,0
CLM104161,POL11567,CUS22372,Home,Central,PRV-12,60,2025-05-10,2025-07-14,2025-07-22,,Storm,Approved,,1502.83,25809.41,23289.77,0
CLM104162,POL12252,CUS22319,Health,West,PRV-05,22,2024-08-07,2024-11-12,2024-11-15,2024-11-24,Surgery,Settled,,5236.99,89984.01,83165.83,0
CLM104163,POL10800,CUS22767,Health,Central,PRV-06,75,2024-08-12,2024-12-12,2024-12-13,2025-01-04,Surgery,Settled,,12967.68,81186.42,50875.54,1
CLM104164,POL12857,CUS23311,Health,West,PRV-24,30,2025-01-13,2025-10-09,2025-10-12,2025-11-12,Surgery,Settled,,8287.94,49370.86,48078.93,3
CLM104165,POL12720,CUS22974,Health,West,PRV-02,66,2024-09-19,2024-11-18,2024-11-27,2024-12-22,Surgery,Settled,,10052.23,56573.87,41222.78,0
CLM104166,POL11849,CUS22606,Health,East,PRV-16,19,2025-01-30,2025-07-30,2025-08-08,,Surgery,Pending,,4743.98,35680.15,0.0,1
CLM104167,POL10725,CUS23434,Motor,South,PRV-24,29,2025-08-03,2025-10-25,2025-10-28,2025-11-08,Third Party,Settled,,12316.45,72732.78,66522.84,0
CLM104168,POL12027,CUS22360,Motor,Central,PRV-18,48,2024-07-24,2024-12-21,2024-12-23,2025-02-10,Theft,Settled,,2683.22,51328.52,47923.48,1
CLM104169,POL12699,CUS22352,Motor,Central,PRV-04,22,2025-07-06,2025-10-03,2025-10-08,,Glass Damage,Pending,,3298.22,61814.9,0.0,1
CLM104170,POL11490,CUS21897,Motor,East,PRV-09,75,2024-11-26,2025-03-09,2025-03-12,,Theft,Rejected,Late Notification,2499.95,69001.32,0.0,0
CLM104171,POL11053,CUS22691,Health,South,PRV-06,65,2024-08-20,2025-02-16,2025-02-21,,Surgery,Approved,,5151.81,46505.33,34149.77,0
CLM104172,POL12026,CUS20249,Motor,East,PRV-30,26,2025-07-23,2026-01-16,2026-01-25,2026-02-08,Theft,Settled,,800.0,9160.94,5242.67,0
CLM104173,POL11420,CUS21770,Motor,South,PRV-21,35,2024-10-29,2024-12-09,2024-12-12,,Third Party,Rejected,Late Notification,8900.2,77177.08,0.0,1
CLM104174,POL11602,CUS21488,Travel,South,PRV-30,73,2024-03-20,2024-05-06,2024-05-08,2024-07-19,Medical,Settled,,800.0,6081.36,5198.0,1
CLM104175,POL11395,CUS23194,Travel,East,PRV-05,61,2024-06-26,2024-09-07,2024-09-08,2024-11-16,Trip Cancellation,Settled,,2925.88,26758.51,20412.62,0
CLM104176,POL11213,CUS20253,Health,East,PRV-11,41,2025-06-08,2026-03-04,2026-03-12,2026-05-08,Surgery,Settled,,6682.04,40909.62,23385.95,1
CLM104177,POL12867,CUS22253,Health,East,PRV-11,34,2024-11-15,2025-02-18,2025-02-20,,Diagnostic,Pending,,10265.66,73913.84,0.0,0
CLM104178,POL11840,CUS20645,Home,South,PRV-24,20,2024-12-13,2025-06-04,2025-06-06,,Fire,Pending,,6042.8,71049.15,0.0,0
CLM104179,POL11866,CUS23092,Motor,South,PRV-03,74,2025-02-26,2025-07-11,2025-07-20,,Theft,Rejected,Suspected Misrepresentation,800.0,18452.39,0.0,0
CLM104180,POL12612,CUS22981,Health,East,PRV-25,27,2024-04-30,2024-08-14,2024-08-15,2024-09-09,Diagnostic,Settled,,2290.21,34300.35,31189.06,1
CLM104181,POL11445,CUS20824,Motor,North,PRV-15,22,2024-02-27,2024-03-10,2024-03-17,2024-03-26,Glass Damage,Settled,,3829.61,36298.39,23672.38,0
CLM104182,POL10404,CUS23050,Health,South,PRV-28,44,2024-09-30,2025-02-09,2025-02-09,2025-03-18,Surgery,Settled,,2656.49,38721.63,37308.25,0
CLM104183,POL13410,CUS21738,Travel,West,PRV-10,45,2025-07-24,2026-05-19,2026-05-30,,Delay,Pending,,2621.37,17898.31,0.0,1
CLM104184,POL10222,CUS23398,Home,South,PRV-26,29,2024-03-19,2024-12-26,2025-01-03,2025-03-08,Theft,Settled,,1622.41,9528.17,6344.5,3
CLM104185,POL12287,CUS22554,Travel,West,PRV-27,31,2025-03-21,2025-06-19,2025-06-28,2025-08-02,Delay,Settled,,800.0,12293.17,8032.26,0
CLM104186,POL11063,CUS20120,Home,West,PRV-14,56,2025-08-30,2026-02-06,2026-02-13,2026-04-06,Fire,Settled,,1559.78,50581.92,29518.88,0
CLM104187,POL10855,CUS20709,Health,West,PRV-27,48,2024-02-29,2024-05-25,2024-05-29,,Emergency,Approved,,1034.45,24276.71,22898.98,0
CLM104188,POL10167,CUS21412,Home,West,PRV-11,31,2024-03-23,2024-12-24,2025-01-04,2025-01-24,Water Damage,Settled,,4938.91,32832.29,18988.87,1
CLM104189,POL13600,CUS20739,Health,North,PRV-20,41,2025-06-22,2025-12-05,2025-12-14,2025-12-30,Hospitalization,Settled,,1272.41,33435.05,27812.51,2
CLM104190,POL11716,CUS20463,Health,West,PRV-29,62,2024-03-08,2024-12-09,2024-12-10,2025-01-22,Hospitalization,Settled,,13515.9,95218.71,84568.96,0
CLM104191,POL11370,CUS23423,Motor,West,PRV-06,75,2025-04-06,2025-12-18,2025-12-24,,Third Party,Pending,,4229.36,46588.51,0.0,1
CLM104192,POL12964,CUS23041,Health,South,PRV-13,30,2025-05-09,2025-08-15,2025-08-21,2025-08-27,Diagnostic,Settled,,3280.61,34933.68,25193.64,1
CLM104193,POL10155,CUS21521,Motor,West,PRV-02,29,2024-07-13,2024-11-27,2024-11-30,,Collision,Rejected,Suspected Misrepresentation,8149.39,58370.15,0.0,1
CLM104194,POL12258,CUS20752,Health,South,PRV-16,52,2024-06-29,2024-12-17,2024-12-22,2025-01-28,Emergency,Settled,,1321.67,16943.48,15431.77,1
CLM104195,POL11978,CUS20636,Motor,East,PRV-09,40,2024-11-19,2025-02-02,2025-02-13,,Theft,Pending,,12022.08,79315.15,0.0,2
CLM104196,POL12213,CUS23205,Health,East,PRV-03,48,2024-11-10,2025-07-17,2025-07-18,,Diagnostic,Rejected,Suspected Misrepresentation,800.0,13720.11,0.0,1
CLM104197,POL10495,CUS21160,Motor,Central,PRV-28,46,2025-06-17,2025-12-04,2025-12-15,,Third Party,Approved,,4354.53,31600.7,18368.75,1
CLM104198,POL13810,CUS20044,Motor,North,PRV-09,64,2025-01-02,2025-03-05,2025-03-13,2025-05-06,Third Party,Settled,,2003.57,12102.36,10347.74,0
CLM104199,POL10953,CUS21390,Health,South,PRV-22,20,2025-08-23,2026-01-15,2026-01-16,2026-01-23,Diagnostic,Settled,,3134.1,57361.28,46648.21,3
CLM104200,POL12713,CUS21590,Motor,South,PRV-05,53,2024-05-28,2025-01-29,2025-02-01,2025-04-05,Glass Damage,Settled,,5134.96,45350.33,43922.56,3
CLM104201,POL12988,CUS22180,Travel,East,PRV-08,75,2024-06-23,2024-10-28,2024-11-07,,Lost Baggage,Rejected,Suspected Misrepresentation,1573.71,12475.21,0.0,0
CLM104202,POL11375,CUS21185,Health,Central,PRV-03,47,2024-05-29,2024-12-28,2025-01-05,,Emergency,Pending,,2537.29,50833.11,0.0,0
CLM104203,POL10523,CUS23230,Motor,North,PRV-22,27,2025-02-07,2025-11-29,2025-11-29,2025-12-13,Glass Damage,Settled,,6294.36,56457.28,42456.81,0
CLM104204,POL11186,CUS22252,Motor,Central,PRV-12,70,2024-01-21,2024-05-01,2024-05-02,2024-05-30,Theft,Settled,,1361.89,20073.73,18751.42,0
CLM104205,POL13227,CUS23453,Home,North,PRV-28,27,2025-06-17,2026-04-11,2026-04-22,2026-05-21,Theft,Settled,,2350.23,16430.96,14006.53,0
CLM104206,POL13625,CUS21284,Health,North,PRV-16,69,2025-04-23,2025-08-25,2025-08-26,2025-09-10,Hospitalization,Settled,,10021.98,86993.85,50745.79,0
CLM104207,POL13747,CUS22280,Health,South,PRV-06,52,2025-09-04,2026-02-20,2026-02-27,2026-03-08,Emergency,Settled,,4474.64,48857.73,47396.17,0
CLM104208,POL10905,CUS21278,Motor,East,PRV-24,69,2025-08-17,2026-04-06,2026-04-17,,Glass Damage,Approved,,6827.46,48291.68,41310.26,0
CLM104209,POL12426,CUS22449,Home,South,PRV-27,22,2024-02-13,2024-03-05,2024-03-06,,Storm,Rejected,Late Notification,17512.56,125292.45,0.0,1
CLM104210,POL10604,CUS22609,Travel,Central,PRV-19,31,2025-04-08,2025-11-04,2025-11-04,2025-11-15,Lost Baggage,Settled,,2513.05,40815.18,31068.73,2
CLM104211,POL12841,CUS21126,Health,South,PRV-21,65,2024-11-08,2025-04-27,2025-05-06,,Emergency,Approved,,800.0,22803.22,15113.92,0
CLM104212,POL11663,CUS23281,Motor,East,PRV-25,59,2025-04-01,2025-10-14,2025-10-25,,Glass Damage,Approved,,1745.03,25950.93,21179.06,1
CLM104213,POL12854,CUS23000,Motor,South,PRV-04,54,2025-06-25,2026-04-06,2026-04-12,2026-06-16,Collision,Settled,,3274.83,20166.69,16139.55,0
CLM104214,POL12740,CUS23130,Motor,East,PRV-07,55,2024-12-27,2025-05-22,2025-05-24,2025-06-13,Theft,Settled,,9141.44,102109.67,100743.26,0
CLM104215,POL13971,CUS20762,Home,East,PRV-24,73,2024-01-02,2024-10-05,2024-10-05,,Theft,Approved,,800.0,7724.9,4440.45,3
CLM104216,POL11954,CUS22512,Travel,West,PRV-24,67,2025-06-20,2025-12-07,2025-12-17,2026-01-22,Trip Cancellation,Settled,,1428.49,16740.88,12599.9,0
CLM104217,POL11366,CUS20372,Travel,West,PRV-06,31,2024-09-28,2024-12-02,2024-12-11,,Lost Baggage,Approved,,4280.15,48931.22,30939.16,2
CLM104218,POL12107,CUS20369,Home,East,PRV-02,54,2024-10-11,2025-04-25,2025-05-05,,Theft,Approved,,3692.01,37631.06,21069.88,0
CLM104219,POL10651,CUS23406,Motor,East,PRV-17,56,2024-12-28,2025-02-23,2025-03-04,,Glass Damage,Rejected,Suspected Misrepresentation,1977.85,20284.68,0.0,1
CLM104220,POL10447,CUS20535,Travel,South,PRV-09,29,2025-07-19,2026-04-14,2026-04-19,2026-05-07,Delay,Settled,,2591.02,34679.2,30897.14,2
CLM104221,POL12076,CUS23024,Motor,North,PRV-05,33,2024-11-22,2025-01-07,2025-01-12,,Collision,Rejected,Coverage Limit,3779.19,50441.32,0.0,0
CLM104222,POL13301,CUS21507,Motor,East,PRV-14,34,2024-05-08,2024-10-05,2024-10-09,2024-10-29,Theft,Settled,,12617.86,84139.82,68551.93,1
CLM104223,POL12132,CUS21062,Health,North,PRV-08,59,2025-03-30,2025-12-01,2025-12-09,,Surgery,Approved,,11800.96,91159.18,60630.73,0
CLM104224,POL13127,CUS20257,Motor,South,PRV-29,46,2025-01-27,2025-01-30,2025-01-31,,Third Party,Approved,,6243.2,47329.41,33762.1,0
CLM104225,POL10711,CUS22363,Home,South,PRV-25,47,2024-02-10,2024-07-06,2024-07-06,,Water Damage,Rejected,Late Notification,5455.34,93130.35,0.0,3
CLM104226,POL11797,CUS22524,Travel,West,PRV-03,50,2024-11-26,2025-04-27,2025-05-08,2025-06-24,Delay,Settled,,1772.75,9915.87,8259.48,1
CLM104227,POL12452,CUS21634,Home,East,PRV-29,25,2025-05-01,2025-08-11,2025-08-14,2025-10-09,Water Damage,Settled,,6846.86,159085.01,90545.88,0
CLM104228,POL11390,CUS22834,Home,Central,PRV-08,42,2025-07-02,2026-01-20,2026-01-20,,Water Damage,Rejected,Suspected Misrepresentation,48487.98,366280.56,0.0,1
CLM104229,POL10056,CUS21130,Health,South,PRV-05,39,2024-06-24,2024-09-30,2024-10-08,2024-10-30,Emergency,Settled,,8329.18,58858.29,56899.88,0
CLM104230,POL10293,CUS21930,Motor,Central,PRV-05,67,2024-11-19,2025-03-11,2025-03-15,,Theft,Approved,,1640.33,23407.79,21285.41,1
CLM104231,POL13710,CUS21003,Home,West,PRV-12,22,2025-05-26,2025-08-17,2025-08-19,,Fire,Approved,,1248.21,30031.11,19892.97,2
CLM104232,POL12420,CUS22037,Health,East,PRV-13,67,2024-12-27,2025-07-02,2025-07-07,,Surgery,Approved,,7444.92,52947.06,37414.34,0
CLM104232,POL11058,CUS20476,Travel,West,PRV-28,71,2024-09-17,2025-06-08,2025-06-13,,Trip Cancellation,Approved,,2014.56,17543.16,15193.97,1
CLM104234,POL11035,CUS21666,Motor,West,PRV-10,61,2024-04-24,2024-06-17,2024-06-24,2024-07-29,Third Party,Settled,,2212.48,12654.03,8700.69,1
CLM104235,POL10158,CUS21922,Motor,South,PRV-21,73,2024-01-27,2024-05-29,2024-06-09,2024-06-29,Third Party,Settled,,10002.46,71880.94,52076.67,3
CLM104236,POL13779,CUS21947,Motor,South,PRV-03,43,2025-03-03,2025-05-10,2025-05-20,2025-07-18,Third Party,Settled,,8582.63,50649.2,43087.88,0
CLM104237,POL10432,CUS21563,Health,East,PRV-25,27,2025-08-20,2025-11-01,2025-11-10,2026-01-01,Surgery,Settled,,14234.78,113746.85,64301.83,1
CLM104238,POL13037,CUS22252,Home,North,PRV-15,62,2025-01-07,2025-10-25,2025-10-30,2025-12-05,Theft,Settled,,6837.07,65300.52,39965.74,3
CLM104239,POL10960,CUS21792,Travel,West,PRV-18,25,2025-04-28,2025-11-27,2025-12-03,,Medical,Pending,,2640.78,15379.28,0.0,0
CLM104240,POL11342,CUS20991,Motor,South,PRV-15,67,2025-02-23,2025-12-03,2025-12-04,,Collision,Approved,,7357.44,48142.32,32234.36,0
CLM104241,POL11095,CUS20753,Health,West,PRV-23,51,2024-08-03,2025-02-10,2025-02-16,,Diagnostic,Approved,,800.0,18967.15,14538.13,0
CLM104242,POL13298,CUS22267,Motor,North,PRV-19,53,2024-11-20,2025-06-08,2025-06-16,,Glass Damage,Approved,,4832.3,41140.97,38254.57,2
CLM104243,POL10131,CUS23285,Motor,South,PRV-11,48,2024-06-16,2025-01-16,2025-01-26,,Third Party,Approved,,2971.82,56700.6,35750.33,3
CLM104244,POL11409,CUS22636,Motor,West,PRV-26,53,2024-05-18,2024-11-30,2024-11-30,,Collision,Approved,,6915.14,40158.14,28536.02,0
CLM104245,POL11117,CUS22235,Health,East,PRV-04,68,2024-12-31,2025-09-03,2025-09-13,2025-11-03,Emergency,Settled,,4986.66,37955.51,21036.6,1
CLM104246,POL11091,CUS23225,Health,South,PRV-30,31,2025-02-04,2025-05-13,2025-05-19,,Surgery,Pending,,8230.12,84236.73,0.0,0
CLM104247,POL10771,CUS23148,Motor,Central,PRV-19,45,2025-09-04,2025-10-05,2025-10-06,2025-11-27,Third Party,Settled,,2853.74,16402.65,9208.4,0
CLM104248,POL13649,CUS21772,Health,North,PRV-04,38,2024-05-26,2024-10-20,2024-10-31,2024-11-30,Emergency,Settled,,971.08,12070.15,8389.17,1
CLM104249,POL11514,CUS20382,Home,Central,PRV-15,28,2024-06-28,2024-06-29,2024-07-04,,Storm,Rejected,Insufficient Documents,2008.63,20788.54,0.0,0
CLM104250,POL11672,CUS22219,Motor,East,PRV-11,57,2024-04-12,2024-04-27,2024-05-01,,Collision,Approved,,4572.52,50885.48,49421.06,0
CLM104251,POL11540,CUS22179,Motor,Central,PRV-02,46,2025-08-10,2025-08-26,2025-08-28,2025-10-14,Collision,Settled,,1969.2,39558.31,28294.48,1
CLM104252,POL13920,CUS20970,Health,Central,PRV-30,70,2025-04-29,2025-05-23,2025-05-23,2025-07-25,Diagnostic,Settled,,1673.21,31881.01,21595.06,0
CLM104253,POL11356,CUS22973,Home,West,PRV-27,31,2024-07-23,2025-02-20,2025-02-20,2025-04-29,Storm,Settled,,10990.69,92630.38,82565.22,1
CLM104254,POL11366,CUS23044,Home,East,PRV-18,57,2025-08-23,2026-02-18,2026-02-21,2026-03-08,Storm,Settled,,5867.54,145130.66,125405.29,2
CLM104255,POL11311,CUS21158,Motor,South,PRV-04,61,2025-03-12,2025-12-17,2025-12-20,,Third Party,Pending,,8197.62,48317.22,0.0,1
CLM104256,POL11307,CUS21669,Health,Central,PRV-12,37,2024-10-22,2025-01-17,2025-01-22,2025-03-25,Hospitalization,Settled,,1040.18,13142.47,12582.74,1
CLM104257,POL10358,CUS20683,Travel,East,PRV-22,55,2024-08-24,2024-12-02,2024-12-09,2025-02-06,Lost Baggage,Settled,,997.19,12760.85,9623.69,2
CLM104258,POL12417,CUS20624,Health,South,PRV-14,63,2024-12-18,2025-05-14,2025-05-25,2025-06-17,Diagnostic,Settled,,2516.25,49384.57,47959.7,0
CLM104259,POL10100,CUS20927,Health,Central,PRV-17,33,2024-02-22,2024-10-13,2024-10-22,,Surgery,Rejected,,3793.65,45904.14,0.0,0
CLM104260,POL10903,CUS21280,Travel,East,PRV-26,45,2024-04-16,2025-01-20,2025-01-25,2025-02-06,Lost Baggage,Settled,,1868.45,13977.85,13653.41,1
CLM104261,POL10808,CUS20955,Motor,North,PRV-06,41,2025-08-03,2026-03-10,2026-03-20,2026-04-25,Collision,Settled,,2899.65,16703.15,10004.57,1
CLM104262,POL11165,CUS20530,Health,East,PRV-26,38,2024-05-08,2024-10-07,2024-10-13,,Emergency,Pending,,2718.12,46157.32,0.0,1
CLM104263,POL13026,CUS21565,Home,East,PRV-30,45,2024-04-11,2025-01-29,2025-02-03,,Fire,Pending,,12957.07,228763.81,0.0,0
CLM104264,POL12397,CUS22182,Motor,North,PRV-09,38,2025-06-17,2025-08-11,2025-08-13,,Glass Damage,Pending,,1886.25,37092.82,0.0,1
CLM104265,POL13963,CUS21140,Health,West,PRV-28,75,2025-08-08,2025-12-27,2026-01-01,2026-03-01,Emergency,Settled,,3375.55,29074.76,19833.63,0
CLM104266,POL11404,CUS21867,Health,East,PRV-10,64,2025-05-22,2025-08-04,2025-08-04,2025-09-14,Diagnostic,Settled,,1776.67,37372.15,24036.23,1
CLM104267,POL13714,CUS20949,Home,Central,PRV-22,38,2024-03-05,2024-04-24,2024-04-25,2024-04-30,Storm,Settled,,3005.16,69533.97,48999.59,1
CLM104268,POL10179,CUS22463,Travel,West,PRV-21,67,2025-06-04,2025-10-01,2025-10-12,,Delay,Approved,,1944.1,13730.5,14686.13642864669,1
CLM104269,POL12016,CUS22269,Home,Central,PRV-29,40,2024-06-14,2025-01-29,2025-01-31,,Fire,Pending,,4781.31,32094.29,0.0,0
CLM104270,POL13195,CUS23360,Motor,East,PRV-03,36,2024-01-07,2024-04-12,2024-04-18,,Third Party,Pending,,2052.26,26588.95,0.0,4
CLM104271,POL12127,CUS20185,Home,North,PRV-18,54,2025-07-24,2026-03-26,2026-03-27,2026-04-27,Theft,Settled,,7162.98,61107.44,41964.79,1
CLM104272,POL13733,CUS22985,Travel,South,PRV-26,29,2024-06-14,2024-12-14,2024-12-21,,Delay,Approved,,1317.61,9321.21,5344.05,0
CLM104273,POL11258,CUS21191,Health,North,PRV-03,26,2025-02-12,2025-09-12,2025-09-23,2025-10-15,Diagnostic,Settled,,800.0,11308.66,9892.5,0
CLM104274,POL10133,CUS20231,Health,North,PRV-01,49,2024-02-15,2024-04-28,2024-05-03,,Diagnostic,Pending,,15105.73,120647.82,0.0,0
CLM104275,POL13095,CUS22414,Motor,South,PRV-02,30,2024-04-27,2025-01-11,2025-01-12,,Third Party,Rejected,Policy Exclusion,5735.06,78638.29,0.0,1
CLM104276,POL10272,CUS20601,Home,East,PRV-14,66,2025-06-30,2025-08-30,2025-08-30,,Fire,Approved,,4496.71,49215.59,34846.58,0
CLM104277,POL13059,CUS20615,Motor,Central,PRV-17,39,2025-01-02,2025-04-23,2025-05-02,,Theft,Approved,,7549.56,90485.26,68920.02,0
CLM104278,POL12933,CUS23428,Motor,South,PRV-24,24,2025-09-11,2026-05-04,2026-05-05,2026-07-18,Theft,Settled,,5557.08,40341.44,24659.13,2
CLM104279,POL13377,CUS20773,Travel,South,PRV-13,47,2024-04-21,2024-11-14,2024-11-17,2024-12-05,Delay,Settled,,3015.38,30058.73,24812.61,0
CLM104280,POL11915,CUS21915,Travel,North,PRV-28,46,2025-07-06,2025-10-04,2025-10-14,2025-12-18,Delay,Settled,,2175.44,15106.16,14629.1,1
CLM104281,POL13582,CUS20702,Travel,West,PRV-04,29,2025-06-26,2025-09-13,2025-09-19,,Lost Baggage,Approved,,800.0,5563.11,5360.79,0
CLM104282,POL10679,CUS20433,Health,North,PRV-19,18,2025-07-26,2025-12-03,2025-12-13,2026-02-15,Hospitalization,Settled,,5750.56,51717.71,45622.96,0
CLM104283,POL11737,CUS20003,Motor,South,PRV-14,28,2024-01-31,2024-06-13,2024-06-23,,Third Party,Approved,,4937.65,29736.14,21565.75,2
CLM104284,POL10487,CUS20056,Health,Central,PRV-16,52,2024-03-05,2024-03-23,2024-03-30,,Surgery,Pending,,6449.17,67381.28,0.0,0
CLM104285,POL13067,CUS21658,Motor,Central,PRV-16,45,2024-11-24,2025-02-05,2025-02-16,2025-04-12,Third Party,Settled,,2262.07,19426.02,16451.72,2
CLM104286,POL12857,CUS21519,Home,East,PRV-21,33,2024-03-12,2024-04-28,2024-04-28,,Water Damage,Approved,,3821.68,29267.89,22731.78,2
CLM104287,POL13225,CUS20136,Health,East,PRV-22,47,2024-02-09,2024-03-27,2024-03-29,2024-04-03,Diagnostic,Settled,,4534.84,27179.7,18423.35,1
CLM104288,POL13057,CUS21223,Health,Central,PRV-26,39,2025-05-18,2025-09-01,2025-09-04,2025-09-28,Hospitalization,Settled,,943.54,7523.04,6694.47,1
CLM104289,POL11233,CUS20955,Motor,West,PRV-12,38,2025-03-06,2025-03-17,2025-03-27,2025-05-18,Collision,Settled,,2800.7,22983.11,20887.29,0
CLM104290,POL10272,CUS21999,Health,North,PRV-01,36,2025-06-07,2025-12-27,2026-01-03,,Hospitalization,Pending,,15124.29,97557.85,0.0,0
CLM104291,POL13716,CUS23481,Home,East,PRV-05,45,2025-08-03,2026-02-20,2026-02-23,,Storm,Rejected,Late Notification,23019.12,128760.71,0.0,2
CLM104292,POL11971,CUS22420,Health,East,PRV-19,46,2024-03-29,2024-06-03,2024-06-05,2024-08-11,Hospitalization,Settled,,8982.56,54492.52,39512.53,1
CLM104293,POL10377,CUS23214,Motor,North,PRV-05,26,2025-05-30,2026-02-16,2026-02-25,,Theft,Rejected,Policy Exclusion,800.0,13106.52,0.0,1
CLM104294,POL13708,CUS20672,Motor,South,PRV-24,57,2024-01-28,2024-07-24,2024-08-03,2024-08-13,Theft,Settled,,2428.53,18472.5,12013.55,2
CLM104295,POL13977,CUS20752,Health,South,PRV-01,37,2024-08-18,2024-11-21,2024-11-21,2024-12-18,Emergency,Settled,,12829.6,161813.36,123290.04,2
CLM104296,POL11781,CUS22627,Motor,Central,PRV-28,23,2024-07-03,2024-08-31,2024-09-04,,Theft,Pending,,5487.81,59539.98,0.0,0
CLM104297,POL13080,CUS21085,Travel,East,PRV-30,29,2024-05-26,2024-10-02,2024-10-08,,Delay,Rejected,Late Notification,861.96,6797.69,0.0,1
CLM104298,POL10145,CUS22970,Health,West,PRV-12,55,2025-03-21,2026-01-03,2026-01-05,,Emergency,Pending,,3165.08,61140.95,0.0,1
CLM104299,POL10373,CUS21622,Motor,North,PRV-26,50,2024-03-16,2024-03-18,2024-03-26,,Third Party,Rejected,Suspected Misrepresentation,7531.22,56244.32,0.0,1
CLM104300,POL11106,CUS20702,Home,North,PRV-28,34,2025-05-16,2025-05-23,2025-06-01,2025-08-04,Water Damage,Settled,,4185.55,56541.87,53624.31,0
CLM104301,POL12624,CUS22955,Motor,East,PRV-25,48,2025-06-25,2025-10-27,2025-11-06,2025-11-18,Third Party,Settled,,5309.28,34727.26,25292.47,0
CLM104302,POL10533,CUS21926,Motor,North,PRV-19,61,2025-02-16,2025-11-18,2025-11-27,2026-01-11,Third Party,Settled,,4464.83,52065.35,39768.74,0
CLM104303,POL10136,CUS22809,Health,Central,PRV-07,56,2024-02-20,2024-05-15,2024-05-25,,Hospitalization,Rejected,Coverage Limit,800.0,10979.5,0.0,1
CLM104304,POL12675,CUS21582,Motor,East,PRV-11,24,2025-01-04,2025-08-16,2025-08-20,,Glass Damage,Pending,,17635.41,147185.96,0.0,0
CLM104305,POL13080,CUS20441,Health,Central,,57,2025-01-24,2025-07-15,2025-07-18,,Surgery,Pending,,11154.36,78294.35,0.0,1
CLM104306,POL12956,CUS22383,Home,North,PRV-30,64,2024-08-19,2024-10-18,2024-10-21,2024-12-31,Storm,Settled,,10826.4,88374.78,67771.19,1
CLM104307,POL13196,CUS20435,Travel,North,PRV-20,31,2024-08-15,2025-05-14,2025-05-24,2025-08-01,Lost Baggage,Settled,,2028.22,13814.59,10658.82,0
CLM104308,POL13211,CUS22321,Motor,South,PRV-02,58,2024-10-17,2024-12-05,2024-12-12,,Glass Damage,Approved,,9366.45,62186.34,53133.39,0
CLM104309,POL12409,CUS21458,Health,South,PRV-05,46,2025-09-09,2026-02-08,2026-02-11,2026-03-03,Hospitalization,Settled,,1257.42,34602.7,27461.84,1
CLM104310,POL12077,CUS22770,Motor,South,PRV-27,23,2024-01-03,2024-07-20,2024-07-28,,Collision,Rejected,,1346.95,44487.33,0.0,2
CLM104311,POL13427,CUS23045,Health,East,PRV-15,69,2024-11-11,2025-06-01,2025-06-03,2025-08-05,Hospitalization,Settled,,8698.79,136673.51,115442.71,0
CLM104312,POL11392,CUS21425,Motor,West,PRV-16,69,2024-07-15,2025-03-28,2025-03-31,2025-05-23,Glass Damage,Settled,,2316.15,36356.53,30425.83,0
CLM104313,POL10391,CUS23087,Health,Central,PRV-28,65,2024-12-06,2025-07-05,2025-07-05,2025-09-01,Emergency,Settled,,6198.67,54164.12,47107.27,0
CLM104314,POL13007,CUS20388,Motor,East,PRV-18,22,2024-01-03,2024-07-18,2024-07-29,2024-08-21,Glass Damage,Settled,,4565.34,70929.06,54000.09,0
CLM104315,POL11103,CUS20375,Travel,South,PRV-13,114,2025-07-23,2025-09-07,2025-09-09,2025-11-17,Trip Cancellation,Settled,,893.13,10541.31,10449.23,1
CLM104316,POL13915,CUS23477,Home,North,PRV-25,25,2024-10-10,2025-01-10,2025-01-19,,Water Damage,Approved,,3458.11,35269.15,28530.93,0
CLM104317,POL11656,CUS22010,Motor,East,PRV-11,44,2025-08-24,2025-12-06,2025-12-07,2026-02-06,Theft,Settled,,1979.97,16482.75,14984.32,0
CLM104318,POL13407,CUS21577,Home,East,PRV-28,28,2024-04-05,2024-07-25,2024-07-25,2024-08-21,Storm,Settled,,22286.09,124148.47,94305.16,1
CLM104319,POL10169,CUS20544,Motor,Central,PRV-03,48,2024-12-27,2025-01-30,2025-02-07,,Theft,Pending,,4262.34,31981.29,0.0,1
CLM104320,POL12636,CUS21011,Home,East,PRV-27,29,2025-02-25,2025-03-26,2025-03-27,2025-05-28,Theft,Settled,,3421.7,48973.25,38491.33,1
CLM104321,POL11792,CUS22401,Motor,East,PRV-04,44,2025-05-08,2025-09-17,2025-09-18,2025-11-27,Third Party,Settled,,2990.99,36201.83,29314.85,1
CLM104322,POL11850,CUS22875,Motor,East,PRV-14,71,2024-01-06,2024-08-10,2024-08-13,,Theft,Pending,,994.65,27214.48,0.0,1
CLM104323,POL11060,CUS23207,Health,South,PRV-07,55,2025-01-28,2025-10-21,2025-10-28,,Surgery,Rejected,Policy Exclusion,3868.61,41629.88,0.0,1
CLM104324,POL13884,CUS21427,Health,Central,PRV-22,41,2024-04-01,2025-01-08,2025-01-08,,Diagnostic,Approved,,7554.97,63824.63,47388.52,2
CLM104325,POL11570,CUS21591,Health,East,PRV-14,34,2024-09-21,2025-02-12,2025-02-13,,Emergency,Rejected,Policy Exclusion,1971.1,11432.32,0.0,2
CLM104326,POL13401,CUS20571,Health,South,PRV-23,27,2024-02-03,2024-10-29,2024-11-02,2024-11-29,Hospitalization,Settled,,1710.4,24367.56,16561.22,1
CLM104327,POL11700,CUS20290,Motor,South,PRV-17,71,2024-02-05,2024-06-21,2024-06-29,2024-07-30,Third Party,Settled,,2473.11,37175.5,28547.93,3
CLM104328,POL10193,CUS21532,Motor,West,PRV-11,49,2025-04-20,2025-09-09,2025-09-10,,Collision,Approved,,800.0,24012.33,17015.36,0
CLM104329,POL13517,CUS22027,Health,East,PRV-22,72,2025-03-21,2025-05-23,2025-05-26,2025-07-02,Hospitalization,Settled,,6737.7,57983.91,42821.33,0
CLM104330,POL10740,CUS20365,Health,North,PRV-10,61,2025-07-09,2026-01-13,2026-01-15,,Diagnostic,Rejected,Late Notification,9785.5,54551.63,0.0,0
CLM104331,POL11081,CUS21429,Motor,East,PRV-07,23,2025-03-10,2025-06-11,2025-06-14,2025-07-03,Theft,Settled,,3674.11,42889.84,26609.39,2
CLM104332,POL13444,CUS22245,Motor,East,PRV-25,74,2025-01-04,2025-05-30,2025-06-02,2025-07-26,Theft,Settled,,4103.98,39206.13,25893.62,2
CLM104333,POL13574,CUS22838,Health,North,PRV-30,61,2024-03-13,2024-12-19,2024-12-26,,Hospitalization,Approved,,800.0,15219.44,10834.69,0
CLM104334,POL13667,CUS23284,Health,Central,PRV-17,52,2025-04-19,2025-09-30,2025-09-30,,Emergency,Rejected,Late Notification,3501.06,30269.46,0.0,2
CLM104335,POL11703,CUS21191,Home,Central,PRV-29,50,2024-05-22,2024-08-21,2024-09-01,2024-11-03,Storm,Settled,,2623.53,42651.7,26807.34,1
CLM104336,POL13027,CUS21371,Health,South,PRV-07,24,2024-03-07,2024-09-24,2024-09-26,,Emergency,Rejected,,1660.27,51371.68,0.0,1
CLM104337,POL11311,CUS23062,Health,West,PRV-01,51,2025-03-29,2025-11-03,2025-11-14,2026-01-02,Hospitalization,Settled,,1208.55,9115.86,5679.78,1
CLM104338,POL12961,CUS22426,Health,West,PRV-27,25,2024-12-30,2025-06-30,2025-07-08,,Hospitalization,Approved,,901.03,17273.95,14489.0,3
CLM104339,POL12010,CUS20957,Motor,South,PRV-25,58,2024-04-02,2024-04-15,2024-04-19,,Collision,Pending,,3554.73,78692.01,0.0,0
CLM104340,POL10207,CUS22397,Motor,East,PRV-15,71,2024-12-06,2025-02-12,2025-02-15,2025-04-24,Collision,Settled,,10740.45,167229.18,104276.81,2
CLM104341,POL11670,CUS20551,Motor,North,PRV-26,44,2025-03-04,2025-04-12,2025-04-23,,Theft,Pending,,1391.92,27491.58,0.0,1
CLM104342,POL11870,CUS21571,Home,South,PRV-27,62,2024-11-05,2025-08-18,2025-08-29,2025-11-06,Theft,Settled,,14595.3,118247.88,70860.05,3
CLM104343,POL11029,CUS21072,Motor,Central,PRV-11,49,2025-03-21,2025-06-23,2025-06-30,2025-09-06,Collision,Settled,,3572.71,50995.07,30246.81,0
CLM104344,POL11497,CUS23474,Health,East,PRV-05,26,2024-11-08,2025-03-30,2025-03-30,2025-05-21,Surgery,Settled,,4531.03,34680.98,24675.85,0
CLM104345,POL12010,CUS20122,Health,West,PRV-19,45,2024-08-07,2025-05-04,2025-05-14,,Diagnostic,Pending,,9609.29,85877.22,0.0,0
CLM104346,POL10198,CUS22998,Health,West,PRV-27,63,2024-05-18,2025-03-11,2025-03-16,2025-03-22,Surgery,Settled,,3120.14,37571.67,27388.27,0
CLM104347,POL10607,CUS20984,Home,North,PRV-18,73,2024-06-09,2024-08-14,2024-08-14,2024-09-09,Water Damage,Settled,,10640.28,180278.12,145306.83,0
CLM104348,POL13067,CUS20126,Health,East,PRV-13,23,2025-05-16,2026-01-28,2026-02-06,,Diagnostic,Approved,,16851.68,128726.75,78222.03,0
CLM104349,POL11407,CUS22310,Motor,Central,PRV-08,53,2024-08-19,2025-03-25,2025-03-25,,Glass Damage,Pending,,7174.74,66026.55,0.0,0
CLM104350,POL12433,CUS22373,Home,Central,PRV-09,39,2025-03-20,2025-09-20,2025-09-24,2025-09-29,Water Damage,Settled,,13041.54,94416.7,65966.67,1
CLM104351,POL12263,CUS20497,Health,West,PRV-23,28,2024-08-10,2024-09-30,2024-09-30,,Hospitalization,Rejected,Policy Exclusion,6321.4,59681.52,0.0,1
CLM104352,POL12204,CUS20134,Motor,North,PRV-12,19,2024-11-21,2025-06-16,2025-06-21,2025-09-03,Glass Damage,Settled,,7973.44,53046.67,37616.21,3
CLM104353,POL11653,CUS20389,Home,North,PRV-16,44,2025-01-11,2025-07-14,2025-07-23,2025-08-15,Theft,Settled,,10259.18,91224.28,89976.94,0
CLM104354,POL11933,CUS21431,Health,East,PRV-19,74,2024-10-23,2025-03-06,2025-03-07,2025-04-20,Surgery,Settled,,3495.98,22999.64,19170.18,0
CLM104355,POL13295,CUS20463,Motor,Central,PRV-10,75,2025-04-06,2025-09-29,2025-09-30,2025-10-14,Third Party,Settled,,9696.08,86219.65,52116.09,2
CLM104356,POL13860,CUS22460,Travel,South,PRV-10,37,2025-07-26,2025-09-28,2025-10-09,2025-11-11,Delay,Settled,,4428.58,25413.42,15829.28,5
CLM104357,POL11026,CUS20271,Health,West,PRV-22,70,2025-06-18,2025-12-21,2025-12-23,,Hospitalization,Rejected,Insufficient Documents,3443.34,21796.24,0.0,1
CLM104358,POL12677,CUS22761,Health,North,PRV-20,25,2025-07-25,2025-09-09,2025-09-10,,Emergency,Approved,,3178.79,46666.19,43419.15,1
CLM104359,POL13879,CUS23061,Motor,West,PRV-24,59,2024-01-19,2024-04-14,2024-04-21,2024-06-01,Third Party,Settled,,8576.96,61606.57,36169.19,0
CLM104360,POL10030,CUS22508,Motor,West,PRV-16,65,2025-04-15,2025-09-10,2025-09-13,,Third Party,Pending,,3144.67,63148.81,0.0,1
CLM104361,POL13138,CUS23304,Health,West,PRV-01,45,2025-03-26,2025-05-14,2025-05-25,2025-07-29,Emergency,Settled,,4476.54,26859.64,15343.91,2
CLM104362,POL11987,CUS23287,Health,East,PRV-20,42,2024-09-12,2025-06-13,2025-06-14,2025-07-06,Surgery,Settled,,5962.32,72860.61,44147.95,0
CLM104363,POL13870,CUS20162,Health,Central,PRV-01,36,2024-07-13,2025-04-05,2025-04-11,,Emergency,Pending,,3995.45,39319.79,0.0,0
CLM104364,POL12313,CUS21196,Home,South,PRV-11,53,2024-02-02,2024-06-23,2024-07-04,,Theft,Approved,,3424.76,103512.6,77296.59,1
CLM104365,POL13352,CUS22660,Motor,Central,PRV-23,57,2025-06-03,2025-11-21,2025-11-29,,Glass Damage,Rejected,Late Notification,12011.28,75003.1,0.0,0
CLM104366,POL10664,CUS21188,Health,East,PRV-08,67,2025-06-04,2025-08-31,2025-08-31,,Surgery,Pending,,28303.59,164362.62,0.0,0
CLM104367,POL10568,CUS22580,Home,South,PRV-27,46,2024-02-16,2024-04-20,2024-04-22,2024-06-25,Theft,Settled,,6070.4,60356.78,44149.95,0
CLM104368,POL13706,CUS22710,Home,North,PRV-21,33,2024-12-26,2025-10-10,2025-10-11,2025-10-25,Water Damage,Settled,,4935.01,84814.83,61963.74,1
CLM104369,POL12105,CUS23489,Home,South,PRV-28,59,2024-12-07,2025-04-10,2025-04-20,,Water Damage,Rejected,Suspected Misrepresentation,2033.17,15165.08,0.0,1
CLM104370,POL12233,CUS21154,Home,Central,PRV-16,49,2024-04-16,2025-01-27,2025-01-29,2025-02-18,Water Damage,Settled,,2281.15,30601.33,21390.37,0
CLM104371,POL10679,CUS21217,Motor,West,PRV-14,57,2024-12-06,2024-12-27,2024-12-27,2025-02-23,Glass Damage,Settled,,4139.0,23787.23,13524.57,0
CLM104372,POL10906,CUS20084,Health,East,PRV-05,27,2025-05-18,2025-06-19,2025-06-23,,Emergency,Pending,,6395.63,83413.9,0.0,0
CLM104373,POL13272,CUS20999,Travel,East,PRV-27,42,2024-07-21,2024-12-11,2024-12-14,,Medical,Approved,,1808.81,15545.12,11816.96,1
CLM104374,POL11213,CUS20981,Health,North,PRV-20,67,2025-03-25,2025-11-14,2025-11-15,,Emergency,Approved,,3510.01,93808.55,71457.56,1
CLM104375,POL12336,CUS21585,Motor,East,PRV-25,19,2025-08-24,2025-12-29,2026-01-03,2026-03-11,Third Party,Settled,,9476.64,53098.96,40285.1,1
CLM104376,POL11266,CUS21474,Travel,East,PRV-09,36,2024-10-08,2025-06-17,2025-06-27,2025-07-14,Medical,Settled,,2240.8,19246.93,13481.09,0
CLM104377,POL11053,CUS22998,Motor,East,PRV-07,48,2024-03-07,2024-04-16,2024-04-18,2024-05-27,Glass Damage,Settled,,2153.95,12217.74,9722.76,0
CLM104378,POL10664,CUS22708,Motor,West,PRV-11,46,2024-07-03,2025-03-16,2025-03-27,2025-05-04,Collision,Settled,,3461.4,46085.78,43404.12,1
CLM104379,POL13718,CUS22550,Motor,East,PRV-15,50,2024-03-25,2024-08-05,2024-08-12,2024-09-07,Glass Damage,Settled,,3796.39,34805.65,24754.94,2
CLM104380,POL13760,CUS20018,Health,North,PRV-26,59,2024-08-06,2024-10-31,2024-11-04,,Surgery,Rejected,Insufficient Documents,953.29,29100.96,0.0,0
CLM104381,POL10460,CUS21650,Health,South,PRV-09,53,2025-02-03,2025-08-14,2025-08-22,,Emergency,Approved,,10442.46,71708.73,66789.23,2
CLM104382,POL11413,CUS22553,Health,West,PRV-07,70,2024-05-05,2024-12-24,2024-12-28,2025-01-05,Surgery,Settled,,2699.9,49111.44,35820.29,0
CLM104383,POL12255,CUS20855,Travel,East,PRV-04,54,2024-11-14,2025-08-19,2025-08-21,2025-10-24,Medical,Settled,,1414.53,15080.37,9219.22,1
CLM104384,POL11533,CUS21486,Health,North,PRV-13,38,2025-09-10,2025-10-07,2025-10-09,2025-11-07,Emergency,Settled,,6992.11,53577.19,39894.09,1
CLM104385,POL12884,CUS22544,Health,East,PRV-04,54,2024-06-12,2025-01-09,2025-01-09,,Diagnostic,Pending,,1130.32,26709.98,0.0,0
CLM104386,POL11040,CUS22780,Home,South,PRV-03,22,2025-06-29,2025-10-02,2025-10-09,,Water Damage,Rejected,Insufficient Documents,11568.05,78404.18,0.0,0
CLM104386,POL10235,CUS22990,Home,West,PRV-11,66,2024-07-07,2024-12-05,2024-12-05,2025-01-11,Fire,Settled,,11679.22,77412.85,72291.72,1
CLM104388,POL11347,CUS21504,Motor,North,PRV-14,48,2025-01-15,2025-06-03,2025-06-05,2025-07-26,Glass Damage,Settled,,6092.65,55541.97,49755.7,1
CLM104389,POL12391,CUS21399,Motor,West,PRV-13,51,2024-04-07,2024-11-24,2024-11-24,2024-12-28,Glass Damage,Settled,,5178.12,42885.05,30971.67,0
CLM104390,POL10722,CUS21339,Health,West,PRV-28,18,2024-06-15,2024-10-13,2024-10-13,,Surgery,Approved,,4201.38,95199.75,64223.76,0
CLM104391,POL13263,CUS22340,Home,East,PRV-28,20,2025-06-22,2025-09-14,2025-09-24,,Theft,Approved,,11269.61,115797.44,86691.57,3
CLM104392,POL10048,CUS21468,Health,North,PRV-17,40,2024-12-31,2025-05-26,2025-05-26,2025-07-11,Hospitalization,Settled,,5165.32,33074.6,22947.65,1
CLM104393,POL10270,CUS21400,Motor,East,PRV-29,23,2024-12-19,2025-07-07,2025-07-14,2025-07-19,Collision,Settled,,800.0,12072.34,11963.26,0
CLM104394,POL12035,CUS20588,Home,South,PRV-27,41,2024-11-12,2025-07-24,2025-07-27,,Theft,Approved,,3777.45,21185.15,12456.56,0
CLM104395,POL12048,CUS21674,Health,West,PRV-02,69,2024-05-31,2024-06-02,2024-06-03,,Emergency,Pending,,6603.0,64176.83,0.0,1
CLM104396,POL11179,CUS20830,Health,North,PRV-17,45,2025-07-30,2026-01-16,2026-01-19,2026-03-17,Emergency,Settled,,1761.33,55181.34,39888.25,0
CLM104397,POL11034,CUS21837,Home,North,PRV-11,60,2024-08-31,2024-09-22,2024-09-23,2024-11-17,Water Damage,Settled,,13704.62,169222.77,151891.68,2
CLM104398,POL10279,CUS23110,Home,South,PRV-02,41,2024-01-08,2024-07-12,2024-07-15,,Fire,Approved,,8191.34,77944.28,63787.63,1
CLM104399,POL12651,CUS22715,Health,South,PRV-20,42,2025-07-16,2026-01-19,2026-01-28,2026-03-13,Diagnostic,Settled,,3345.81,19245.6,11106.21,0
CLM104400,POL11516,CUS21673,Health,North,PRV-16,60,2024-01-29,2024-10-11,2024-10-18,,Diagnostic,Approved,,7279.7,53612.0,45730.09,0
CLM104401,POL10474,CUS23421,Health,Central,PRV-19,70,2025-07-03,2025-08-30,2025-09-08,,Emergency,Rejected,Suspected Misrepresentation,3469.8,29617.07,0.0,0
CLM104402,POL11599,CUS23430,Health,West,PRV-07,31,2024-06-13,2025-02-06,2025-02-14,,Hospitalization,Approved,,5647.29,32274.39,26700.36,1
CLM104403,POL13748,CUS21555,Health,South,PRV-26,75,2024-02-12,2024-09-05,2024-09-16,,Diagnostic,Rejected,Policy Exclusion,11944.42,160875.22,0.0,0
CLM104404,POL11044,CUS22672,Health,West,PRV-13,48,2024-05-16,2024-12-01,2024-12-02,2024-12-10,Diagnostic,Settled,,3720.38,42784.96,33346.39,0
CLM104405,POL13578,CUS21198,Health,South,PRV-08,32,2025-02-09,2025-08-19,2025-08-20,,Diagnostic,Approved,,1023.37,7046.48,5550.94,0
CLM104406,POL11034,CUS23075,Health,North,PRV-08,36,2024-12-04,2025-05-18,2025-05-22,,Hospitalization,Approved,,3537.67,29685.27,18280.48,0
CLM104407,POL10743,CUS21307,Motor,Central,PRV-09,24,2024-04-04,2024-04-24,2024-04-30,,Collision,Approved,,871.99,13874.31,11468.39,0
CLM104408,POL11042,CUS20903,Health,West,PRV-04,54,2024-07-05,2025-03-06,2025-03-15,,Diagnostic,Approved,,5700.41,39958.04,38320.48,2
CLM104409,POL11293,CUS20468,Health,North,PRV-27,24,2024-05-10,2024-09-05,2024-09-06,,Hospitalization,Pending,,1068.04,15239.95,0.0,1
CLM104410,POL10482,CUS22949,Motor,East,PRV-07,42,2025-02-09,2025-03-13,2025-03-14,,Third Party,Rejected,Late Notification,7104.11,62408.83,0.0,0
CLM104411,POL12350,CUS21039,Motor,South,PRV-23,19,2025-06-19,2025-12-20,2025-12-29,,Collision,Rejected,Coverage Limit,12182.12,76889.94,0.0,2
CLM104412,POL11333,CUS22846,Motor,East,PRV-13,29,2024-06-07,2025-03-18,2025-03-24,2025-04-13,Glass Damage,Settled,,2724.32,38227.72,30387.61,1
CLM104413,POL12872,CUS20302,Travel,North,PRV-04,45,2025-07-09,2026-02-08,2026-02-12,,Trip Cancellation,Pending,,2142.56,14860.86,0.0,1
CLM104414,POL11963,CUS21753,Home,East,PRV-25,52,2024-09-10,2024-11-23,2024-11-25,,Water Damage,Approved,,23912.7,150205.24,127291.02,0
CLM104415,POL11770,CUS21497,Health,West,PRV-25,58,2024-02-21,2024-10-23,2024-10-31,2024-11-10,Surgery,Settled,,3110.14,40093.42,30383.6,1
CLM104416,POL11883,CUS21535,Health,North,PRV-24,32,2024-07-18,2025-03-29,2025-04-07,,Surgery,Approved,,2230.4,37491.14,36815.83,1
CLM104417,POL10625,CUS20585,Home,West,PRV-11,36,2025-06-25,2025-10-02,2025-10-02,,Theft,Approved,,6339.85,39657.84,27912.45,1
CLM104418,POL12851,CUS20258,Health,West,PRV-02,40,2025-05-16,2025-10-20,2025-10-20,,Diagnostic,Rejected,Coverage Limit,5735.32,57376.04,0.0,1
CLM104419,POL10416,CUS21212,Travel,East,PRV-24,42,2025-03-27,2025-12-03,2025-12-12,,Lost Baggage,Rejected,Suspected Misrepresentation,6852.66,89339.89,0.0,0
CLM104420,POL12886,CUS21645,Motor,South,PRV-24,42,2024-09-04,2024-10-22,2024-11-01,,Glass Damage,Approved,,1636.63,51862.42,30880.26,0
CLM104421,POL13999,CUS22777,Motor,South,PRV-27,25,2025-04-25,2025-08-09,2025-08-11,,Collision,Rejected,Insufficient Documents,3216.62,54425.87,0.0,1
CLM104422,POL13055,CUS21618,Health,North,PRV-01,70,2025-03-16,2025-07-31,2025-08-08,2025-09-27,Emergency,Settled,,5669.13,53029.01,52703.01,0
CLM104423,POL11821,CUS20860,Motor,East,PRV-26,35,2025-05-05,2025-05-08,2025-05-18,,Third Party,Rejected,Suspected Misrepresentation,11426.64,74032.6,0.0,1
CLM104424,POL11257,CUS20918,Health,East,PRV-03,60,2024-12-11,2025-01-30,2025-01-31,,Surgery,Approved,,4531.33,43014.17,36594.73,0
CLM104425,POL13490,CUS22141,Home,South,PRV-01,54,2024-11-10,2025-05-12,2025-05-14,2025-06-12,Storm,Settled,,5575.79,78015.98,43935.78,1
CLM104426,POL11028,CUS21524,Motor,Central,PRV-23,54,2025-08-22,2025-11-09,2025-11-10,2025-12-19,Third Party,Settled,,3258.23,19237.35,17192.99,1
CLM104427,POL11929,CUS23154,Health,Central,PRV-23,75,2025-08-10,2025-10-22,2025-10-31,2026-01-03,Hospitalization,Settled,,2218.35,25980.26,18406.2,1
CLM104428,POL13083,CUS21539,Health,North,PRV-12,24,2024-11-28,2025-02-25,2025-03-06,,Hospitalization,Pending,,2229.24,40954.85,0.0,1
CLM104429,POL13689,CUS21984,Home,North,PRV-22,37,2024-05-04,2024-06-11,2024-06-12,2024-06-18,Theft,Settled,,30853.01,179584.92,102652.4,1
CLM104430,POL13683,CUS20223,Health,East,PRV-10,35,2024-09-10,2025-03-20,2025-03-22,2025-04-26,Diagnostic,Settled,,6457.27,72176.69,43201.51,0
CLM104431,POL10351,CUS20678,Motor,East,PRV-04,75,2024-11-09,2025-01-26,2025-02-02,,Collision,Pending,,2766.49,27026.71,0.0,1
CLM104432,POL13593,CUS22975,Health,South,PRV-12,20,2025-02-23,2025-09-06,2025-09-16,2025-11-21,Diagnostic,Settled,,12523.23,81070.43,64805.47,0
CLM104433,POL10456,CUS21206,Health,North,PRV-27,35,2024-07-16,2025-03-21,2025-03-30,2025-05-19,Diagnostic,Settled,,1533.64,20962.55,18858.81,1
CLM104434,POL12337,CUS21473,Home,North,PRV-16,49,2024-01-29,2024-06-21,2024-06-23,,Storm,Rejected,Late Notification,15152.67,138623.52,0.0,2
CLM104435,POL13718,CUS22066,Health,West,PRV-22,18,2025-05-24,2026-02-22,2026-02-26,,Diagnostic,Rejected,Insufficient Documents,7165.81,44802.3,0.0,1
CLM104436,POL12619,CUS20202,Motor,West,PRV-19,24,2025-08-11,2025-10-09,2025-10-09,,Glass Damage,Approved,,4727.63,69100.51,64471.78,0
CLM104437,POL13789,CUS21773,Home,Central,PRV-20,69,2024-02-21,2024-12-05,2024-12-07,2024-12-17,Fire,Settled,,24162.22,147201.51,119775.09,2
CLM104438,POL11377,CUS21211,Health,Central,PRV-21,19,2024-07-16,2024-10-21,2024-10-27,2024-11-13,Emergency,Settled,,1274.47,21703.47,18471.48,1
CLM104439,POL11258,CUS20520,Motor,South,PRV-04,28,2024-09-25,2024-12-25,2024-12-29,2025-01-16,Theft,Settled,,3267.19,20657.61,13280.82,2
CLM104440,POL11304,CUS21464,Health,West,PRV-03,38,2025-04-16,2026-02-03,2026-02-10,,Diagnostic,Pending,,5022.16,56415.76,0.0,0
CLM104441,POL11420,CUS21563,Travel,South,PRV-04,39,2025-04-24,2025-09-08,2025-09-11,,Delay,Pending,,2095.64,18673.91,0.0,1
CLM104442,POL12731,CUS20652,Health,West,PRV-05,61,2024-07-31,2025-03-12,2025-03-18,2025-04-27,Emergency,Settled,,4536.41,40248.27,25265.35,1
CLM104443,POL11809,CUS21900,Motor,North,PRV-21,35,2024-07-12,2025-03-09,2025-03-16,2025-05-21,Collision,Settled,,3776.3,62175.04,42572.51,1
CLM104444,POL12949,CUS22611,Health,East,PRV-14,42,2024-09-08,2025-01-21,2025-01-23,2025-01-21,Hospitalization,Settled,,1445.96,25844.21,14317.78,1
CLM104445,POL11664,CUS20935,Motor,South,PRV-11,47,2024-05-29,2024-09-02,2024-09-02,2024-09-05,Third Party,Settled,,13001.96,95104.31,93517.27,4
CLM104446,POL11230,CUS23382,Health,East,PRV-26,23,2024-09-27,2025-02-21,2025-02-25,2025-03-19,Emergency,Settled,,7139.87,46419.23,44242.8,1
CLM104447,POL10760,CUS22143,Health,South,PRV-15,38,2024-06-11,2024-10-05,2024-10-05,2024-10-12,Diagnostic,Settled,,1704.17,33718.09,19943.86,0
CLM104448,POL12204,CUS22705,Motor,South,PRV-23,49,2024-02-07,2024-06-11,2024-06-12,2024-07-30,Collision,Settled,,7239.37,50720.32,46891.9,1
CLM104449,POL13593,CUS20245,Motor,East,PRV-19,34,2025-03-18,2025-05-28,2025-05-31,2025-07-30,Collision,Settled,,5835.21,73828.94,58746.44,1
CLM104450,POL13435,CUS22686,Travel,North,PRV-06,44,2025-05-03,2026-02-01,2026-02-05,2026-02-28,Lost Baggage,Settled,,11500.42,96508.87,94967.95,0
CLM104451,POL11013,CUS21178,Motor,West,PRV-12,49,2024-06-26,2024-12-15,2024-12-18,2025-01-11,Third Party,Settled,,1349.81,12249.25,9545.42,0
CLM104452,POL11910,CUS22485,Home,North,PRV-09,73,2024-09-05,2025-05-02,2025-05-02,2025-05-28,Storm,Settled,,3376.8,23863.12,15345.02,2
CLM104453,POL12821,CUS22814,Health,East,PRV-22,51,2024-09-06,2025-03-23,2025-03-25,2025-04-23,Diagnostic,Settled,,5480.84,49248.85,46063.05,0
CLM104454,POL12449,CUS20876,Health,South,PRV-12,25,2024-01-14,2024-04-29,2024-05-09,2024-07-01,Surgery,Settled,,800.0,4171.85,4055.56,1
CLM104455,POL10268,CUS20907,Motor,North,PRV-17,60,2024-12-04,2025-03-10,2025-03-18,,Collision,Pending,,3532.96,49150.73,0.0,1
CLM104456,POL12364,CUS20208,Motor,West,PRV-26,57,2024-10-11,2025-08-01,2025-08-06,2025-09-05,Glass Damage,Settled,,4727.87,52714.36,38664.17,1
CLM104457,POL10155,CUS22118,Motor,Central,PRV-12,37,2025-08-06,2025-08-14,2025-08-14,2025-10-20,Glass Damage,Settled,,4929.09,42564.35,38256.59,0
CLM104458,POL10465,CUS22709,Health,South,PRV-30,59,2024-08-18,2024-11-15,2024-11-19,,Hospitalization,Approved,,1026.32,18517.31,10885.82,0
CLM104459,POL12614,CUS21435,Travel,South,PRV-07,25,2025-05-07,2025-12-14,2025-12-25,,Trip Cancellation,Pending,,800.0,6219.63,0.0,1
CLM104460,POL10410,CUS20563,Home,East,PRV-03,67,2024-08-30,2025-02-10,2025-02-19,,Water Damage,Pending,,2127.18,53877.08,0.0,1
CLM104461,POL11356,CUS21107,Motor,North,PRV-06,27,2024-04-24,2024-10-26,2024-11-04,2025-01-12,Third Party,Settled,,8610.43,109848.76,75039.92,0
CLM104462,POL12353,CUS21409,Motor,South,PRV-15,67,2024-08-04,2024-08-11,2024-08-13,2024-09-06,Glass Damage,Settled,,8123.0,76036.67,42206.52,2
CLM104463,POL12621,CUS23206,Motor,Central,PRV-01,36,2025-07-01,2025-09-05,2025-09-09,,Collision,Rejected,Late Notification,4816.0,28251.72,0.0,1
CLM104464,POL11782,CUS20434,Travel,South,PRV-11,41,2024-06-07,2024-12-04,2024-12-04,2025-02-13,Delay,Settled,,800.0,10794.55,10687.96,1
CLM104465,POL10376,CUS21201,Motor,East,PRV-10,33,2025-06-07,2025-09-10,2025-09-20,2025-10-07,Collision,Settled,,1550.32,45406.58,40919.97,2
CLM104466,POL13196,CUS22233,Motor,South,PRV-10,61,2025-02-16,2025-07-07,2025-07-08,2025-09-07,Glass Damage,Settled,,1060.76,12251.9,8716.26,0
CLM104467,POL13799,CUS20828,Health,East,PRV-06,55,2025-04-07,2026-01-19,2026-01-26,2026-03-29,Diagnostic,Settled,,11598.54,95746.22,90981.57,1
CLM104468,POL13554,CUS23096,Health,West,PRV-15,40,2025-04-11,2025-10-19,2025-10-22,2025-12-30,Hospitalization,Settled,,5097.64,42078.92,40038.97,0
CLM104469,POL12994,CUS23182,Motor,Central,PRV-09,62,2024-11-16,2025-05-24,2025-05-30,,Third Party,Rejected,Late Notification,1744.17,21313.69,0.0,0
CLM104470,POL11608,CUS21330,Health,Central,PRV-22,69,2025-01-08,2025-03-08,2025-03-17,,Surgery,Approved,,4033.98,113183.15,87806.28,0
CLM104471,POL13505,CUS22610,Motor,Central,PRV-18,42,2024-02-13,2024-08-10,2024-08-13,,Theft,Rejected,Insufficient Documents,2518.29,15004.42,0.0,1
CLM104472,POL11952,CUS22645,Motor,West,PRV-18,58,2025-03-09,2025-12-22,2025-12-22,,Collision,Rejected,Late Notification,1751.12,16634.99,0.0,2
CLM104473,POL10545,CUS22386,Motor,South,PRV-24,70,2025-03-17,2025-09-25,2025-10-02,2025-11-15,Third Party,Settled,,3092.92,21115.11,13133.51,0
CLM104474,POL13402,CUS20652,Motor,South,PRV-13,20,2024-03-05,2024-10-26,2024-11-01,2024-11-25,Glass Damage,Settled,,1464.21,16353.4,13648.7,0
CLM104475,POL11280,CUS20173,Travel,West,PRV-06,34,2024-11-17,2025-08-30,2025-08-31,,Lost Baggage,Approved,,5055.35,32675.32,19500.85,1
CLM104476,POL13754,CUS21215,Health,Central,PRV-22,28,2024-11-11,2025-08-08,2025-08-08,2025-10-11,Emergency,Settled,,2418.94,16377.02,9326.71,0
CLM104477,POL11473,CUS20459,Home,Central,PRV-29,52,2024-07-11,2024-10-21,2024-10-27,,Water Damage,Approved,,3979.4,89841.1,53794.06,1
CLM104478,POL13477,CUS21023,Motor,East,PRV-13,70,2024-02-11,2024-05-10,2024-05-17,,Third Party,Pending,,2280.67,60511.52,0.0,0
CLM104479,POL12148,CUS22234,Health,South,PRV-22,74,2024-01-07,2024-03-31,2024-04-01,,Emergency,Approved,,4990.48,95192.05,73273.16,0
CLM104480,POL11869,CUS22060,Travel,North,PRV-20,50,2024-05-09,2024-12-26,2025-01-02,,Trip Cancellation,Rejected,Insufficient Documents,2071.64,13502.5,0.0,2
CLM104481,POL11187,CUS20733,Motor,South,PRV-02,71,2024-05-23,2024-09-13,2024-09-18,2024-11-24,Third Party,Settled,,1489.74,21152.58,15648.8,0
CLM104482,POL13342,CUS20061,Travel,North,PRV-06,63,2024-05-11,2025-01-12,2025-01-13,,Medical,Pending,,1456.61,16299.05,0.0,0
CLM104483,POL10242,CUS20789,Health,West,PRV-21,62,2025-01-10,2025-09-07,2025-09-14,,Diagnostic,Approved,,2339.55,20037.73,18380.56,1
CLM104484,POL11875,CUS21591,Home,East,PRV-11,67,2024-09-18,2025-04-06,2025-04-13,,Storm,Approved,,4905.92,38392.96,35191.75,2
CLM104485,POL11475,CUS22726,Motor,North,PRV-08,65,2024-03-10,2024-04-16,2024-04-17,2024-04-27,Glass Damage,Settled,,10150.79,108040.3,75299.77,0
CLM104486,POL12173,CUS21277,Health,Central,PRV-18,20,2024-02-22,2024-09-22,2024-09-30,,Surgery,Pending,,3468.04,35615.35,0.0,1
CLM104487,POL11018,CUS21000,Health,Central,PRV-17,51,2025-02-10,2025-04-13,2025-04-15,2025-05-10,Diagnostic,Settled,,1635.12,20640.4,19580.29,0
CLM104488,POL12658,CUS21929,Travel,West,PRV-28,24,2025-08-02,2026-01-15,2026-01-22,2026-03-29,Lost Baggage,Settled,,1571.18,35623.89,32792.76,0
CLM104489,POL11543,CUS20250,Travel,Central,PRV-30,26,2025-05-23,2025-07-31,2025-08-09,2025-08-17,Delay,Settled,,800.0,5971.52,4166.68,0
CLM104490,POL10752,CUS20789,Health,West,PRV-01,72,2025-04-14,2025-05-03,2025-05-14,,Emergency,Pending,,13629.04,83365.76,0.0,0
CLM104491,POL10787,CUS20127,Travel,North,PRV-14,57,2024-07-16,2025-01-23,2025-01-26,2025-02-19,Delay,Settled,,3756.92,21318.56,18802.9,3
CLM104492,POL12786,CUS21839,Home,West,PRV-22,53,2025-03-12,2025-07-25,2025-07-29,2025-09-12,Storm,Settled,,6437.07,41848.58,27574.5,1
CLM104493,POL11047,CUS21551,Health,North,PRV-11,72,2024-02-20,2024-08-30,2024-08-31,,Surgery,Approved,,4493.39,59225.12,50423.31,1
CLM104494,POL11229,CUS22038,Motor,North,PRV-15,59,2024-04-16,2024-09-10,2024-09-21,,Theft,Pending,,3830.16,67488.81,0.0,1
CLM104495,POL12507,CUS22159,Motor,South,PRV-21,47,2024-03-27,2024-07-17,2024-07-20,,Theft,Rejected,Coverage Limit,3800.63,35727.39,0.0,1
CLM104496,POL11319,CUS21382,Motor,North,PRV-23,40,2024-04-23,2024-04-28,2024-05-07,2024-05-15,Theft,Settled,,3319.58,75117.87,42273.0,1
CLM104497,POL11552,CUS23041,Motor,North,PRV-29,35,2024-08-09,2024-10-31,2024-11-11,2025-01-17,Glass Damage,Settled,,4134.13,24719.06,15051.86,1
CLM104498,POL10977,CUS23213,Travel,South,PRV-04,32,2024-01-28,2024-10-18,2024-10-23,,Delay,Rejected,Coverage Limit,6613.72,45548.86,0.0,0
CLM104499,POL11381,CUS20387,Motor,North,PRV-14,39,2025-05-19,2025-12-31,2026-01-08,,Glass Damage,Pending,,5244.2,29789.46,0.0,0
CLM104500,POL12771,CUS23220,Health,North,PRV-18,23,2025-03-19,2025-08-05,2025-08-10,,Diagnostic,Pending,,5839.55,36868.98,0.0,0
CLM104501,POL12135,CUS20688,Health,East,PRV-27,18,2025-01-28,2025-02-07,2025-02-13,2025-04-23,Hospitalization,Settled,,3386.87,37087.28,21608.44,1
CLM104502,POL13990,CUS20869,Health,Central,PRV-13,30,2024-04-18,2025-02-07,2025-02-09,2025-03-18,Hospitalization,Settled,,4891.65,63418.92,56291.67,2
CLM104503,POL13087,CUS21854,Motor,East,PRV-02,44,2025-06-22,2026-01-29,2026-02-08,,Theft,Approved,,6803.22,43854.39,36918.0,1
CLM104504,POL10067,CUS20102,Health,Central,PRV-10,23,2024-01-04,2024-01-11,2024-01-12,2024-03-26,Diagnostic,Settled,,1747.31,14784.53,12363.42,0
CLM104505,POL11515,CUS21274,Health,South,PRV-28,37,2025-09-08,2025-11-10,2025-11-17,,Surgery,Approved,,10210.92,63106.82,60038.09,0
CLM104506,POL11159,CUS20681,Health,Central,PRV-01,71,2025-03-26,2025-05-16,2025-05-27,2025-06-17,Diagnostic,Settled,,4833.35,61352.68,52143.95,0
CLM104507,POL12350,CUS21688,Motor,East,PRV-29,51,2024-05-05,2025-01-30,2025-02-08,2025-04-08,Glass Damage,Settled,,3547.09,31678.97,26950.03,0
CLM104508,POL11062,CUS22851,Home,West,PRV-16,68,2024-05-02,2025-02-12,2025-02-21,2025-03-23,Water Damage,Settled,,8599.85,86560.64,65407.73,1
CLM104509,POL13864,CUS23234,Motor,East,PRV-07,28,2025-03-06,2025-07-08,2025-07-15,2025-09-04,Glass Damage,Settled,,3642.57,63364.1,50980.05,3
CLM104510,POL11197,CUS20742,Health,North,PRV-11,61,2025-05-16,2025-07-09,2025-07-20,,Diagnostic,Approved,,6088.99,54776.26,49007.15,1
CLM104511,POL12087,CUS21907,Health,Central,PRV-11,24,2024-10-16,2025-04-27,2025-05-07,2025-05-22,Emergency,Settled,,1450.35,34117.34,24277.95,0
CLM104512,POL10491,CUS21660,Motor,South,PRV-28,19,2024-02-07,2024-04-29,2024-05-02,2024-05-25,Collision,Settled,,1314.62,15242.0,8630.4,0
CLM104513,POL13639,CUS21452,Home,South,PRV-25,18,2024-11-01,2024-12-08,2024-12-15,,Water Damage,Pending,,12423.62,112927.29,0.0,2
CLM104514,POL13647,CUS22214,Motor,Central,PRV-23,48,2024-10-24,2025-01-10,2025-01-15,2025-01-22,Glass Damage,Settled,,973.96,18807.41,13533.87,2
CLM104515,POL13174,CUS23463,Travel,East,PRV-01,18,2024-07-20,2024-10-04,2024-10-07,2024-11-15,Delay,Settled,,854.01,5970.1,3771.88,1
CLM104515,POL11406,CUS21418,Home,South,PRV-03,31,2025-07-13,2025-07-30,2025-08-08,2025-08-25,Theft,Settled,,3814.06,65062.14,56535.71,1
CLM104517,POL10234,CUS20228,Motor,West,PRV-27,58,2024-07-31,2025-02-26,2025-02-26,,Collision,Approved,,5381.62,38638.42,35239.1,2
CLM104518,POL12843,CUS23205,Motor,South,PRV-10,22,2024-05-31,2024-09-14,2024-09-15,2024-10-05,Collision,Settled,,996.66,29668.45,18434.56,1
CLM104519,POL11716,CUS23262,Motor,South,PRV-06,69,2025-02-23,2025-08-07,2025-08-08,,Theft,Rejected,Insufficient Documents,1682.31,12617.45,0.0,0
CLM104520,POL13961,CUS21128,Travel,South,PRV-08,19,2025-01-18,2025-07-02,2025-07-04,2025-07-17,Delay,Settled,,2562.09,28447.9,19821.27,1
CLM104521,POL12793,CUS21755,Health,North,PRV-20,66,2025-01-19,2025-09-07,2025-09-13,2025-10-25,Surgery,Settled,,7018.19,47255.29,38068.21,2
CLM104522,POL12154,CUS23019,Motor,South,PRV-21,59,2024-11-08,2025-06-24,2025-07-05,,Glass Damage,Approved,,2586.49,22629.95,13403.16,2
CLM104523,POL13946,CUS21763,Health,North,PRV-09,67,2024-07-16,2025-01-01,2025-01-12,2025-03-19,Diagnostic,Settled,,1906.97,21917.61,21267.87,0
CLM104524,POL13201,CUS21684,Motor,South,PRV-18,39,2024-06-08,2025-02-14,2025-02-24,,Collision,Approved,,2656.16,20499.76,11862.02,0
CLM104525,POL11833,CUS23226,Health,North,PRV-25,21,2024-03-14,2024-09-01,2024-09-10,,Diagnostic,Approved,,2093.46,23739.09,21843.2,0
CLM104526,POL10075,CUS22900,Health,West,PRV-11,52,2024-04-25,2024-05-03,2024-05-08,,Surgery,Approved,,7831.3,93866.62,59845.55,2
CLM104527,POL10371,CUS21775,Motor,West,PRV-04,73,2024-12-24,2025-09-07,2025-09-16,,Collision,Pending,,1235.5,13165.48,0.0,0
CLM104528,,CUS20565,Home,West,PRV-07,62,2024-09-08,2025-04-27,2025-04-30,2025-07-06,Theft,Settled,,7825.96,57307.98,38793.95,0
CLM104529,POL12248,CUS21534,Motor,South,PRV-30,55,2025-04-03,2025-08-08,2025-08-15,,Collision,Rejected,Late Notification,1424.2,11650.7,0.0,1
CLM104530,POL10120,CUS22367,Health,Central,PRV-14,44,2025-05-13,2025-09-06,2025-09-06,2025-09-27,Emergency,Settled,,4499.76,26867.98,25848.57,1
CLM104531,POL10506,CUS20953,Health,East,PRV-22,31,2024-12-12,2025-09-06,2025-09-16,,Emergency,Pending,,800.0,25278.98,0.0,2
CLM104532,POL12817,CUS21880,Travel,East,PRV-08,25,2024-03-05,2024-07-11,2024-07-22,,Delay,Approved,,800.0,5587.4,5244.35,4
CLM104533,POL13006,CUS22305,Health,North,PRV-26,20,2024-01-03,2024-04-24,2024-05-02,,Hospitalization,Pending,,2177.24,20914.26,0.0,3
CLM104534,POL10119,CUS20297,Travel,South,PRV-06,72,2024-05-21,2024-12-26,2024-12-28,2025-02-06,Delay,Settled,,1488.09,11407.58,8475.04,0
CLM104535,POL12030,CUS21993,Motor,East,PRV-04,72,2024-06-24,2024-10-01,2024-10-04,2024-11-25,Theft,Settled,,838.43,19298.53,18885.93,0
CLM104536,POL10323,CUS22581,Home,West,PRV-25,55,2024-02-15,2024-06-15,2024-06-23,,Theft,Pending,,3761.29,50738.75,0.0,1
CLM104537,POL12893,CUS20750,Motor,East,PRV-19,42,2025-04-27,2025-12-17,2025-12-22,,Collision,Approved,,6764.88,37944.01,29149.35,3
CLM104538,POL13336,CUS21919,Health,East,PRV-30,29,2024-08-15,2024-10-21,2024-10-27,2024-11-07,Emergency,Settled,,9790.32,123698.31,90184.46,0
CLM104539,POL13477,CUS22482,Motor,East,PRV-16,73,2025-04-05,2025-04-09,2025-04-13,,Theft,Pending,,2960.36,34020.02,0.0,2
CLM104540,POL12392,CUS20155,Travel,South,PRV-23,57,2024-05-09,2024-08-18,2024-08-28,2024-11-03,Lost Baggage,Settled,,800.0,7771.04,5538.15,1
CLM104541,POL12515,CUS22254,Travel,Central,PRV-16,21,2024-01-07,2024-02-28,2024-02-29,,Trip Cancellation,Pending,,800.0,14578.34,0.0,0
CLM104542,POL13706,CUS20909,Health,North,PRV-02,42,2024-03-25,2024-07-12,2024-07-17,,Emergency,Rejected,,2124.83,29183.54,0.0,0
CLM104543,POL12449,CUS21390,Health,East,PRV-12,38,2024-10-18,2024-11-09,2024-11-11,2024-12-15,Diagnostic,Settled,,2768.95,51126.71,35575.01,2
CLM104544,POL11785,CUS22268,Health,Central,PRV-29,63,2024-10-24,2025-04-19,2025-04-27,,Surgery,Approved,,4570.34,52440.03,35982.61,1
CLM104545,POL13018,CUS20015,Motor,West,PRV-29,60,2024-09-28,2025-03-01,2025-03-04,,Theft,Approved,,4546.08,70084.03,39379.35,0
CLM104546,POL12363,CUS20058,Health,East,PRV-14,59,2025-08-17,2025-11-07,2025-11-10,2026-01-09,Hospitalization,Settled,,1899.47,20970.37,11907.38,1
CLM104547,POL13369,CUS21563,Health,East,PRV-26,63,2025-02-08,2025-08-15,2025-08-17,,Surgery,Rejected,Coverage Limit,2088.04,29651.95,0.0,0
CLM104548,POL12098,CUS23324,Health,West,PRV-08,33,2025-03-29,2025-05-12,2025-05-22,,Emergency,Pending,,6964.23,41616.95,0.0,1
CLM104549,POL13476,CUS20021,Motor,South,PRV-10,42,2024-03-18,2024-03-22,2024-03-24,,Glass Damage,Pending,,8528.92,115712.4,0.0,4
CLM104550,POL10179,CUS22760,Travel,West,PRV-24,60,2024-10-15,2025-03-07,2025-03-17,2025-04-11,Delay,Settled,,863.05,14805.75,8544.03,0
CLM104551,POL10145,CUS20262,Motor,North,PRV-03,32,2025-01-20,2025-03-10,2025-03-20,2025-05-20,Collision,Settled,,1400.51,9705.25,8859.21,2
CLM104552,POL10396,CUS21711,Health,West,PRV-01,49,2024-12-28,2025-09-10,2025-09-21,2025-11-26,Surgery,Settled,,5599.39,36895.88,22203.71,2
CLM104553,POL12224,CUS21507,Motor,Central,PRV-08,65,2025-08-10,2025-11-09,2025-11-13,2025-12-06,Glass Damage,Settled,,2619.67,22889.02,19128.43,2
CLM104554,POL12835,CUS21638,Motor,South,PRV-01,57,2024-10-21,2025-02-27,2025-03-06,2025-03-12,Theft,Settled,,3201.98,39178.38,34890.34,0
CLM104555,POL10865,CUS20286,Motor,South,PRV-17,37,2024-08-18,2024-11-14,2024-11-23,,Collision,Rejected,Policy Exclusion,2882.76,18582.49,0.0,0
CLM104556,POL10622,CUS22637,Motor,North,PRV-23,40,2025-08-08,2025-12-16,2025-12-16,2025-12-25,Theft,Settled,,22022.29,168778.45,135433.52,1
CLM104557,POL13441,CUS20964,Health,North,PRV-20,54,2024-07-28,2024-08-27,2024-08-27,2024-10-14,Emergency,Settled,,2631.98,30198.7,27218.93,1
CLM104558,POL13002,CUS22698,Health,Central,PRV-05,24,2024-12-19,2025-09-25,2025-09-27,,Emergency,Pending,,4783.75,53901.84,0.0,1
CLM104559,POL12593,CUS22294,Health,South,PRV-26,63,2024-01-18,2024-03-10,2024-03-21,2024-04-28,Hospitalization,Settled,,2074.66,68319.62,53638.51,0
CLM104560,POL11953,CUS21929,Health,Central,PRV-15,20,2024-04-12,2024-08-09,2024-08-10,2024-10-05,Emergency,Settled,,2334.22,60370.36,47673.69,1
CLM104561,POL11680,CUS21080,Motor,East,PRV-10,64,2024-02-05,2024-10-16,2024-10-25,,Third Party,Approved,,1762.03,35084.55,31417.16,2
CLM104562,POL10082,CUS22282,Motor,Central,PRV-16,63,2024-09-16,2025-01-22,2025-02-01,2025-03-19,Glass Damage,Settled,,5053.0,75314.72,53673.36,2
CLM104563,POL10752,CUS23491,Health,Central,PRV-05,55,2025-07-31,2026-02-26,2026-03-08,,Diagnostic,Pending,,12313.56,72899.89,0.0,0
CLM104564,POL13587,CUS23230,Health,South,PRV-30,34,2024-02-14,2024-03-06,2024-03-12,,Diagnostic,Rejected,Suspected Misrepresentation,5132.88,33495.17,0.0,0
CLM104565,POL11356,CUS23207,Health,Central,PRV-14,41,2025-08-27,2025-11-24,2025-11-30,,Diagnostic,Pending,,1636.76,45319.3,0.0,1
CLM104566,POL12818,CUS20768,Motor,North,PRV-10,52,2025-06-22,2026-02-05,2026-02-13,2026-03-29,Third Party,Settled,,934.16,28977.09,16171.22,0
CLM104567,POL12815,CUS22048,Home,West,PRV-21,72,2024-01-04,2024-03-23,2024-03-30,2024-05-25,Storm,Settled,,4384.53,37188.35,22978.4,2
CLM104568,POL11237,CUS21392,Motor,South,PRV-10,66,2024-01-10,2024-05-13,2024-05-22,2024-06-02,Third Party,Settled,,3558.74,41154.73,30008.47,1
CLM104569,POL10817,CUS23384,Health,South,PRV-23,21,2025-07-12,2025-08-05,2025-08-09,2025-08-12,Hospitalization,Settled,,3832.66,25505.8,18669.51,2
CLM104570,POL12766,CUS23325,Motor,East,PRV-15,73,2024-12-28,2025-05-28,2025-06-08,2025-06-13,Collision,Settled,,8769.71,49847.13,34831.71,1
CLM104571,POL10374,CUS23038,Health,West,PRV-27,58,2024-04-17,2024-07-31,2024-08-05,,Surgery,Approved,,1517.25,14569.52,10918.47,0
CLM104572,POL11979,CUS20569,Health,West,PRV-15,74,2025-08-14,2026-04-29,2026-05-01,,Surgery,Approved,,7627.63,134737.19,131303.95,3
CLM104573,POL13552,CUS21116,Health,North,PRV-20,39,2024-12-14,2025-04-13,2025-04-22,2025-05-06,Emergency,Settled,,7513.72,45838.84,41806.18,0
CLM104574,POL12845,CUS22489,Motor,East,PRV-17,64,2025-01-28,2025-10-03,2025-10-10,2025-10-17,Collision,Settled,,3564.58,38192.93,23392.97,0
CLM104575,POL13056,CUS22623,Health,South,PRV-30,24,2025-02-24,2025-11-22,2025-11-22,2025-12-19,Emergency,Settled,,4270.07,46127.73,34592.2,1
CLM104576,POL10333,CUS21226,Motor,East,PRV-27,48,2024-05-05,2025-01-11,2025-01-12,2025-03-12,Collision,Settled,,10247.19,75576.0,64747.09,1
CLM104577,POL10799,CUS20478,Health,Central,PRV-14,42,2024-08-10,2025-03-21,2025-03-21,,Surgery,Approved,,2190.17,25619.79,15978.96,1
CLM104578,POL11100,CUS20479,Motor,South,PRV-22,33,2024-03-20,2024-09-11,2024-09-17,2024-11-07,Theft,Settled,,2276.37,34899.25,19990.71,2
CLM104579,POL11169,CUS22395,Motor,West,PRV-07,36,2024-11-23,2025-04-16,2025-04-26,,Third Party,Approved,,1742.12,12333.22,12098.52,0
CLM104580,POL10776,CUS21589,Health,West,PRV-26,19,2025-09-04,2025-09-29,2025-10-02,,Hospitalization,Pending,,4622.43,79867.78,0.0,3
CLM104581,POL13888,CUS21718,Motor,South,PRV-19,56,2025-01-24,2025-03-06,2025-03-07,2025-04-02,Glass Damage,Settled,,880.1,24521.64,23255.06,0
CLM104582,POL10659,CUS22853,Motor,East,PRV-12,31,2025-03-05,2025-06-27,2025-07-07,2025-07-12,Collision,Settled,,2045.38,19546.15,17623.19,0
CLM104583,POL12832,CUS20058,Home,South,PRV-27,19,2024-04-30,2024-11-13,2024-11-21,,Storm,Pending,,800.0,8850.06,0.0,1
CLM104584,POL12347,CUS22640,Home,North,PRV-24,31,2024-12-02,2024-12-04,2024-12-10,2025-02-04,Theft,Settled,,3661.9,24635.79,22031.5,2
CLM104585,POL12442,CUS20959,Home,West,PRV-06,63,2025-09-08,2026-06-15,2026-06-17,2026-07-14,Storm,Settled,,6575.07,37229.17,29276.44,0
CLM104586,POL10858,CUS23259,Motor,Central,PRV-29,48,2024-02-24,2024-12-17,2024-12-25,,Glass Damage,Rejected,Late Notification,11444.09,66421.2,0.0,1
CLM104587,POL11230,CUS23343,Health,South,PRV-09,30,2024-05-06,2024-05-30,2024-06-03,,Emergency,Approved,,3830.54,73190.49,43365.65,1
CLM104588,POL12425,CUS21757,Home,East,PRV-03,54,2025-03-22,2025-04-20,2025-04-22,,Water Damage,Approved,,5693.93,33533.52,27459.89,2
CLM104589,POL11196,CUS21105,Motor,South,PRV-11,29,2024-01-07,2024-09-17,2024-09-20,,Theft,Pending,,2185.33,46719.68,0.0,0
CLM104590,POL12776,CUS20816,Home,North,PRV-14,74,2024-05-08,2024-07-07,2024-07-07,,Theft,Rejected,Suspected Misrepresentation,1730.01,20803.07,0.0,2
CLM104591,POL10158,CUS20635,Motor,South,PRV-03,24,2025-08-08,2025-10-01,2025-10-06,,Third Party,Pending,,2651.47,62168.23,0.0,0
CLM104592,POL10291,CUS23497,Travel,North,PRV-18,40,2024-01-12,2024-03-08,2024-03-17,,Delay,Approved,,4205.38,27414.23,27357.08,0
CLM104593,POL12913,CUS20656,Health,Central,PRV-14,48,2024-09-23,2025-04-21,2025-04-30,,Surgery,Rejected,Insufficient Documents,9030.31,142072.27,0.0,0
CLM104594,POL12467,CUS21562,Health,Central,PRV-18,72,2024-07-23,2024-09-01,2024-09-09,,Surgery,Rejected,Suspected Misrepresentation,16033.55,123586.86,0.0,1
CLM104595,POL10172,CUS21677,Health,East,PRV-15,22,2024-09-04,2024-10-29,2024-11-08,2024-12-16,Hospitalization,Settled,,35672.7,247035.4,165828.34,0
CLM104596,POL13596,CUS22377,Motor,North,PRV-16,64,2024-06-08,2024-10-05,2024-10-16,,Collision,Rejected,Insufficient Documents,1097.57,12599.24,0.0,0
CLM104597,POL10019,CUS22949,Motor,West,PRV-05,32,2024-06-19,2024-12-16,2024-12-18,,Glass Damage,Approved,,12078.51,81395.46,62254.84,1
CLM104598,POL13822,CUS21952,Home,North,,59,2025-04-16,2026-02-07,2026-02-12,,Storm,Rejected,Insufficient Documents,6869.7,87136.88,0.0,1
CLM104599,POL12917,CUS22653,Health,East,PRV-19,25,2024-01-17,2024-03-29,2024-04-02,2024-06-01,Diagnostic,Settled,,1781.4,34103.94,31547.33,5
CLM104600,POL13952,CUS21983,Health,North,PRV-07,28,2024-03-21,2024-06-06,2024-06-14,,Surgery,Pending,,8442.89,85300.59,0.0,2
CLM104601,POL13795,CUS21528,Motor,East,PRV-04,75,2024-06-13,2024-11-22,2024-12-02,2024-11-23,Collision,Settled,,5360.56,39257.69,37607.02,0
CLM104602,POL11252,CUS20552,Health,South,PRV-29,53,2025-05-27,2025-09-29,2025-10-09,,Hospitalization,Rejected,Insufficient Documents,2877.02,80016.66,0.0,1
CLM104603,POL13026,CUS20730,Health,North,PRV-16,19,2024-08-31,2025-02-27,2025-02-28,,Diagnostic,Approved,,3566.16,23626.86,17883.96,2
CLM104604,POL10843,CUS21513,Motor,Central,PRV-25,52,2024-01-22,2024-04-05,2024-04-11,2024-05-04,Third Party,Settled,,2176.13,31839.8,31326.39,0
CLM104605,POL11886,CUS20161,Travel,Central,PRV-15,59,2024-11-18,2025-05-22,2025-05-23,2025-06-13,Trip Cancellation,Settled,,2748.32,20792.0,18350.1,0
CLM104606,POL10960,CUS21107,Health,South,PRV-09,63,2025-01-23,2025-10-27,2025-10-30,2026-01-09,Hospitalization,Settled,,1638.1,34773.99,23489.08,1
CLM104607,POL11944,CUS21619,Health,North,PRV-09,32,2024-10-10,2025-05-03,2025-05-08,,Hospitalization,Rejected,Policy Exclusion,13379.7,151322.71,0.0,0
CLM104608,POL13489,CUS21654,Travel,South,PRV-01,51,2024-02-24,2024-10-01,2024-10-08,2024-11-12,Lost Baggage,Settled,,972.03,9743.98,6016.1,2
CLM104609,POL11744,CUS22851,Motor,South,PRV-17,26,2025-06-29,2025-07-20,2025-07-29,2025-09-29,Third Party,Settled,,2746.06,27387.54,22936.07,0
CLM104610,POL10369,CUS23386,Travel,East,PRV-22,73,2025-06-16,2026-03-13,2026-03-24,2026-04-01,Trip Cancellation,Settled,,800.0,6106.73,5174.78,0
CLM104611,POL11298,CUS22553,Health,West,PRV-04,30,2025-07-19,2026-02-15,2026-02-19,2026-04-04,Diagnostic,Settled,,3420.33,31270.03,29712.07,0
CLM104612,POL13146,CUS20278,Health,Central,PRV-01,29,2025-08-20,2026-02-24,2026-03-02,,Emergency,Pending,,3342.82,46684.25,0.0,0
CLM104613,POL12086,CUS21430,Motor,West,PRV-05,57,2024-07-15,2024-08-31,2024-08-31,2024-09-05,Third Party,Settled,,4189.53,76201.04,44218.47,0
CLM104614,POL12240,CUS22554,Motor,East,PRV-15,27,2024-09-18,2025-03-03,2025-03-04,2025-04-26,Theft,Settled,,1257.35,25146.12,16319.72,1
CLM104615,POL11724,CUS22081,Health,Central,PRV-16,25,2025-08-17,2026-03-08,2026-03-19,,Hospitalization,Approved,,7695.12,46862.44,46084.58,2
CLM104616,POL11171,CUS21602,Motor,Central,PRV-18,60,2024-10-05,2025-04-10,2025-04-21,,Glass Damage,Approved,,1098.71,22152.94,22035.41,0
CLM104617,POL12392,CUS21526,Motor,South,PRV-26,26,2025-06-20,2025-07-28,2025-08-08,2025-09-28,Third Party,Settled,,2016.98,22591.9,16018.33,3
CLM104618,POL12532,CUS21420,Health,South,PRV-30,75,2025-02-05,2025-02-18,2025-02-21,2025-05-03,Surgery,Settled,,2546.64,37569.29,28945.54,2
CLM104619,POL13592,CUS22026,Home,West,PRV-27,65,2025-07-29,2025-12-20,2025-12-27,2026-01-23,Fire,Settled,,24210.47,197786.93,184105.51,0
CLM104620,POL12471,CUS20625,Motor,West,PRV-10,31,2024-01-07,2024-08-09,2024-08-11,2024-08-29,Glass Damage,Settled,,6442.17,78693.75,60199.79,1
CLM104621,POL13980,CUS21811,Home,Central,PRV-14,22,2025-03-13,2025-07-07,2025-07-15,2025-08-16,Storm,Settled,,9059.22,124188.41,121895.45,0
CLM104622,POL13306,CUS20720,Travel,Central,PRV-22,21,2025-05-11,2025-12-03,2025-12-08,,Trip Cancellation,Approved,,3888.06,22172.92,20552.84,1
CLM104623,POL10314,CUS22383,Home,North,PRV-08,50,2024-05-02,2025-02-16,2025-02-27,2025-04-06,Water Damage,Settled,,4754.49,26485.66,23404.08,0
CLM104624,POL11568,CUS23026,Home,West,PRV-29,56,2025-03-31,2025-12-22,2025-12-26,2026-03-05,Theft,Settled,,3484.56,69840.75,58166.3,1
CLM104625,POL11538,CUS21776,Health,East,PRV-04,39,2024-05-01,2024-11-06,2024-11-13,,Emergency,Pending,,5990.43,44732.06,0.0,1
CLM104626,POL10012,CUS21356,Motor,East,PRV-14,61,2025-07-14,2026-02-17,2026-02-24,2026-03-07,Third Party,Settled,,2871.79,17567.06,11107.47,0
CLM104627,POL10722,CUS23292,Motor,North,PRV-23,51,2025-07-17,2025-08-13,2025-08-22,,Collision,Approved,,6500.42,37012.88,34790.55,1
CLM104628,POL13048,CUS22308,Travel,North,PRV-04,47,2024-01-03,2024-01-29,2024-01-29,2024-04-04,Medical,Settled,,800.0,6419.1,4226.26,0
CLM104629,POL11408,CUS21498,Health,South,PRV-30,18,2024-11-10,2025-06-08,2025-06-13,2025-07-23,Hospitalization,Settled,,22413.94,151789.13,100120.28,0
CLM104630,POL10591,CUS20100,Home,Central,PRV-04,31,2024-08-25,2025-04-22,2025-04-27,2025-05-21,Water Damage,Settled,,3257.43,41149.77,38299.21,2
CLM104631,POL11149,CUS20055,Travel,West,PRV-08,33,2025-07-06,2025-09-03,2025-09-05,2025-11-04,Trip Cancellation,Settled,,2428.53,19705.77,11249.01,0
CLM104632,POL11098,CUS20775,Motor,East,PRV-12,46,2024-07-17,2025-01-11,2025-01-20,,Third Party,Pending,,2536.03,23713.52,0.0,0
CLM104633,POL10698,CUS20827,Motor,Central,PRV-20,29,2025-03-22,2025-06-16,2025-06-25,2025-08-28,Glass Damage,Settled,,6887.6,50598.04,41852.1,0
CLM104634,POL10404,CUS22524,Health,South,PRV-10,35,2024-03-13,2024-04-15,2024-04-15,,Hospitalization,Approved,,7644.39,45800.75,25972.3,1
CLM104635,POL13056,CUS21752,Motor,North,PRV-18,27,2024-05-11,2024-09-02,2024-09-10,,Glass Damage,Approved,,3366.11,71747.07,45311.3,0
CLM104636,POL13298,CUS23499,Health,East,PRV-10,30,2025-09-02,2026-01-14,2026-01-24,2026-03-05,Surgery,Settled,,2552.19,40239.08,27562.4,0
CLM104637,POL11985,CUS21892,Home,North,PRV-11,67,2024-08-26,2025-04-16,2025-04-19,,Theft,Approved,,14484.16,122890.08,80148.47,0
CLM104638,POL12461,CUS23160,Health,South,PRV-15,47,2025-04-19,2026-01-03,2026-01-10,,Hospitalization,Pending,,2875.16,34399.2,0.0,3
CLM104639,POL13676,CUS21933,Motor,Central,PRV-09,72,2025-08-23,2026-06-02,2026-06-09,,Theft,Pending,,2747.86,24172.2,0.0,3
CLM104640,POL13370,CUS21253,Home,North,PRV-17,20,2025-08-21,2025-09-22,2025-09-22,2025-11-17,Storm,Settled,,4305.77,29207.87,28221.0,0
CLM104641,POL10130,CUS22500,Motor,North,PRV-13,44,2024-01-13,2024-10-16,2024-10-25,2024-12-23,Collision,Settled,,1658.83,12294.65,7730.76,2
CLM104642,POL13811,CUS21572,Home,West,PRV-08,59,2024-05-24,2024-10-26,2024-11-04,2025-01-02,Water Damage,Settled,,5288.19,36473.29,29551.91,0
CLM104643,POL10267,CUS20961,Motor,North,PRV-13,65,2025-03-19,2025-05-10,2025-05-13,2025-05-23,Third Party,Settled,,800.0,11999.29,8938.76,0
CLM104644,POL10106,CUS21656,Home,East,PRV-14,62,2025-07-28,2026-02-07,2026-02-10,,Theft,Rejected,Suspected Misrepresentation,1482.96,-42916.64,0.0,0
CLM104645,POL11613,CUS22327,Health,East,PRV-15,43,2025-08-29,2025-09-17,2025-09-26,,Surgery,Pending,,11586.13,72071.36,0.0,1
CLM104646,POL12983,CUS21314,Health,South,PRV-20,75,2025-03-22,2025-08-08,2025-08-17,,Surgery,Approved,,9141.46,93539.56,53374.32,1
CLM104647,POL10321,CUS22464,Health,West,PRV-09,32,2024-03-05,2024-11-08,2024-11-08,2024-11-20,Emergency,Settled,,7333.46,58503.28,57837.05,2
CLM104648,POL11171,CUS23432,Motor,Central,PRV-17,68,2025-04-05,2026-01-21,2026-01-25,,Collision,Approved,,0.0,24661.71,17088.96,1
CLM104649,POL11050,CUS21439,Health,West,PRV-14,75,2024-06-17,2024-09-12,2024-09-19,2024-11-11,Surgery,Settled,,32338.98,237510.06,191500.04,3
CLM104650,POL11589,CUS21033,Home,Central,PRV-23,35,2025-05-16,2025-07-08,2025-07-09,,Water Damage,Approved,,2574.66,56900.23,55141.71,1
CLM104651,POL13944,CUS21407,Home,East,PRV-19,65,2024-12-05,2025-05-29,2025-06-09,,Storm,Approved,,17158.98,115859.86,97358.69,1
CLM104652,POL11325,CUS22933,Motor,East,PRV-09,35,2024-04-24,2024-06-11,2024-06-13,2024-08-04,Glass Damage,Settled,,2518.73,64404.94,57654.67,0
CLM104653,POL10835,CUS20626,Health,North,PRV-07,68,2025-06-07,2026-03-27,2026-04-06,,Emergency,Rejected,Coverage Limit,1597.26,37600.1,0.0,0
CLM104654,POL10489,CUS23407,Home,Central,PRV-12,43,2025-09-05,2025-12-13,2025-12-13,,Fire,Approved,,2111.53,25909.91,20894.26,0
CLM104655,POL10792,CUS21448,Home,East,PRV-11,38,2024-11-10,2025-01-05,2025-01-15,2025-03-20,Fire,Settled,,3948.77,63892.63,44071.96,1
CLM104656,POL10532,CUS22945,Health,North,PRV-17,60,2025-05-18,2025-07-29,2025-07-29,,Surgery,Rejected,Insufficient Documents,8208.31,46200.45,0.0,2
CLM104657,POL12294,CUS22753,Motor,West,PRV-08,31,2024-02-06,2024-05-29,2024-06-06,2024-08-08,Theft,Settled,,2907.74,29762.53,19549.41,1
CLM104658,POL11682,CUS22742,Travel,South,PRV-28,20,2024-06-17,2025-01-25,2025-01-29,2025-04-03,Medical,Settled,,1550.41,15453.65,12780.95,0
CLM104659,POL11991,CUS23181,Health,North,PRV-26,70,2024-03-19,2024-12-04,2024-12-09,,Emergency,Rejected,Suspected Misrepresentation,2192.9,59312.95,0.0,1
CLM104660,POL13328,CUS20646,Motor,South,PRV-19,73,2024-06-25,2025-02-01,2025-02-02,,Glass Damage,Rejected,Policy Exclusion,1170.11,11282.62,0.0,0
CLM104661,POL12321,CUS22077,Home,West,PRV-20,20,2024-08-21,2025-03-04,2025-03-12,2025-03-30,Water Damage,Settled,,2886.98,72916.79,64036.69,3
CLM104662,POL10620,CUS20346,Motor,West,PRV-09,58,2024-09-24,2024-12-14,2024-12-21,2025-02-25,Glass Damage,Settled,,14974.85,120553.98,81732.59,0
CLM104663,POL11506,CUS21047,Home,South,PRV-17,24,2024-07-18,2025-04-25,2025-04-28,2025-07-01,Theft,Settled,,44022.27,248385.36,202180.94,2
CLM104664,POL11250,CUS20142,Motor,West,PRV-02,67,2024-12-03,2025-09-28,2025-10-03,,Third Party,Rejected,Suspected Misrepresentation,1610.18,20269.98,0.0,0
CLM104665,POL13307,CUS22388,Home,South,PRV-05,31,2024-05-16,2024-11-21,2024-11-27,,Storm,Approved,,4522.41,29908.88,21802.06,0
CLM104666,POL11228,CUS22127,Travel,East,PRV-16,58,2024-08-03,2025-03-26,2025-04-03,2025-04-21,Medical,Settled,,3019.94,17274.06,14472.95,1
CLM104667,POL10554,CUS22590,Travel,West,PRV-03,28,2025-06-04,2025-09-03,2025-09-09,2025-10-16,Medical,Settled,,2117.52,12086.65,11337.27,1
CLM104668,POL12944,CUS20616,Travel,East,PRV-29,71,2024-12-14,2025-04-27,2025-04-27,,Trip Cancellation,Rejected,Policy Exclusion,1859.89,13108.13,0.0,2
CLM104669,POL11713,CUS21162,Home,East,PRV-23,33,2024-01-17,2024-09-14,2024-09-20,2024-10-02,Storm,Settled,,12320.88,76766.93,76180.48,2
CLM104670,POL10383,CUS22367,Motor,West,PRV-21,65,2024-07-22,2024-11-26,2024-11-30,2024-12-30,Third Party,Settled,,3906.6,47227.65,27703.49,1
CLM104671,POL12759,CUS22892,Travel,North,PRV-27,66,2025-05-29,2026-01-12,2026-01-16,2026-02-08,Trip Cancellation,Settled,,1771.86,15069.63,10748.21,0
CLM104672,POL10842,CUS23099,Travel,East,PRV-13,43,2024-04-21,2025-01-04,2025-01-08,2025-02-05,Medical,Settled,,800.0,4303.95,3727.93,2
CLM104673,POL13472,CUS20257,Health,East,PRV-26,25,2025-07-25,2026-05-01,2026-05-05,2026-06-01,Diagnostic,Settled,,3165.38,50560.21,38918.63,2
CLM104674,POL13329,CUS21408,Health,Central,PRV-03,59,2024-07-02,2024-09-28,2024-09-30,,Surgery,Pending,,8366.33,108637.06,0.0,0
CLM104675,POL11478,CUS20037,Motor,North,PRV-25,21,2025-01-25,2025-06-17,2025-06-20,,Theft,Approved,,1534.02,18215.72,12762.1,1
CLM104676,POL12222,CUS22864,Health,South,PRV-04,72,2024-10-21,2025-02-14,2025-02-22,,Emergency,Pending,,7953.9,199566.76,0.0,2
CLM104677,POL12270,CUS20430,Health,South,PRV-04,39,2025-01-22,2025-06-22,2025-06-24,2025-08-17,Diagnostic,Settled,,2763.45,28060.31,25363.45,2
CLM104678,POL12613,CUS22877,Health,East,PRV-23,72,2025-05-09,2025-12-18,2025-12-27,2026-01-07,Hospitalization,Settled,,1899.34,12876.65,10760.06,0
CLM104679,POL10276,CUS20546,Health,South,PRV-22,19,2024-04-02,2024-07-08,2024-07-13,2024-08-28,Hospitalization,Settled,,6272.45,49208.3,46744.63,2
CLM104680,POL11299,CUS20053,Health,Central,PRV-10,70,2024-08-06,2024-10-15,2024-10-22,2024-11-08,Surgery,Settled,,10239.28,82728.16,64920.45,0
CLM104681,POL10681,CUS23076,Motor,North,PRV-05,26,2024-12-18,2025-03-09,2025-03-10,,Collision,Pending,,1803.09,14915.4,0.0,2
CLM104682,POL12789,CUS21535,Travel,Central,PRV-09,61,2024-06-10,2025-01-26,2025-01-28,,Trip Cancellation,Rejected,Coverage Limit,800.0,20383.8,0.0,0
CLM104683,POL10276,CUS21487,Motor,Central,PRV-14,40,2024-08-20,2025-06-14,2025-06-24,2025-06-27,Theft,Settled,,1097.3,35983.66,35751.91,1
CLM104684,POL12067,CUS22263,Motor,North,PRV-07,54,2025-07-03,2025-08-03,2025-08-12,2025-08-22,Glass Damage,Settled,,4305.15,77755.23,73366.84,0
CLM104685,,CUS20962,Motor,East,PRV-29,30,2024-05-22,2025-03-11,2025-03-11,2025-04-11,Theft,Settled,,3588.43,21488.32,20458.08,0
CLM104686,POL13793,CUS22417,Home,South,PRV-27,49,2024-04-27,2024-05-07,2024-05-17,,Water Damage,Approved,,13053.33,82320.1,77886.07,1
CLM104687,POL11152,CUS21501,Home,Central,PRV-13,51,2024-12-27,2025-06-04,2025-06-14,,Theft,Pending,,1720.77,14768.16,0.0,0
CLM104688,POL10031,CUS20954,Motor,North,PRV-10,29,2024-03-02,2024-04-12,2024-04-13,,Third Party,Approved,,3655.75,41632.24,24493.21,1
CLM104689,POL12894,CUS21381,Motor,Central,PRV-06,58,2024-01-01,2024-10-13,2024-10-15,2024-12-11,Collision,Settled,,1981.73,11353.87,10895.86,1
CLM104690,POL10006,CUS20021,Health,North,PRV-06,44,2025-06-23,2026-02-06,2026-02-08,,Hospitalization,Approved,,2134.0,53486.44,33480.62,0
CLM104691,POL10265,CUS21055,Motor,North,PRV-03,41,2024-06-20,2024-10-05,2024-10-15,2024-12-06,Collision,Settled,,1858.03,41689.76,39209.89,1
CLM104692,POL13961,CUS22070,Home,Central,PRV-12,25,2024-03-15,2024-10-07,2024-10-17,2024-11-18,Storm,Settled,,3228.09,26212.19,21004.64,1
CLM104693,POL13450,CUS20482,Motor,East,PRV-27,21,2025-02-10,2025-10-23,2025-10-31,2026-01-06,Collision,Settled,,4994.6,44543.87,30169.68,0
CLM104694,POL12830,CUS20414,Health,North,PRV-22,26,2024-10-25,2024-12-30,2025-01-02,,Emergency,Approved,,21172.41,119486.54,82645.83,1
CLM104695,POL13342,CUS22295,Health,East,PRV-02,53,2024-10-09,2025-04-17,2025-04-28,,Surgery,Pending,,13842.93,92052.26,0.0,1
CLM104696,POL10301,CUS21498,Health,South,PRV-13,27,2024-09-28,2024-12-27,2025-01-06,,Emergency,Approved,,2616.33,15324.12,13430.07,4
CLM104697,POL10355,CUS20478,Health,Central,PRV-10,22,2024-03-31,2024-11-01,2024-11-11,,Hospitalization,Approved,,6971.51,50425.05,44426.23,0
CLM104698,POL11203,CUS22617,Motor,Central,PRV-23,45,2025-06-16,2025-12-03,2025-12-07,,Theft,Pending,,2004.11,11856.7,0.0,0
CLM104699,POL10095,CUS22713,Motor,West,PRV-16,64,2024-01-01,2024-08-03,2024-08-11,,Collision,Rejected,Coverage Limit,6520.03,49015.21,0.0,0
CLM104700,POL13553,CUS20121,Motor,South,PRV-21,23,2024-10-26,2025-05-05,2025-05-13,2025-07-16,Glass Damage,Settled,,1359.21,12486.83,8066.43,2
CLM104701,POL10225,CUS20705,Motor,Central,PRV-02,51,2024-06-16,2024-12-24,2024-12-25,2025-01-08,Third Party,Settled,,9361.6,80010.17,58341.07,0
CLM104702,POL12176,CUS21296,Travel,Central,PRV-11,67,2025-02-01,2025-02-27,2025-03-05,2025-05-07,Medical,Settled,,1796.67,10876.93,9225.92,0
CLM104703,POL13414,CUS22559,Motor,North,PRV-11,71,2024-12-06,2025-08-18,2025-08-24,,Third Party,Approved,,2507.55,54870.12,45616.96,1
CLM104704,POL12939,CUS20259,Motor,East,PRV-27,70,2024-08-26,2024-10-17,2024-10-24,2024-12-05,Glass Damage,Settled,,2721.64,23706.16,14423.36,3
CLM104705,POL10938,CUS22819,Motor,North,PRV-23,70,2024-11-27,2025-03-25,2025-03-29,,Third Party,Approved,,2343.15,26375.13,23187.73,0
CLM104706,POL11881,CUS21118,Home,South,PRV-03,57,2024-05-20,2024-10-20,2024-10-28,2024-11-10,Storm,Settled,,8073.19,62368.69,66077.22205889,0
CLM104707,POL12193,CUS20438,Travel,South,PRV-05,62,2024-03-22,2024-12-01,2024-12-11,2025-02-06,Trip Cancellation,Settled,,2889.23,23963.42,21924.36,2
CLM104708,POL13071,CUS23021,Home,West,PRV-23,48,2025-07-15,2026-01-20,2026-01-27,,Water Damage,Pending,,1104.68,12282.05,0.0,1
CLM104709,POL11704,CUS20303,Health,West,PRV-11,59,2025-01-15,2025-03-11,2025-03-21,,Emergency,Approved,,9635.55,72232.34,66450.35,2
CLM104710,POL11140,CUS20453,Home,South,PRV-16,73,2025-02-09,2025-05-06,2025-05-15,,Theft,Approved,,2308.25,20908.38,11781.81,0
CLM104711,POL13182,CUS23323,Health,North,PRV-12,28,2025-09-11,2025-11-10,2025-11-13,,Diagnostic,Rejected,Suspected Misrepresentation,2011.99,34617.32,0.0,0
CLM104712,POL13545,CUS21818,Home,North,PRV-10,36,2025-07-14,2026-01-07,2026-01-15,,Storm,Rejected,Coverage Limit,10411.71,82823.95,0.0,2
CLM104713,POL11955,CUS21620,Home,Central,PRV-04,48,2024-12-28,2025-07-31,2025-08-08,,Theft,Approved,,4704.93,138372.74,106744.85,0
CLM104714,POL10112,CUS22405,Motor,East,PRV-13,53,2025-05-06,2025-12-05,2025-12-16,2026-02-17,Collision,Settled,,3056.03,19915.77,18523.22,0
CLM104715,POL12002,CUS22205,Health,West,PRV-24,67,2024-11-23,2025-07-06,2025-07-10,,Hospitalization,Approved,,2694.92,16237.08,14878.35,0
CLM104716,POL13557,CUS22147,Motor,Central,PRV-18,64,2024-05-27,2024-12-23,2024-12-24,,Glass Damage,Approved,,1269.22,30443.55,21846.14,1
CLM104717,POL13956,CUS20081,Motor,Central,PRV-06,33,2025-01-21,2025-10-18,2025-10-26,2025-12-10,Collision,Settled,,3543.47,51716.67,39474.28,2
CLM104718,POL11604,CUS21931,Home,West,PRV-09,60,2025-07-20,2026-04-18,2026-04-25,2026-06-20,Theft,Settled,,3428.51,69937.44,43827.77,0
CLM104719,POL10600,CUS20975,Motor,Central,PRV-22,19,2025-06-29,2025-09-20,2025-09-27,,Theft,Pending,,7750.39,53167.1,0.0,0
CLM104720,POL12288,CUS22826,Home,West,PRV-19,66,2024-11-09,2025-02-09,2025-02-17,2025-04-10,Theft,Settled,,6156.05,151411.87,101888.74,0
CLM104721,POL13322,CUS21768,Travel,East,PRV-30,38,2025-08-09,2025-08-26,2025-09-01,,Medical,Approved,,1377.03,12387.13,7955.43,2
CLM104722,POL13780,CUS20433,Health,West,PRV-16,31,2024-05-02,2024-07-21,2024-07-21,2024-08-03,Surgery,Settled,,4197.41,47572.49,47305.03,0
CLM104723,POL10206,CUS23101,Motor,North,PRV-29,41,2024-01-26,2024-06-26,2024-07-06,2024-07-29,Third Party,Settled,,3757.74,26346.03,16999.87,0
CLM104724,POL11162,CUS20994,Health,East,PRV-24,64,2024-09-07,2025-03-23,2025-03-26,2025-06-08,Hospitalization,Settled,,1077.56,8560.9,5408.34,1
CLM104725,POL11910,CUS20950,Home,East,PRV-27,73,2024-05-07,2025-01-24,2025-01-26,,Water Damage,Approved,,3404.75,30500.85,30265.73,0
CLM104726,POL10393,CUS23276,Motor,South,PRV-06,20,2025-08-16,2026-02-10,2026-02-19,2026-04-15,Glass Damage,Settled,,1569.21,14870.57,8691.2,0
CLM104727,POL13545,CUS22713,Motor,South,PRV-12,64,2024-03-12,2024-12-28,2025-01-06,2025-03-09,Collision,Settled,,3630.16,24821.04,14021.92,0
CLM104728,POL10448,CUS23008,Health,South,PRV-11,49,2024-11-27,2025-05-12,2025-05-18,2025-07-28,Diagnostic,Settled,,12428.34,122347.38,92390.95,1
CLM104729,POL12660,CUS22317,Travel,Central,PRV-04,29,2025-04-23,2026-01-05,2026-01-13,,Medical,Pending,,852.5,9169.54,0.0,1
CLM104730,POL13674,CUS23186,Motor,West,PRV-16,18,2024-03-09,2024-11-06,2024-11-06,,Third Party,Rejected,Insufficient Documents,2029.28,60042.11,0.0,0
CLM104731,POL12740,CUS20403,Motor,Central,PRV-02,40,2024-01-29,2024-06-24,2024-06-27,2024-07-16,Collision,Settled,,2453.09,34902.78,30740.12,1
CLM104732,POL13052,CUS22099,Travel,West,PRV-22,38,2024-12-09,2025-08-27,2025-08-29,,Lost Baggage,Rejected,,1547.39,18102.32,0.0,1
CLM104733,POL11053,CUS21026,Motor,Central,PRV-09,65,2025-07-13,2026-03-29,2026-04-03,,Theft,Rejected,Policy Exclusion,4007.14,34303.7,0.0,0
CLM104734,POL13309,CUS21394,Motor,South,PRV-11,51,2024-01-11,2024-04-14,2024-04-18,,Third Party,Approved,,8321.14,63529.61,42532.72,1
CLM104735,POL11674,CUS20832,Health,West,PRV-08,62,2024-01-13,2024-03-17,2024-03-17,,Hospitalization,Pending,,10328.66,59222.48,0.0,0
CLM104736,POL10245,CUS20717,Motor,West,PRV-10,59,2025-07-27,2025-09-02,2025-09-10,,Third Party,Pending,,4092.79,57238.62,0.0,0
CLM104737,POL11466,CUS21548,Motor,North,PRV-14,33,2025-01-08,2025-10-11,2025-10-18,2025-11-27,Third Party,Settled,,3579.66,32057.94,18031.36,1
CLM104738,POL11399,CUS23214,Health,North,PRV-27,46,2025-03-10,2025-07-21,2025-07-25,,Hospitalization,Approved,,4277.83,29830.21,19507.85,0
CLM104739,POL12085,CUS22223,Health,West,PRV-04,61,2024-06-19,2024-12-06,2024-12-16,,Surgery,Pending,,2095.33,27361.95,0.0,0
CLM104740,POL11059,CUS21222,Health,West,PRV-04,72,2024-07-12,2024-10-02,2024-10-06,2024-10-18,Diagnostic,Settled,,4116.36,36661.86,34347.59,1
CLM104741,POL11848,CUS21516,Health,Central,PRV-10,43,2024-10-18,2025-02-12,2025-02-13,2025-03-13,Diagnostic,Settled,,1997.32,21527.15,14603.33,2
CLM104742,POL11711,CUS21854,Health,South,PRV-22,47,2024-05-12,2024-09-10,2024-09-20,2024-10-18,Diagnostic,Settled,,800.0,8796.3,5757.2,1
CLM104743,POL11307,CUS20855,Health,East,PRV-23,36,2024-09-30,2025-03-23,2025-03-24,2025-05-22,Emergency,Settled,,800.0,20291.67,18807.44,0
CLM104744,,CUS21824,Home,South,PRV-25,22,2025-08-14,2025-10-06,2025-10-06,,Water Damage,Approved,,2037.45,60574.54,38664.9,2
CLM104745,POL11221,CUS22435,Home,East,PRV-21,36,2025-04-09,2025-11-30,2025-12-05,2026-02-15,Storm,Settled,,5329.65,71726.52,51176.22,0
CLM104746,POL13063,CUS20851,Health,North,PRV-08,28,2025-06-22,2025-10-17,2025-10-23,2025-10-27,Emergency,Settled,,11196.86,67110.08,48404.88,1
CLM104747,POL11003,CUS22045,Home,East,PRV-20,55,2024-11-03,2025-01-14,2025-01-17,,Theft,Pending,,9085.52,154211.9,0.0,0
CLM104748,POL13459,CUS22479,Home,South,PRV-14,67,2025-05-03,2025-05-08,2025-05-18,2025-06-28,Fire,Settled,,3394.61,86048.12,50231.3,0
CLM104749,POL11460,CUS21817,Motor,East,PRV-21,51,2024-09-18,2024-10-19,2024-10-22,2024-11-20,Theft,Settled,,2677.73,21764.54,20234.78,0
CLM104750,POL10162,CUS21021,Travel,West,PRV-16,72,2025-01-17,2025-04-08,2025-04-19,2025-04-30,Medical,Settled,,5649.56,32509.57,21026.06,0
CLM104751,POL10599,CUS21940,Home,East,PRV-28,39,2025-03-28,2025-11-03,2025-11-10,2025-11-18,Theft,Settled,,3580.06,92807.53,66368.23,2
CLM104752,POL13225,CUS22776,Motor,East,PRV-24,56,2025-05-26,2026-02-06,2026-02-08,2026-03-02,Theft,Settled,,8237.6,58085.48,48605.49,0
CLM104753,POL13488,CUS20776,Motor,East,PRV-30,26,2025-07-28,2026-05-09,2026-05-13,,Glass Damage,Rejected,Suspected Misrepresentation,7919.84,171147.35,0.0,0
CLM104754,POL10847,CUS22011,Health,North,PRV-27,61,2024-03-06,2024-06-04,2024-06-04,2024-06-20,Diagnostic,Settled,,3128.03,62187.6,50632.14,0
CLM104755,POL12408,CUS22381,Health,Central,PRV-15,37,2025-05-07,2025-11-14,2025-11-24,,Surgery,Approved,,8288.64,48638.69,34666.95,0
CLM104756,POL12297,CUS21125,Home,West,PRV-12,53,2025-03-15,2025-06-04,2025-06-11,2025-08-23,Fire,Settled,,9253.9,68455.39,37813.47,1
CLM104757,POL10535,CUS21356,Health,South,PRV-09,27,2025-04-01,2025-05-14,2025-05-19,,Hospitalization,Approved,,9554.82,83891.5,64830.49,2
CLM104758,POL11807,CUS23111,Motor,North,PRV-11,55,2024-01-10,2024-06-21,2024-06-29,,Third Party,Pending,,1603.08,29307.95,0.0,1
CLM104759,POL12775,CUS21272,Motor,West,PRV-06,59,2024-10-29,2025-05-10,2025-05-17,2025-06-14,Glass Damage,Settled,,2882.9,25320.09,18022.15,1
CLM104760,POL13868,,Home,East,PRV-11,71,2025-08-18,2026-04-03,2026-04-10,2026-06-14,Water Damage,Settled,,800.0,16559.32,13798.49,1
CLM104761,POL13390,CUS20524,Motor,South,PRV-27,26,2025-07-12,2025-08-16,2025-08-20,2025-09-04,Collision,Settled,,2824.02,31671.97,28648.15,1
CLM104762,POL10391,CUS23240,Home,East,PRV-06,43,2024-05-23,2025-01-02,2025-01-06,,Water Damage,Pending,,15753.06,116115.16,0.0,0
CLM104763,POL10950,CUS22088,Motor,North,PRV-27,47,2024-10-28,2025-01-27,2025-01-30,2025-03-13,Glass Damage,Settled,,2337.88,20285.5,18564.2,0
CLM104764,POL11746,CUS22661,Health,East,PRV-02,56,2025-06-19,2025-09-11,2025-09-20,2025-10-27,Diagnostic,Settled,,5529.96,42125.08,34362.11,0
CLM104765,POL10602,CUS22109,Health,South,PRV-05,25,2025-07-30,2025-08-09,2025-08-14,2025-10-15,Hospitalization,Settled,,1602.47,33824.37,23558.5,2
CLM104766,POL12282,CUS21244,Motor,Central,PRV-27,57,2024-07-24,2024-09-24,2024-09-29,,Collision,Pending,,2075.38,14433.47,0.0,1
CLM104767,POL10034,CUS21191,Health,West,PRV-16,25,2025-05-12,2025-10-05,2025-10-13,2025-11-25,Hospitalization,Settled,,15577.55,89813.97,77844.91,0
CLM104768,POL10454,CUS22454,Health,West,PRV-10,40,2025-06-01,2025-07-28,2025-08-03,,Emergency,Pending,,6851.02,41239.22,0.0,2
CLM104769,POL10189,CUS23009,Motor,North,PRV-06,31,2024-04-03,2024-07-09,2024-07-20,2024-08-31,Glass Damage,Settled,,1787.27,41381.44,30444.44,0
CLM104770,POL11181,CUS20446,Motor,North,,44,2024-01-20,2024-06-27,2024-06-29,2024-07-26,Theft,Settled,,3735.63,83404.38,67507.85,2
CLM104771,POL13049,CUS22959,Home,West,PRV-07,44,2024-01-30,2024-02-29,2024-02-29,,Theft,Pending,,5190.18,48504.17,0.0,0
CLM104772,POL10709,CUS22905,Home,West,PRV-05,36,2024-03-31,2024-12-18,2024-12-23,2025-02-06,Fire,Settled,,1919.69,17675.2,12616.04,0
CLM104773,POL13948,CUS20381,Health,East,PRV-21,64,2025-04-04,2025-07-06,2025-07-12,,Diagnostic,Approved,,8338.24,52584.3,31979.79,0
CLM104774,POL11078,CUS20378,Home,West,PRV-29,73,2024-08-29,2025-04-14,2025-04-23,2025-05-27,Water Damage,Settled,,1308.69,15336.48,14777.69,3
CLM104775,POL10179,CUS22432,Motor,North,PRV-08,75,2025-03-01,2025-09-11,2025-09-18,,Glass Damage,Rejected,Insufficient Documents,2678.46,24992.22,0.0,0
CLM104776,POL11341,CUS22949,Motor,South,PRV-02,25,2024-02-25,2024-10-07,2024-10-18,,Theft,Approved,,7508.63,123997.51,104394.45,1
CLM104777,POL12992,CUS21378,Health,South,PRV-30,51,2025-01-08,2025-04-05,2025-04-06,,Emergency,Pending,,4403.89,25605.62,0.0,0
CLM104778,POL10426,CUS22242,Health,North,PRV-21,32,2025-04-06,2025-05-28,2025-06-03,2025-07-15,Diagnostic,Settled,,800.0,15423.73,14184.26,2
CLM104779,POL10287,CUS23499,Home,South,PRV-12,71,2025-08-28,2025-10-10,2025-10-19,2025-11-02,Water Damage,Settled,,4758.92,28735.54,21899.73,0
CLM104780,POL13397,CUS21129,Motor,North,PRV-24,62,2024-07-16,2024-09-23,2024-09-29,,Glass Damage,Rejected,Suspected Misrepresentation,2801.92,17126.4,0.0,0
CLM104781,POL12368,CUS20787,Health,West,PRV-21,67,2024-12-04,2025-05-16,2025-05-19,,Emergency,Rejected,Policy Exclusion,834.71,22216.21,0.0,1
CLM104782,POL11372,,Health,West,PRV-23,37,2024-10-26,2025-05-01,2025-05-10,,Surgery,Rejected,Suspected Misrepresentation,1521.75,10400.65,0.0,1
CLM104783,POL13024,CUS20981,Motor,North,PRV-06,26,2024-08-03,2025-03-17,2025-03-27,2025-05-13,Theft,Settled,,2486.15,30834.56,24381.0,1
CLM104784,POL13377,CUS21654,Health,West,PRV-11,58,2025-01-31,2025-11-16,2025-11-19,2026-01-06,Diagnostic,Settled,,1846.8,28989.44,24155.1,0
CLM104785,POL11436,CUS21547,Health,South,PRV-16,52,2024-12-16,2025-08-22,2025-08-28,2025-11-08,Hospitalization,Settled,,1097.5,12145.12,11318.98,0
CLM104786,POL12244,CUS21831,Motor,East,PRV-20,60,2025-05-31,2025-09-15,2025-09-24,2025-11-10,Theft,Settled,,16759.82,99411.75,71421.63,1
CLM104787,POL10043,CUS20940,Motor,East,PRV-17,40,2024-01-18,2024-06-08,2024-06-09,,Glass Damage,Pending,,1873.85,20858.68,0.0,1
CLM104788,POL11224,CUS22376,Motor,North,PRV-09,50,2024-05-17,2025-02-27,2025-02-27,,Glass Damage,Pending,,4321.51,65077.42,0.0,1
CLM104789,POL12380,CUS22421,Travel,East,PRV-12,21,2024-12-25,2025-07-26,2025-08-03,2025-09-08,Trip Cancellation,Settled,,1278.77,11765.4,11120.84,1
CLM104790,POL10788,CUS20701,Motor,East,PRV-13,41,2024-12-21,2025-04-25,2025-05-04,2025-06-24,Theft,Settled,,1971.28,21557.43,12800.65,0
CLM104791,POL13964,CUS21683,Motor,West,PRV-03,56,2025-07-13,2026-03-20,2026-03-21,,Glass Damage,Approved,,800.0,10490.72,9564.49,2
CLM104792,POL13884,CUS20200,Motor,East,PRV-25,58,2025-02-22,2025-04-04,2025-04-11,,Collision,Approved,,4699.73,81107.64,54393.42,1
CLM104793,POL11030,CUS20773,Motor,West,PRV-20,41,2024-01-03,2024-07-23,2024-07-31,2024-10-03,Collision,Settled,,2094.97,64292.97,54361.38,0
CLM104794,POL11585,CUS23455,Motor,North,PRV-19,18,2024-10-30,2025-08-10,2025-08-21,2025-10-31,Collision,Settled,,2008.42,18539.95,14734.95,1
CLM104795,POL10757,CUS21772,Health,West,PRV-23,42,2025-06-08,2025-11-13,2025-11-22,2025-12-25,Hospitalization,Settled,,9807.93,77717.96,62963.55,1
CLM104796,POL12015,CUS22179,Motor,Central,PRV-15,59,2025-06-25,2025-12-26,2025-12-28,,Glass Damage,Approved,,10924.84,79309.34,78611.02,0
CLM104797,POL10495,CUS23110,Motor,East,PRV-18,24,2025-05-12,2025-05-30,2025-06-05,2025-07-31,Collision,Settled,,5368.63,87743.63,71889.7,1
CLM104798,POL11563,CUS22498,Motor,South,PRV-21,51,2024-10-23,2025-04-22,2025-04-30,2025-06-29,Theft,Settled,,4205.37,27895.93,18043.79,0
CLM104799,POL12221,CUS22773,Health,North,PRV-20,72,2024-03-06,2024-06-01,2024-06-04,,Diagnostic,Pending,,9003.39,98230.77,0.0,1
CLM104800,POL12447,CUS22492,Motor,South,PRV-23,66,2024-05-12,2025-03-06,2025-03-07,,Third Party,Approved,,800.0,20250.79,12019.05,0
CLM104801,,CUS21745,Health,South,PRV-03,29,2025-06-09,2025-09-13,2025-09-18,,Emergency,Rejected,Coverage Limit,13533.51,80006.72,0.0,1
CLM104802,POL10885,CUS22214,Health,East,PRV-28,60,2024-07-30,2024-11-01,2024-11-09,2024-11-25,Emergency,Settled,,8014.25,59800.42,40773.73,0
CLM104803,POL13169,CUS21009,Home,South,PRV-16,35,2025-04-18,2025-08-15,2025-08-21,,Water Damage,Approved,,8121.45,71002.1,59617.2,1
CLM104804,POL12766,CUS23116,Motor,West,PRV-24,50,2024-01-23,2024-08-19,2024-08-26,2024-10-17,Collision,Settled,,882.02,24478.88,23529.95,0
CLM104805,POL13012,CUS20629,Home,South,PRV-02,56,2024-10-31,2025-08-12,2025-08-19,2025-10-02,Fire,Settled,,2627.03,81848.2,55381.05,1
CLM104806,POL11871,CUS23094,Health,West,PRV-15,63,2025-08-12,2025-11-24,2025-12-05,2026-01-18,Emergency,Settled,,5540.75,48295.86,44983.3,0
CLM104807,POL13570,CUS23074,Motor,West,PRV-14,40,2024-06-01,2024-08-03,2024-08-10,2024-08-05,Theft,Settled,,2645.64,16349.47,15437.69,0
CLM104808,POL11559,CUS20497,Health,South,PRV-07,27,2024-01-19,2024-09-04,2024-09-05,,Emergency,Approved,,2273.05,17881.25,14925.25,1
CLM104809,POL13223,CUS22485,Home,Central,PRV-27,68,2024-06-27,2024-12-06,2024-12-10,2025-01-03,Water Damage,Settled,,971.07,31496.4,27228.08,1
CLM104810,POL10814,CUS23463,Motor,Central,PRV-15,40,2024-02-09,2024-06-24,2024-06-26,2024-07-19,Glass Damage,Settled,,4360.85,34691.74,31541.87,2
CLM104811,POL10989,CUS22002,Health,South,PRV-27,43,2025-01-14,2025-11-07,2025-11-16,,Diagnostic,Approved,,10622.2,129080.47,92612.42,0
CLM104812,POL12106,CUS21191,Health,North,PRV-14,48,2024-04-28,2024-09-24,2024-10-05,,Diagnostic,Rejected,Suspected Misrepresentation,4839.08,100178.35,0.0,0
CLM104813,POL12223,CUS23078,Motor,North,PRV-18,25,2024-06-01,2024-12-04,2024-12-13,,Third Party,Pending,,2169.29,14296.74,0.0,3
CLM104814,POL12984,CUS21793,Travel,Central,PRV-18,62,2024-12-30,2025-10-20,2025-10-22,2025-12-23,Trip Cancellation,Settled,,1840.72,15804.53,9296.02,2
CLM104815,POL11189,CUS20425,Motor,West,PRV-20,71,2024-07-20,2024-09-21,2024-09-29,,Collision,Approved,,4190.85,30229.52,26595.43,0
CLM104816,POL13490,CUS20872,Motor,Central,PRV-19,29,2025-02-07,2025-11-04,2025-11-04,2025-11-10,Collision,Settled,,2470.73,45119.36,31617.09,0
CLM104817,POL11319,CUS22388,Motor,South,PRV-25,57,2025-07-31,2026-05-15,2026-05-18,2026-06-03,Theft,Settled,,2604.93,54934.35,30899.54,1
CLM104818,POL12136,CUS21593,Health,South,PRV-07,58,2025-07-31,2025-12-19,2025-12-22,,Emergency,Pending,,13457.66,125565.4,0.0,2
CLM104819,POL13727,CUS20758,Home,North,PRV-22,39,2025-03-28,2025-07-07,2025-07-12,,Theft,Approved,,4012.29,36749.22,26319.9,2
CLM104820,POL12157,CUS22796,Home,Central,PRV-25,34,2025-08-23,2025-10-11,2025-10-14,,Theft,Pending,,5524.46,47093.61,0.0,1
CLM104821,POL12727,CUS20422,Travel,South,PRV-25,44,2025-04-01,2025-04-16,2025-04-21,,Trip Cancellation,Pending,,1701.26,12011.55,0.0,1
CLM104822,POL13634,CUS20766,Health,East,PRV-13,29,2024-02-12,2024-12-03,2024-12-03,2025-02-07,Surgery,Settled,,2394.64,18485.78,11519.54,0
CLM104823,POL13898,CUS21629,Health,South,PRV-13,42,2025-08-15,2025-12-22,2025-12-31,,Surgery,Pending,,14217.57,108169.06,0.0,1
CLM104824,POL11997,CUS20138,Health,South,PRV-24,41,2024-12-17,2025-07-05,2025-07-09,,Hospitalization,Rejected,Insufficient Documents,2968.37,52771.24,0.0,1
CLM104825,POL11667,CUS21355,Motor,Central,PRV-16,43,2024-01-04,2024-03-16,2024-03-25,,Third Party,Rejected,Coverage Limit,12894.07,139070.29,0.0,0
CLM104826,POL10787,CUS23184,Travel,Central,PRV-01,29,2025-01-19,2025-04-26,2025-04-26,,Trip Cancellation,Approved,,800.0,5444.01,5056.32,0
CLM104827,POL12149,CUS23294,Health,Central,PRV-23,73,2024-05-31,2025-01-31,2025-02-10,2025-02-17,Surgery,Settled,,2722.63,25257.08,22114.28,0
CLM104828,POL13673,CUS23051,Health,East,PRV-24,43,2024-11-27,2025-06-12,2025-06-19,,Diagnostic,Rejected,,1360.13,17982.78,0.0,0
CLM104829,POL11948,CUS21133,Health,South,PRV-16,49,2025-02-11,2025-04-18,2025-04-20,2025-06-28,Hospitalization,Settled,,36015.13,209828.87,169833.81,0
CLM104830,POL11393,CUS20227,Home,Central,PRV-17,49,2024-01-18,2024-01-20,2024-01-29,2024-03-26,Storm,Settled,,2498.68,48966.07,28276.56,1
CLM104831,POL10429,CUS22852,Motor,Central,PRV-16,40,2024-09-28,2025-06-01,2025-06-09,2025-08-22,Collision,Settled,,1088.5,6177.82,6018.52,2
CLM104832,POL11558,CUS21306,Health,North,PRV-13,39,2024-02-04,2024-02-28,2024-03-07,,Diagnostic,Approved,,1753.51,11903.6,6586.46,0
CLM104833,POL10946,CUS22620,Health,Central,PRV-21,29,2024-03-10,2024-03-21,2024-03-31,,Emergency,Approved,,6013.2,50350.5,32711.66,0
CLM104834,POL13906,CUS20417,Home,Central,PRV-05,72,2024-05-11,2024-08-09,2024-08-20,,Fire,Pending,,14148.22,288029.26,0.0,1
CLM104835,POL12110,CUS22337,Motor,East,PRV-09,62,2025-04-29,2026-02-01,2026-02-02,,Collision,Pending,,6797.53,59322.42,0.0,0
CLM104836,POL10547,CUS22052,Motor,Central,PRV-27,57,2024-09-13,2025-03-25,2025-03-28,2025-04-28,Theft,Settled,,3248.55,75213.8,42745.2,2
CLM104837,POL10269,CUS23221,Health,South,PRV-25,54,2024-01-30,2024-02-12,2024-02-12,2024-04-05,Emergency,Settled,,3131.55,18443.75,10158.35,1
CLM104838,POL13402,CUS20356,Home,North,PRV-02,41,2025-04-08,2026-01-08,2026-01-08,2026-01-31,Theft,Settled,,6679.27,91696.77,54586.06,2
CLM104839,POL13725,CUS21427,Travel,East,PRV-06,56,2024-12-03,2025-09-10,2025-09-11,2025-11-07,Trip Cancellation,Settled,,1248.84,13887.18,13145.09,2
CLM104840,POL13052,CUS23464,Health,Central,PRV-04,72,2024-03-28,2024-10-23,2024-10-31,,Emergency,Rejected,Suspected Misrepresentation,8783.33,69977.73,0.0,1
CLM104841,POL10495,CUS21363,Motor,West,PRV-29,24,2024-12-14,2025-01-06,2025-01-13,,Theft,Rejected,Coverage Limit,800.0,17581.44,0.0,0
CLM104842,POL10393,CUS22303,Motor,North,PRV-26,36,2024-06-03,2024-06-08,2024-06-08,2024-08-04,Glass Damage,Settled,,3522.04,31647.13,31070.25,1
CLM104843,POL10791,CUS20563,Health,West,PRV-18,27,2025-01-29,2025-10-17,2025-10-22,,Emergency,Approved,,1034.99,7542.27,6612.66,1
CLM104844,POL13004,CUS22549,Motor,Central,PRV-21,55,2025-08-10,2026-04-13,2026-04-14,,Collision,Approved,,1329.09,21756.29,13619.25,2
CLM104845,POL13061,CUS20965,Health,North,PRV-19,35,2024-07-14,2025-03-20,2025-03-22,2025-04-08,Surgery,Settled,,1262.07,23767.17,23457.87,0
CLM104846,POL13351,CUS22002,Home,East,PRV-26,45,2025-04-07,2025-08-31,2025-08-31,,Fire,Approved,,15313.22,148459.34,110926.87,0
CLM104847,POL10387,CUS23079,Health,East,PRV-28,21,2024-01-15,2024-07-11,2024-07-17,2024-08-05,Hospitalization,Settled,,12464.51,112817.55,85632.05,1
CLM104848,POL10612,CUS22313,Motor,Central,PRV-30,68,2024-09-09,2024-10-31,2024-10-31,,Collision,Approved,,2849.77,29729.01,24870.46,1
CLM104849,POL13601,CUS21660,Motor,West,PRV-11,72,2025-07-05,2025-07-16,2025-07-25,2025-09-01,Collision,Settled,,3412.61,45904.76,40040.39,1
CLM104850,POL13714,CUS20665,Motor,South,PRV-11,43,2024-02-16,2024-04-23,2024-05-04,,Collision,Approved,,800.0,6350.77,6243.58,2
CLM104851,POL12902,CUS21194,Health,East,PRV-04,51,2025-07-30,2026-02-01,2026-02-11,2026-03-14,Diagnostic,Settled,,2459.51,32006.59,31587.74,0
CLM104852,POL10424,CUS22972,Motor,Central,PRV-25,20,2024-02-28,2024-06-28,2024-07-07,,Theft,Approved,,2262.02,33536.57,24687.08,0
CLM104853,POL10274,CUS20756,Motor,South,PRV-13,64,2024-10-25,2025-04-28,2025-05-07,,Theft,Rejected,Insufficient Documents,1703.88,16900.67,0.0,0
CLM104854,POL10222,CUS22297,Motor,West,PRV-02,35,2024-04-22,2024-09-01,2024-09-11,2024-11-23,Glass Damage,Settled,,2451.57,27438.89,26396.67,0
CLM104855,POL12767,CUS21697,Motor,Central,PRV-25,40,2024-01-13,2024-06-28,2024-07-08,2024-08-07,Glass Damage,Settled,,6852.63,71899.36,43393.67,0
CLM104856,POL13383,CUS21123,Health,West,PRV-28,36,2024-08-04,2025-05-16,2025-05-18,,Diagnostic,Pending,,800.0,23988.31,0.0,2
CLM104857,POL12526,CUS22508,Health,Central,PRV-26,48,2024-12-26,2025-07-03,2025-07-10,,Surgery,Pending,,2925.96,21850.92,0.0,0
CLM104858,POL11048,CUS21267,Health,North,PRV-20,40,2025-03-23,2026-01-03,2026-01-06,2026-02-21,Diagnostic,Settled,,1502.76,40580.89,28861.89,1
CLM104859,POL13029,CUS21003,Health,North,PRV-27,61,2024-07-14,2025-04-30,2025-05-10,2025-05-18,Surgery,Settled,,2251.65,36909.19,29098.48,0
CLM104860,POL10236,CUS21852,Motor,East,PRV-28,60,2024-11-01,2025-05-05,2025-05-05,2025-05-09,Theft,Settled,,10527.03,69938.82,60654.37,0
CLM104861,POL13312,CUS22652,Health,West,PRV-17,36,2024-04-23,2025-02-15,2025-02-20,2025-03-13,Surgery,Settled,,4635.43,26097.06,25805.99,1
CLM104862,POL13567,CUS23024,Motor,East,PRV-17,59,2025-03-28,2025-06-11,2025-06-15,,Collision,Rejected,Suspected Misrepresentation,5510.07,30830.44,0.0,0
CLM104863,POL12873,CUS22204,Travel,Central,PRV-10,64,2024-04-14,2024-09-17,2024-09-27,2024-11-06,Medical,Settled,,2332.61,19629.08,15393.14,0
CLM104864,POL13517,CUS22316,Motor,East,PRV-19,24,2025-06-17,2025-07-10,2025-07-13,2025-07-31,Third Party,Settled,,4833.15,70134.91,48434.45,2
CLM104865,POL12344,CUS22756,Health,East,PRV-30,27,2024-04-21,2024-05-19,2024-05-29,,Emergency,Approved,,5471.7,35250.1,27904.98,1
CLM104866,POL11873,CUS20942,Motor,East,PRV-28,21,2025-02-15,2025-03-27,2025-04-01,,Theft,Rejected,Policy Exclusion,3596.77,28199.17,0.0,2
CLM104867,POL11289,CUS20878,Home,Central,PRV-26,73,2024-07-24,2024-09-03,2024-09-11,,Fire,Approved,,3928.18,22077.19,16707.36,1
CLM104868,POL13686,CUS21693,Motor,Central,PRV-10,28,2025-09-09,2026-01-10,2026-01-16,2026-01-19,Third Party,Settled,,2155.08,19179.21,18440.05,1
CLM104869,POL12789,CUS22208,Travel,South,PRV-23,68,2024-06-22,2025-01-24,2025-01-29,2025-03-27,Delay,Settled,,6330.38,58116.45,45412.93,1
CLM104870,POL10761,CUS22260,Motor,East,PRV-11,44,2025-08-11,2026-06-02,2026-06-05,2026-07-30,Third Party,Settled,,2956.02,80833.41,45973.47,1
CLM104871,POL13827,CUS20538,Home,North,PRV-01,36,2025-06-02,2026-03-23,2026-03-26,2026-06-01,Fire,Settled,,4431.27,74902.65,64253.24,2
CLM104872,POL10236,CUS22732,Health,Central,PRV-26,51,2024-10-17,2024-12-10,2024-12-17,2025-01-27,Hospitalization,Settled,,800.0,4631.51,3132.94,0
CLM104873,POL12350,CUS21273,Motor,East,PRV-10,75,2024-11-03,2025-03-14,2025-03-17,2025-05-26,Third Party,Settled,,10503.18,58655.37,37905.08,1
CLM104874,POL10762,CUS23070,Motor,South,PRV-29,44,2024-08-07,2024-12-14,2024-12-24,,Glass Damage,Pending,,3741.6,36919.87,0.0,1
CLM104875,POL12657,CUS22535,Motor,East,PRV-17,21,2024-09-22,2024-10-22,2024-10-23,,Collision,Approved,,800.0,21698.44,13550.63,1
CLM104876,POL11650,CUS23440,Home,Central,PRV-21,65,2024-10-15,2024-10-27,2024-10-29,2024-11-06,Storm,Settled,,7753.17,86213.1,71054.66,1
CLM104877,POL11748,CUS22210,Home,North,PRV-18,60,2024-03-31,2024-07-15,2024-07-15,2024-09-23,Storm,Settled,,2956.82,60408.81,55438.44,0
CLM104878,POL12686,CUS21846,Motor,Central,PRV-13,47,2024-07-19,2025-04-02,2025-04-12,,Collision,Pending,,4620.14,26558.94,0.0,1
CLM104879,POL13024,CUS20657,Motor,North,PRV-28,35,2025-06-27,2025-10-21,2025-10-25,,Collision,Pending,,4873.31,95187.77,0.0,0
CLM104880,POL11520,CUS21395,Motor,South,PRV-04,60,2025-08-29,2025-12-22,2025-12-22,2025-12-30,Collision,Settled,,1351.67,28349.16,22961.06,0
CLM104881,POL13990,CUS23004,Motor,Central,PRV-05,70,2024-02-03,2024-11-27,2024-11-27,,Third Party,Approved,,10861.22,110082.43,92303.82,2
CLM104882,POL11993,CUS21337,Health,West,PRV-19,75,2025-03-30,2025-07-21,2025-08-01,2025-08-04,Hospitalization,Settled,,5082.47,45669.96,45093.07,0
CLM104883,POL10641,CUS20186,Motor,South,PRV-30,32,2024-05-28,2024-12-20,2024-12-30,2025-01-28,Glass Damage,Settled,,4505.76,32746.59,31108.28,1
CLM104884,POL10025,CUS20857,Motor,North,PRV-25,56,2025-02-09,2025-11-30,2025-12-03,2025-11-30,Collision,Settled,,949.37,11143.2,7176.9,0
CLM104885,POL10809,CUS22083,Home,North,PRV-22,47,2025-01-20,2025-02-25,2025-03-04,2025-03-19,Theft,Settled,,6997.61,42526.22,33833.82,1
CLM104886,,CUS22201,Home,South,PRV-04,53,2025-06-28,2025-11-28,2025-12-01,,Storm,Approved,,7403.59,61804.54,38382.41,2
CLM104887,POL12157,CUS23443,Home,West,PRV-02,24,2025-03-11,2025-06-20,2025-06-30,2025-09-03,Fire,Settled,,3026.36,81592.71,47079.39,0
CLM104888,POL11351,CUS23268,Motor,East,PRV-09,62,2025-05-25,2025-06-30,2025-07-08,,Theft,Pending,,2424.01,69011.03,0.0,0
CLM104889,POL11925,CUS21860,Travel,North,PRV-22,51,2025-05-11,2025-05-26,2025-05-31,,Delay,Pending,,926.35,9234.36,0.0,1
CLM104890,POL13352,CUS21940,Health,Central,PRV-04,47,2025-02-05,2025-08-18,2025-08-29,2025-10-02,Hospitalization,Settled,,1912.25,19937.11,16083.46,2
CLM104891,POL12286,CUS22802,Health,East,PRV-11,37,2024-09-11,2025-03-26,2025-03-28,2025-04-14,Surgery,Settled,,4668.29,47705.73,40004.27,0
CLM104892,POL10232,CUS20170,Motor,West,PRV-11,71,2024-07-27,2025-01-12,2025-01-23,2025-04-02,Theft,Settled,,800.0,6927.98,5012.52,1
CLM104893,POL10196,CUS22083,Home,South,PRV-05,65,2024-08-02,2025-02-20,2025-02-23,2025-04-25,Fire,Settled,,4547.63,119703.19,112552.12,2
CLM104894,POL11928,CUS21659,Health,North,PRV-18,54,2024-08-10,2025-03-13,2025-03-23,2025-04-23,Surgery,Settled,,1050.23,26849.65,24937.6,0
CLM104895,POL11617,CUS22740,Home,South,PRV-08,55,2024-06-27,2024-07-15,2024-07-25,2024-09-27,Water Damage,Settled,,18203.55,129942.5,113637.11,2
CLM104896,POL13402,CUS22801,Health,North,PRV-04,70,2024-07-11,2024-07-22,2024-07-28,,Surgery,Approved,,17051.85,141840.35,100399.52,1
CLM104897,POL12331,CUS22294,Home,Central,PRV-13,60,2024-12-18,2025-03-29,2025-03-30,,Storm,Approved,,5611.23,111180.26,73265.95,1
CLM104898,POL13027,CUS22300,Health,Central,PRV-15,46,2024-06-16,2024-12-03,2024-12-12,,Hospitalization,Approved,,4183.7,44202.41,26619.93,0
CLM104899,POL12340,CUS22418,Travel,North,PRV-07,40,2024-08-04,2025-05-01,2025-05-09,2025-06-09,Trip Cancellation,Settled,,800.0,3562.71,2361.03,1
CLM104900,POL11381,CUS22030,Motor,North,PRV-01,31,2025-03-15,2026-01-02,2026-01-12,2026-03-22,Collision,Settled,,1470.61,36427.49,35757.17,0
CLM104901,POL12629,CUS20797,Motor,West,PRV-03,59,2024-07-22,2025-03-27,2025-03-29,2025-04-16,Glass Damage,Settled,,2873.89,49233.49,36331.76,0
CLM104902,POL12485,CUS20995,Health,North,PRV-25,66,2024-03-07,2024-06-03,2024-06-05,,Diagnostic,Approved,,2933.82,33172.23,24450.17,2
CLM104903,POL12880,CUS22596,Health,Central,,30,2024-01-11,2024-07-01,2024-07-05,2024-09-01,Diagnostic,Settled,,3111.51,47586.9,36252.37,1
CLM104904,POL10756,CUS22164,Health,North,PRV-21,28,2025-04-19,2025-05-24,2025-05-28,2025-06-23,Hospitalization,Settled,,2030.74,37760.22,31778.96,0
CLM104905,POL12566,CUS20832,Health,South,PRV-09,46,2025-08-10,2026-01-02,2026-01-02,,Surgery,Approved,,25708.59,146071.42,140812.87,1
CLM104906,POL11141,CUS23072,Health,North,PRV-20,73,2025-02-27,2025-03-29,2025-03-30,2025-04-30,Hospitalization,Settled,,3545.75,24459.3,14708.85,1
CLM104907,POL13160,CUS23432,Home,South,PRV-28,49,2024-02-07,2024-11-30,2024-12-05,2025-01-13,Water Damage,Settled,,7057.16,50633.92,46539.06,1
CLM104908,POL13194,CUS22191,Motor,South,PRV-26,71,2024-12-15,2025-04-29,2025-05-10,2025-07-23,Glass Damage,Settled,,4650.98,27383.51,20592.98,0
CLM104909,POL12499,CUS20797,Home,North,PRV-22,36,2024-06-16,2025-01-18,2025-01-19,2025-03-16,Theft,Settled,,10613.34,182810.19,123145.35,1
CLM104910,POL13786,CUS23283,Motor,Central,PRV-05,40,2024-07-17,2024-08-18,2024-08-20,2024-10-28,Collision,Settled,,18603.11,113808.88,90447.93,0
CLM104911,POL12150,CUS20828,Health,Central,PRV-14,43,2025-07-25,2026-05-06,2026-05-16,,Surgery,Rejected,Suspected Misrepresentation,21957.49,123773.11,0.0,0
CLM104912,POL10100,CUS21513,Home,East,PRV-30,68,2025-05-26,2025-10-30,2025-10-30,,Storm,Approved,,8416.54,71358.31,43530.09,1
CLM104913,POL12424,CUS23005,Motor,West,PRV-24,68,2025-03-31,2025-04-22,2025-04-23,,Collision,Approved,,4487.17,27115.18,16096.93,1
CLM104914,POL13110,CUS21822,Motor,Central,PRV-02,70,2024-11-06,2025-02-25,2025-03-07,2025-05-04,Glass Damage,Settled,,3272.06,21467.66,17863.13,0
CLM104915,POL10404,CUS20850,Motor,North,PRV-27,45,2024-12-24,2025-02-26,2025-03-01,,Theft,Rejected,Coverage Limit,16169.24,208144.57,0.0,1
CLM104916,POL10418,CUS20280,Health,West,PRV-14,39,2025-07-21,2025-08-11,2025-08-14,,Surgery,Pending,,1752.03,21941.11,0.0,0
CLM104917,POL11092,CUS21263,Health,South,PRV-05,62,2025-02-13,2025-02-23,2025-02-23,2025-05-08,Emergency,Settled,,4104.68,31244.65,22146.54,1
CLM104918,POL13376,CUS22352,Motor,South,,69,2024-12-24,2025-07-25,2025-07-29,,Third Party,Approved,,6443.79,57115.42,45700.04,1
CLM104919,POL12109,CUS22501,Home,East,PRV-13,48,2024-03-01,2024-11-16,2024-11-27,,Water Damage,Pending,,4038.84,46031.33,0.0,2
CLM104920,POL13905,CUS20780,Motor,East,PRV-28,56,2025-09-09,2026-03-26,2026-04-06,2026-05-16,Collision,Settled,,1145.64,30914.94,29856.02,0
CLM104921,POL13491,CUS20555,Health,Central,PRV-19,18,2025-05-16,2025-12-10,2025-12-17,2026-01-03,Hospitalization,Settled,,1584.94,47393.32,31020.35,0
CLM104922,POL12219,CUS22455,Health,South,PRV-15,36,2024-08-14,2024-08-26,2024-09-03,2024-10-16,Surgery,Settled,,4372.75,97828.36,57991.18,0
CLM104923,POL12716,CUS20556,Motor,West,PRV-16,64,2024-06-04,2024-07-28,2024-08-04,,Collision,Pending,,5919.96,65326.25,0.0,1
CLM104924,POL11324,CUS20224,Motor,Central,PRV-09,44,2025-08-23,2025-09-03,2025-09-11,,Glass Damage,Approved,,1666.47,48853.63,30703.5,0
CLM104925,POL10361,CUS21702,Travel,East,PRV-01,74,2025-08-15,2026-06-03,2026-06-09,2026-08-22,Medical,Settled,,800.0,1621.12,1475.99,1
CLM104926,POL11594,CUS21998,Health,Central,PRV-14,71,2024-09-17,2025-04-26,2025-04-28,2025-06-24,Diagnostic,Settled,,16169.43,92285.46,62419.32,0
CLM104927,POL12369,CUS20852,Motor,East,PRV-06,69,2024-05-23,2025-03-05,2025-03-15,2025-05-28,Glass Damage,Settled,,9832.24,100753.83,62237.14,0
CLM104928,POL10728,CUS20739,Home,South,PRV-29,55,2025-05-09,2026-02-04,2026-02-14,,Water Damage,Rejected,Coverage Limit,8984.18,52851.94,0.0,0
CLM104929,POL10886,CUS20824,Health,Central,PRV-08,66,2025-01-22,2025-03-31,2025-04-01,2025-05-31,Diagnostic,Settled,,5161.9,88246.77,56815.81,1
CLM104930,POL10059,CUS21199,Motor,South,PRV-07,55,2025-07-12,2025-12-12,2025-12-13,2026-01-25,Collision,Settled,,4283.75,51131.41,28325.65,0
CLM104931,POL12936,CUS20032,Health,South,,41,2024-12-04,2025-06-16,2025-06-25,2025-08-01,Diagnostic,Settled,,9057.72,69311.4,63752.15,1
CLM104932,POL13597,CUS20041,Health,West,PRV-11,60,2024-12-08,2025-07-18,2025-07-18,,Emergency,Approved,,21160.33,118558.01,70212.11,0
CLM104933,POL13309,CUS21296,Motor,West,PRV-19,43,2024-03-29,2024-10-15,2024-10-24,,Glass Damage,Rejected,Coverage Limit,3797.06,28131.34,0.0,1
CLM104934,POL11519,CUS20069,Home,West,PRV-01,61,2025-01-08,2025-05-24,2025-06-04,,Fire,Pending,,29264.99,177008.45,0.0,0
CLM104935,POL12373,CUS21113,Motor,East,PRV-30,44,2024-08-13,2024-08-15,2024-08-15,2024-10-07,Theft,Settled,,1009.07,27003.68,16589.58,2
CLM104936,POL13843,CUS22033,Motor,West,PRV-07,37,2024-05-07,2025-02-12,2025-02-21,2025-04-02,Third Party,Settled,,3643.45,48210.63,27279.08,0
CLM104937,POL12365,CUS20109,Motor,West,PRV-20,42,2025-04-29,2025-11-21,2025-11-22,,Glass Damage,Rejected,Coverage Limit,7659.18,47156.92,0.0,1
CLM104938,POL11183,CUS22162,Home,South,PRV-27,67,2024-08-02,2025-04-10,2025-04-13,2025-04-28,Water Damage,Settled,,1445.44,13324.15,9891.6,0
CLM104939,POL11354,CUS22174,Health,West,PRV-02,43,2024-05-11,2024-07-17,2024-07-23,2024-08-05,Emergency,Settled,,800.0,9208.26,9030.45,0
CLM104939,POL12908,CUS22006,Travel,East,PRV-15,52,2025-08-18,2025-09-19,2025-09-27,,Medical,Approved,,800.0,11705.52,10256.66,0
CLM104941,POL11785,CUS22193,Motor,South,PRV-18,64,2025-08-19,2026-05-16,2026-05-17,2026-06-17,Third Party,Settled,,4347.57,30233.79,26353.48,0
CLM104942,POL13349,CUS22832,Home,North,PRV-03,74,2024-11-02,2025-07-01,2025-07-02,2025-08-05,Water Damage,Settled,,3374.57,62848.5,53507.36,1
CLM104943,POL13456,CUS20247,Health,West,PRV-20,64,2024-07-02,2025-03-10,2025-03-13,2025-04-11,Diagnostic,Settled,,4748.53,45375.14,40660.8,2
CLM104944,POL10143,CUS20590,Motor,South,PRV-25,50,2024-04-10,2024-08-20,2024-08-28,2024-10-22,Third Party,Settled,,1094.34,19134.01,15082.35,0
CLM104945,POL12893,CUS21109,Motor,West,PRV-04,35,2025-01-23,2025-10-21,2025-10-25,2025-11-30,Theft,Settled,,2373.2,38750.7,38499.64,0
CLM104946,POL11479,CUS22408,Home,South,PRV-26,29,2025-01-13,2025-03-22,2025-03-25,,Storm,Approved,,4674.95,52180.06,42969.14,1
CLM104947,POL12079,CUS23054,Motor,East,PRV-15,52,2025-01-18,2025-09-02,2025-09-03,,Glass Damage,Pending,,800.0,9576.45,0.0,0
CLM104948,POL11059,CUS23215,Health,North,PRV-30,22,2025-04-21,2025-09-16,2025-09-27,,Emergency,Pending,,4982.63,38655.15,0.0,0
CLM104949,POL11472,CUS22037,Health,North,PRV-09,65,2024-10-18,2024-12-07,2024-12-15,,Hospitalization,Approved,,2526.99,46013.61,40933.39,1
CLM104950,POL11321,CUS21435,Motor,West,PRV-02,57,2025-02-27,2025-09-30,2025-10-11,2025-11-29,Theft,Settled,,13283.68,93021.66,66058.81,1
CLM104951,POL10201,CUS21441,Travel,South,PRV-20,52,2025-02-10,2025-05-29,2025-06-03,2025-07-30,Lost Baggage,Settled,,930.14,8596.81,7721.64,0
CLM104952,POL13131,CUS20209,Home,West,PRV-14,50,2025-05-08,2025-06-25,2025-07-04,2025-09-08,Storm,Settled,,5806.49,70833.11,65971.12,1
CLM104953,POL10572,CUS21627,Health,South,PRV-20,66,2025-04-06,2025-11-04,2025-11-11,2026-01-15,Surgery,Settled,,6697.26,54834.35,30708.91,1
CLM104954,POL11503,CUS21794,Health,West,PRV-27,68,2024-01-23,2024-09-10,2024-09-16,,Diagnostic,Rejected,Late Notification,16187.17,177601.33,0.0,0
CLM104955,POL10772,CUS20728,Health,North,PRV-26,70,2025-01-18,2025-04-25,2025-04-30,,Diagnostic,Rejected,Coverage Limit,1090.38,25731.95,0.0,0
CLM104956,POL10642,CUS22687,Home,South,PRV-04,67,2025-08-27,2026-06-13,2026-06-19,,Fire,Approved,,2063.68,27023.55,16418.85,0
CLM104957,POL11493,CUS22841,Motor,Central,PRV-03,60,2024-12-13,2025-07-14,2025-07-18,2025-08-11,Glass Damage,Settled,,3357.07,30883.58,27330.04,1
CLM104958,POL13675,CUS21057,Health,West,PRV-11,39,2024-11-24,2024-12-01,2024-12-08,,Surgery,Approved,,1802.65,39499.69,27470.02,2
CLM104959,POL13776,CUS23199,Motor,North,PRV-04,66,2025-01-11,2025-04-22,2025-04-27,,Third Party,Approved,,6807.01,48672.79,37926.38,0
CLM104960,POL11526,CUS20374,Health,North,PRV-28,75,2024-12-13,2025-10-01,2025-10-12,,Surgery,Approved,,4098.35,49100.7,46971.24,0
CLM104961,POL12020,CUS23187,Health,Central,PRV-17,63,2024-09-06,2024-10-30,2024-11-09,,Hospitalization,Pending,,2270.21,37389.35,0.0,2
CLM104962,POL13942,CUS22688,Motor,Central,PRV-03,67,2025-09-08,2026-06-21,2026-06-26,,Theft,Pending,,2741.8,87856.7,0.0,0
CLM104963,POL10939,CUS20783,Travel,South,PRV-17,55,2024-02-13,2024-07-17,2024-07-21,,Lost Baggage,Pending,,800.0,5767.32,0.0,0
CLM104964,POL13778,CUS22275,Motor,Central,PRV-22,22,2025-05-19,2025-12-07,2025-12-16,2026-01-31,Theft,Settled,,2647.3,40360.05,26246.19,1
CLM104965,POL10423,CUS21087,Motor,East,PRV-24,69,2024-04-09,2024-11-01,2024-11-08,,Glass Damage,Pending,,4328.56,50897.03,0.0,1
CLM104966,POL10903,CUS22799,Motor,South,PRV-29,37,2024-05-08,2024-10-08,2024-10-10,,Glass Damage,Approved,,6682.47,126093.02,104452.23,0
CLM104967,POL11353,CUS20562,Health,Central,PRV-19,51,2025-01-11,2025-06-15,2025-06-25,2025-08-01,Diagnostic,Settled,,12859.67,115077.89,107886.2,0
CLM104968,POL10148,CUS20857,Motor,South,PRV-19,55,2025-01-30,2025-07-19,2025-07-27,,Glass Damage,Approved,,800.0,10883.18,9411.87,0
CLM104969,POL13262,CUS21075,Health,North,PRV-02,65,2025-07-28,2026-02-05,2026-02-12,,Emergency,Approved,,31324.89,180860.11,141746.7,0
CLM104970,POL13421,CUS20698,Home,Central,PRV-27,20,2024-07-01,2025-02-07,2025-02-16,2025-04-10,Theft,Settled,,12315.73,107354.81,65969.16,1
CLM104971,POL11533,CUS21164,Motor,South,PRV-24,21,2024-01-16,2024-05-26,2024-05-28,,Glass Damage,Rejected,Suspected Misrepresentation,3061.51,20479.27,0.0,1
CLM104972,POL13345,CUS22109,Travel,Central,PRV-24,34,2024-06-07,2024-10-16,2024-10-25,2024-12-06,Lost Baggage,Settled,,800.0,6694.19,4524.9,1
CLM104973,POL13090,CUS22215,Motor,East,PRV-30,45,2024-12-03,2025-07-24,2025-07-25,2025-07-28,Glass Damage,Settled,,2171.95,35762.68,35170.92,1
CLM104974,POL13205,CUS21938,Health,South,PRV-25,50,2024-08-09,2025-03-24,2025-04-02,2025-04-27,Hospitalization,Settled,,25097.84,257589.91,195217.05,0
CLM104975,POL13210,CUS20663,Motor,North,PRV-13,26,2024-06-05,2024-12-17,2024-12-24,,Theft,Pending,,3890.2,42354.78,0.0,1
CLM104976,POL12293,CUS20708,Health,Central,PRV-19,73,2025-07-20,2025-12-05,2025-12-11,2026-01-12,Emergency,Settled,,6886.21,55736.74,30979.41,1
CLM104977,POL10443,CUS23217,Home,Central,PRV-27,64,2024-12-14,2025-06-04,2025-06-12,2025-07-19,Water Damage,Settled,,13962.8,83813.81,63920.57,1
CLM104978,POL13693,CUS20879,Motor,Central,PRV-03,68,2025-02-20,2025-08-10,2025-08-13,2025-10-22,Collision,Settled,,3371.01,51400.15,33980.16,0
CLM104979,POL12434,CUS20360,Motor,West,PRV-05,38,2025-04-09,2025-08-18,2025-08-27,,Glass Damage,Rejected,Insufficient Documents,4515.11,101503.71,0.0,2
CLM104980,POL13605,CUS21588,Motor,North,PRV-12,20,2024-09-10,2024-11-03,2024-11-03,2024-12-07,Third Party,Settled,,8645.28,62968.8,40262.44,2
CLM104981,POL13836,CUS20024,Motor,East,PRV-20,59,2025-03-31,2025-09-08,2025-09-16,2025-11-12,Glass Damage,Settled,,869.75,28934.92,16561.54,1
CLM104982,POL10748,CUS21199,Travel,Central,PRV-26,63,2025-08-20,2025-12-31,2026-01-09,,Medical,Approved,,800.0,5330.7,3320.53,0
CLM104983,POL11608,CUS22992,Health,West,PRV-10,18,2025-03-25,2025-04-10,2025-04-10,,Hospitalization,Approved,,9113.41,65477.83,37871.13,0
CLM104984,POL10769,CUS20935,Health,South,PRV-07,26,2024-07-03,2025-04-15,2025-04-23,2025-05-08,Diagnostic,Settled,,6892.31,44792.88,30993.28,0
CLM104985,POL10203,CUS22463,Travel,North,PRV-06,43,2025-04-27,2025-11-13,2025-11-22,2026-01-10,Medical,Settled,,800.0,12104.83,12081.48,2
CLM104986,POL13865,CUS21714,Home,Central,PRV-10,71,2024-05-26,2024-06-30,2024-07-06,2024-07-16,Theft,Settled,,7813.08,129021.34,124988.68,1
CLM104987,POL13693,CUS21243,Home,Central,PRV-02,24,2024-02-15,2024-04-17,2024-04-24,2024-06-18,Water Damage,Settled,,4969.33,44074.79,35585.02,0
CLM104988,POL13726,CUS22315,Motor,South,,56,2024-10-02,2025-03-22,2025-03-22,,Collision,Approved,,2637.26,33343.11,30807.76,1
CLM104989,POL13534,CUS22084,Motor,South,PRV-26,70,2024-11-11,2025-07-27,2025-08-07,,Glass Damage,Rejected,Suspected Misrepresentation,3272.39,20859.92,0.0,1
CLM104990,POL12595,CUS21113,Motor,East,PRV-13,26,2024-10-18,2025-03-13,2025-03-24,2025-04-17,Collision,Settled,,889.62,9008.72,8566.9,0
CLM104991,POL12088,CUS20782,Motor,Central,PRV-15,74,2024-06-11,2025-02-09,2025-02-18,2025-04-17,Glass Damage,Settled,,2184.31,23133.25,14910.63,0
CLM104992,POL13965,CUS23208,Motor,East,PRV-25,75,2024-06-18,2024-07-27,2024-07-27,2024-07-30,Collision,Settled,,2385.54,41334.7,30233.29,1
CLM104993,POL12209,CUS20589,Motor,North,PRV-01,45,2025-07-25,2025-12-30,2026-01-04,,Third Party,Pending,,8406.29,73543.34,0.0,0
CLM104994,POL12569,CUS23358,Motor,West,PRV-30,24,2024-06-29,2025-03-04,2025-03-13,2025-04-17,Glass Damage,Settled,,4989.26,60924.67,59186.44,0
CLM104995,POL10846,CUS21649,Health,West,PRV-07,63,2025-04-30,2026-01-09,2026-01-17,2026-03-05,Hospitalization,Settled,,8449.37,86589.53,60801.46,1
CLM104996,POL12986,CUS23488,Motor,Central,PRV-04,29,2024-06-08,2024-08-19,2024-08-29,,Glass Damage,Pending,,1649.94,23339.1,0.0,0
CLM104997,POL13277,CUS21236,Motor,West,PRV-18,37,2024-03-07,2024-09-24,2024-10-01,2024-11-17,Theft,Settled,,3919.9,32308.38,20994.81,0
CLM104998,POL12714,CUS21979,Motor,North,PRV-01,22,2024-02-09,2024-02-21,2024-02-29,,Third Party,Approved,,3000.34,19268.86,14707.43,1
CLM104999,POL11994,CUS22153,Health,West,PRV-14,37,2024-05-30,2024-07-12,2024-07-16,,Emergency,Approved,,800.0,16324.21,12681.17,1
